BEGIN TRANSACTION;
CREATE TABLE languages (
	id INT NOT NULL, 
	iso639 VARCHAR(79) NOT NULL, 
	iso3166 VARCHAR(79) NOT NULL, 
	identifier VARCHAR(79) NOT NULL, 
	official BIT NOT NULL, 
	[order] INT, 
	PRIMARY KEY (id), 
	CHECK (official IN (0, 1))
);
INSERT INTO [languages] (id,iso639,iso3166,identifier,official,[order]) VALUES (1,'ja','jp','ja',1,1),
 (2,'ja','jp','roomaji',1,3),
 (3,'ko','kr','ko',1,4),
 (4,'zh','cn','zh',1,5),
 (5,'fr','fr','fr',1,7),
 (6,'de','de','de',1,8),
 (7,'es','es','es',1,9),
 (8,'it','it','it',1,10),
 (9,'en','us','en',1,6),
 (10,'cs','cz','cs',0,11),
 (11,'ja','jp','ja-kanji',1,2);
--GO
--DROP TABLE IF EXISTS regions;
CREATE TABLE regions (
	id INT NOT NULL, 
	identifier VARCHAR(79) NOT NULL, 
	PRIMARY KEY (id)
);
INSERT INTO [regions] (id,identifier) VALUES (0,'unity'),
 (1,'kanto'),
 (2,'johto'),
 (3,'hoenn'),
 (4,'sinnoh'),
 (5,'unova'),
 (6,'kalos');
--GO
--DROP TABLE IF EXISTS pokedexes;
CREATE TABLE pokedexes (
	id INT NOT NULL, 
	region_id INT, 
	identifier VARCHAR(79) NOT NULL, 
	is_main_series BIT NOT NULL, 
	PRIMARY KEY (id), 
	FOREIGN KEY(region_id) REFERENCES regions (id) ON UPDATE CASCADE ON DELETE NO ACTION, 
	CHECK (is_main_series IN (0, 1))
);
INSERT INTO [pokedexes] (id,region_id,identifier,is_main_series) VALUES (0,0,'poke-unity',0),
 (1,NULL,'national',1),
 (2,1,'kanto',1),
 (3,2,'original-johto',1),
 (4,3,'hoenn',1),
 (5,4,'original-sinnoh',1),
 (6,4,'extended-sinnoh',1),
 (7,2,'updated-johto',1),
 (8,5,'original-unova',1),
 (9,5,'updated-unova',1),
 --(11,NULL,'conquest-gallery',0),
 (12,6,'kalos-central',1),
 (13,6,'kalos-coastal',1),
 (14,6,'kalos-mountain',1),
 (15,3,'updated-hoenn',1);
--GO
--DROP TABLE IF EXISTS generations;
CREATE TABLE generations (
	id INT NOT NULL, 
	main_region_id INT NOT NULL, 
	identifier VARCHAR(79) NOT NULL, 
	PRIMARY KEY (id), 
	FOREIGN KEY(main_region_id) REFERENCES regions (id) ON UPDATE CASCADE ON DELETE NO ACTION
);
INSERT INTO [generations] (id,main_region_id,identifier) VALUES (0,0,'generation-all'),
 (1,1,'generation-i'),
 (2,2,'generation-ii'),
 (3,3,'generation-iii'),
 (4,4,'generation-iv'),
 (5,5,'generation-v'),
 (6,6,'generation-vi');
--GO
--DROP TABLE IF EXISTS generation_names;
CREATE TABLE generation_names (
	generation_id INT NOT NULL, 
	local_language_id INT NOT NULL, 
	[name] VARCHAR(79) NOT NULL, 
	PRIMARY KEY (generation_id, local_language_id), 
	FOREIGN KEY(generation_id) REFERENCES generations (id) ON UPDATE CASCADE ON DELETE NO ACTION, 
	FOREIGN KEY(local_language_id) REFERENCES languages (id) ON UPDATE CASCADE ON DELETE NO ACTION
);
--GO
--DROP TABLE IF EXISTS abilities;
CREATE TABLE abilities (
	id INT NOT NULL, 
	identifier VARCHAR(79) NOT NULL, 
	generation_id INT NOT NULL, 
	is_main_series BIT NOT NULL, 
	PRIMARY KEY (id), 
	FOREIGN KEY(generation_id) REFERENCES generations (id) ON UPDATE CASCADE ON DELETE NO ACTION, 
	CHECK (is_main_series IN (0, 1))
);
INSERT INTO [abilities] (id,identifier,generation_id,is_main_series) VALUES (1,'stench',3,1),
 (2,'drizzle',3,1),
 (3,'speed-boost',3,1),
 (4,'battle-armor',3,1),
 (5,'sturdy',3,1),
 (6,'damp',3,1),
 (7,'limber',3,1),
 (8,'sand-veil',3,1),
 (9,'static',3,1),
 (10,'volt-absorb',3,1),
 (11,'water-absorb',3,1),
 (12,'oblivious',3,1),
 (13,'cloud-nine',3,1),
 (14,'compound-eyes',3,1),
 (15,'insomnia',3,1),
 (16,'color-change',3,1),
 (17,'immunity',3,1),
 (18,'flash-fire',3,1),
 (19,'shield-dust',3,1),
 (20,'own-tempo',3,1),
 (21,'suction-cups',3,1),
 (22,'intimidate',3,1),
 (23,'shadow-tag',3,1),
 (24,'rough-skin',3,1),
 (25,'wonder-guard',3,1),
 (26,'levitate',3,1),
 (27,'effect-spore',3,1),
 (28,'synchronize',3,1),
 (29,'clear-body',3,1),
 (30,'natural-cure',3,1),
 (31,'lightning-rod',3,1),
 (32,'serene-grace',3,1),
 (33,'swift-swim',3,1),
 (34,'chlorophyll',3,1),
 (35,'illuminate',3,1),
 (36,'trace',3,1),
 (37,'huge-power',3,1),
 (38,'poison-point',3,1),
 (39,'inner-focus',3,1),
 (40,'magma-armor',3,1),
 (41,'water-veil',3,1),
 (42,'magnet-pull',3,1),
 (43,'soundproof',3,1),
 (44,'rain-dish',3,1),
 (45,'sand-stream',3,1),
 (46,'pressure',3,1),
 (47,'thick-fat',3,1),
 (48,'early-bird',3,1),
 (49,'flame-body',3,1),
 (50,'run-away',3,1),
 (51,'keen-eye',3,1),
 (52,'hyper-cutter',3,1),
 (53,'pickup',3,1),
 (54,'truant',3,1),
 (55,'hustle',3,1),
 (56,'cute-charm',3,1),
 (57,'plus',3,1),
 (58,'minus',3,1),
 (59,'forecast',3,1),
 (60,'sticky-hold',3,1),
 (61,'shed-skin',3,1),
 (62,'guts',3,1),
 (63,'marvel-scale',3,1),
 (64,'liquid-ooze',3,1),
 (65,'overgrow',3,1),
 (66,'blaze',3,1),
 (67,'torrent',3,1),
 (68,'swarm',3,1),
 (69,'rock-head',3,1),
 (70,'drought',3,1),
 (71,'arena-trap',3,1),
 (72,'vital-spirit',3,1),
 (73,'white-smoke',3,1),
 (74,'pure-power',3,1),
 (75,'shell-armor',3,1),
 (76,'air-lock',3,1),
 (77,'tangled-feet',4,1),
 (78,'motor-drive',4,1),
 (79,'rivalry',4,1),
 (80,'steadfast',4,1),
 (81,'snow-cloak',4,1),
 (82,'gluttony',4,1),
 (83,'anger-point',4,1),
 (84,'unburden',4,1),
 (85,'heatproof',4,1),
 (86,'simple',4,1),
 (87,'dry-skin',4,1),
 (88,'download',4,1),
 (89,'iron-fist',4,1),
 (90,'poison-heal',4,1),
 (91,'adaptability',4,1),
 (92,'skill-link',4,1),
 (93,'hydration',4,1),
 (94,'solar-power',4,1),
 (95,'quick-feet',4,1),
 (96,'normalize',4,1),
 (97,'sniper',4,1),
 (98,'magic-guard',4,1),
 (99,'no-guard',4,1),
 (100,'stall',4,1),
 (101,'technician',4,1),
 (102,'leaf-guard',4,1),
 (103,'klutz',4,1),
 (104,'mold-breaker',4,1),
 (105,'super-luck',4,1),
 (106,'aftermath',4,1),
 (107,'anticipation',4,1),
 (108,'forewarn',4,1),
 (109,'unaware',4,1),
 (110,'tinted-lens',4,1),
 (111,'filter',4,1),
 (112,'slow-start',4,1),
 (113,'scrappy',4,1),
 (114,'storm-drain',4,1),
 (115,'ice-body',4,1),
 (116,'solid-rock',4,1),
 (117,'snow-warning',4,1),
 (118,'honey-gather',4,1),
 (119,'frisk',4,1),
 (120,'reckless',4,1),
 (121,'multitype',4,1),
 (122,'flower-gift',4,1),
 (123,'bad-dreams',4,1),
 (124,'pickpocket',5,1),
 (125,'sheer-force',5,1),
 (126,'contrary',5,1),
 (127,'unnerve',5,1),
 (128,'defiant',5,1),
 (129,'defeatist',5,1),
 (130,'cursed-body',5,1),
 (131,'healer',5,1),
 (132,'friend-guard',5,1),
 (133,'weak-armor',5,1),
 (134,'heavy-metal',5,1),
 (135,'light-metal',5,1),
 (136,'multiscale',5,1),
 (137,'toxic-boost',5,1),
 (138,'flare-boost',5,1),
 (139,'harvest',5,1),
 (140,'telepathy',5,1),
 (141,'moody',5,1),
 (142,'overcoat',5,1),
 (143,'poison-touch',5,1),
 (144,'regenerator',5,1),
 (145,'big-pecks',5,1),
 (146,'sand-rush',5,1),
 (147,'wonder-skin',5,1),
 (148,'analytic',5,1),
 (149,'illusion',5,1),
 (150,'imposter',5,1),
 (151,'infiltrator',5,1),
 (152,'mummy',5,1),
 (153,'moxie',5,1),
 (154,'justified',5,1),
 (155,'rattled',5,1),
 (156,'magic-bounce',5,1),
 (157,'sap-sipper',5,1),
 (158,'prankster',5,1),
 (159,'sand-force',5,1),
 (160,'iron-barbs',5,1),
 (161,'zen-mode',5,1),
 (162,'victory-star',5,1),
 (163,'turboblaze',5,1),
 (164,'teravolt',5,1),
 (165,'aroma-veil',6,1),
 (166,'flower-veil',6,1),
 (167,'cheek-pouch',6,1),
 (168,'protean',6,1),
 (169,'fur-coat',6,1),
 (170,'magician',6,1),
 (171,'bulletproof',6,1),
 (172,'competitive',6,1),
 (173,'strong-jaw',6,1),
 (174,'refrigerate',6,1),
 (175,'sweet-veil',6,1),
 (176,'stance-change',6,1),
 (177,'gale-wings',6,1),
 (178,'mega-launcher',6,1),
 (179,'grass-pelt',6,1),
 (180,'symbiosis',6,1),
 (181,'tough-claws',6,1),
 (182,'pixilate',6,1),
 (183,'gooey',6,1),
 (184,'aerilate',6,1),
 (185,'parental-bond',6,1),
 (186,'dark-aura',6,1),
 (187,'fairy-aura',6,1),
 (188,'aura-break',6,1),
 (189,'primordial-sea',6,1),
 (190,'desolate-land',6,1),
 (191,'delta-stream',6,1),
 (10001,'mountaineer',5,0),
 (10002,'wave-rider',5,0),
 (10003,'skater',5,0),
 (10004,'thrust',5,0),
 (10005,'perception',5,0),
 (10006,'parry',5,0),
 (10007,'instinct',5,0),
 (10008,'dodge',5,0),
 (10009,'jagged-edge',5,0),
 (10010,'frostbite',5,0),
 (10011,'tenacity',5,0),
 (10012,'pride',5,0),
 (10013,'deep-sleep',5,0),
 (10014,'power-nap',5,0),
 (10015,'spirit',5,0),
 (10016,'warm-blanket',5,0),
 (10017,'gulp',5,0),
 (10018,'herbivore',5,0),
 (10019,'sandpit',5,0),
 (10020,'hot-blooded',5,0),
 (10021,'medic',5,0),
 (10022,'life-force',5,0),
 (10023,'lunchbox',5,0),
 (10024,'nurse',5,0),
 (10025,'melee',5,0),
 (10026,'sponge',5,0),
 (10027,'bodyguard',5,0),
 (10028,'hero',5,0),
 (10029,'last-bastion',5,0),
 (10030,'stealth',5,0),
 (10031,'vanguard',5,0),
 (10032,'nomad',5,0),
 (10033,'sequence',5,0),
 (10034,'grass-cloak',5,0),
 (10035,'celebrate',5,0),
 (10036,'lullaby',5,0),
 (10037,'calming',5,0),
 (10038,'daze',5,0),
 (10039,'frighten',5,0),
 (10040,'interference',5,0),
 (10041,'mood-maker',5,0),
 (10042,'confidence',5,0),
 (10043,'fortune',5,0),
 (10044,'bonanza',5,0),
 (10045,'explode',5,0),
 (10046,'omnipotent',5,0),
 (10047,'share',5,0),
 (10048,'black-hole',5,0),
 (10049,'shadow-dash',5,0),
 (10050,'sprint',5,0),
 (10051,'disgust',5,0),
 (10052,'high-rise',5,0),
 (10053,'climber',5,0),
 (10054,'flame-boost',5,0),
 (10055,'aqua-boost',5,0),
 (10056,'run-up',5,0),
 (10057,'conqueror',5,0),
 (10058,'shackle',5,0),
 (10059,'decoy',5,0),
 (10060,'shield',5,0);
--GO
--DROP TABLE IF EXISTS version_groups;
CREATE TABLE version_groups (
	id INT NOT NULL, 
	identifier VARCHAR(95) NOT NULL, 
	generation_id INT NOT NULL, 
	[order] INT, 
	PRIMARY KEY (id), 
	UNIQUE (identifier), 
	FOREIGN KEY(generation_id) REFERENCES generations (id) ON UPDATE CASCADE ON DELETE NO ACTION
);
INSERT INTO [version_groups] (id,identifier,generation_id,[order]) VALUES (0,'pokemon-unity',0,0),
 (1,'red-blue',1,1),
 (2,'yellow',1,2),
 (3,'gold-silver',2,3),
 (4,'crystal',2,4),
 (5,'ruby-sapphire',3,5),
 (6,'emerald',3,6),
 (7,'firered-leafgreen',3,9),
 (8,'diamond-pearl',4,10),
 (9,'platinum',4,11),
 (10,'heartgold-soulsilver',4,12),
 (11,'black-white',5,13),
 (12,'colosseum',3,7),
 (13,'xd',3,8),
 (14,'black-2-white-2',5,14),
 (15,'x-y',6,15),
 (16,'omega-ruby-alpha-sapphire',6,16);
--GO
--DROP TABLE IF EXISTS versions;
CREATE TABLE versions (
	id INT NOT NULL, 
	version_group_id INT NOT NULL, 
	identifier VARCHAR(95) NOT NULL, 
	PRIMARY KEY (id), 
	FOREIGN KEY(version_group_id) REFERENCES version_groups (id) ON UPDATE CASCADE ON DELETE NO ACTION
);
INSERT INTO [versions] (id,version_group_id,identifier) VALUES (0,0,'poke-unity'),
 (1,1,'red'),
 (2,1,'blue'),
 (3,2,'yellow'),
 (4,3,'gold'),
 (5,3,'silver'),
 (6,4,'crystal'),
 (7,5,'ruby'),
 (8,5,'sapphire'),
 (9,6,'emerald'),
 (10,7,'firered'),
 (11,7,'leafgreen'),
 (12,8,'diamond'),
 (13,8,'pearl'),
 (14,9,'platinum'),
 (15,10,'heartgold'),
 (16,10,'soulsilver'),
 (17,11,'black'),
 (18,11,'white'),
 (19,12,'colosseum'),
 (20,13,'xd'),
 (21,14,'black-2'),
 (22,14,'white-2'),
 (23,15,'x'),
 (24,15,'y'),
 (25,16,'omega-ruby'),
 (26,16,'alpha-sapphire');
--GO
--DROP TABLE IF EXISTS version_names;
CREATE TABLE version_names (
	version_id INT NOT NULL, 
	local_language_id INT NOT NULL, 
	[name] VARCHAR(95) NOT NULL, 
	PRIMARY KEY (version_id, local_language_id), 
	FOREIGN KEY(version_id) REFERENCES versions (id) ON UPDATE CASCADE ON DELETE NO ACTION, 
	FOREIGN KEY(local_language_id) REFERENCES languages (id) ON UPDATE CASCADE ON DELETE NO ACTION
);
INSERT INTO [version_names] (version_id,local_language_id,[name]) VALUES (1,1,'赤'),
 (1,5,'Rouge'),
 (1,6,'Rot'),
 (1,8,'Rossa'),
 (1,9,'Red'),
 (2,1,'緑'),
 (2,5,'Bleu'),
 (2,6,'Blau'),
 (2,8,'Blu'),
 (2,9,'Blue'),
 (3,1,'ピカチュウ'),
 (3,5,'Jaune'),
 (3,6,'Gelb'),
 (3,8,'Gialla'),
 (3,9,'Yellow'),
 (4,1,'金'),
 (4,5,'Or'),
 (4,6,'Gold'),
 (4,8,'Oro'),
 (4,9,'Gold'),
 (5,1,'銀'),
 (5,5,'Argent'),
 (5,6,'Silber'),
 (5,8,'Argento'),
 (5,9,'Silver'),
 (6,1,'クリスタル'),
 (6,5,'Cristal'),
 (6,6,'Kristall'),
 (6,8,'Cristallo'),
 (6,9,'Crystal'),
 (7,1,'ルビー'),
 (7,5,'Rubis'),
 (7,6,'Rubin'),
 (7,8,'Rubino'),
 (7,9,'Ruby'),
 (8,1,'サファイア'),
 (8,5,'Saphir'),
 (8,6,'Saphir'),
 (8,8,'Zaffiro'),
 (8,9,'Sapphire'),
 (9,1,'エメラルド'),
 (9,5,'Émeraude'),
 (9,6,'Smaragd'),
 (9,8,'Smeraldo'),
 (9,9,'Emerald'),
 (10,1,'ファイアレッド'),
 (10,5,'Rouge Feu'),
 (10,6,'Feuerrot'),
 (10,8,'Rosso Fuoco'),
 (10,9,'FireRed'),
 (11,1,'リーフグリーン'),
 (11,5,'Vert Feuille'),
 (11,6,'Blattgrün'),
 (11,8,'Verde Foglia'),
 (11,9,'LeafGreen'),
 (12,1,'ダイヤモンド'),
 (12,5,'Diamant'),
 (12,6,'Diamant'),
 (12,8,'Diamante'),
 (12,9,'Diamond'),
 (13,1,'パール'),
 (13,5,'Perle'),
 (13,6,'Perl'),
 (13,8,'Perla'),
 (13,9,'Pearl'),
 (14,1,'プラチナ'),
 (14,5,'Platine'),
 (14,6,'Platin'),
 (14,8,'Platino'),
 (14,9,'Platinum'),
 (15,1,'ハートゴールド'),
 (15,5,'Or HeartGold'),
 (15,6,'HeartGold'),
 (15,8,'Oro HeartGold'),
 (15,9,'HeartGold'),
 (16,1,'ソウルシルバー'),
 (16,5,'Argent SoulSilver'),
 (16,6,'SoulSilver'),
 (16,8,'Argento SoulSilver'),
 (16,9,'SoulSilver'),
 (17,1,'ブラック'),
 (17,5,'Noir'),
 (17,6,'Schwarz'),
 (17,8,'Nera'),
 (17,9,'Black'),
 (18,1,'ホワイト'),
 (18,5,'Blanc'),
 (18,6,'Weiß'),
 (18,8,'Bianca'),
 (18,9,'White'),
 (19,1,'コロシアム'),
 (19,5,'Colosseum'),
 (19,6,'Colosseum'),
 (19,8,'Colosseum'),
 (19,9,'Colosseum'),
 (20,1,'XD'),
 (20,5,'XD'),
 (20,6,'XD'),
 (20,8,'XD'),
 (20,9,'XD'),
 (21,1,'ブラック2'),
 (21,5,'Noir 2'),
 (21,6,'Schwarz 2'),
 (21,8,'Nera 2'),
 (21,9,'Black 2'),
 (22,1,'ホワイト2'),
 (22,5,'Blanc 2'),
 (22,6,'Weiß 2'),
 (22,8,'Bianca 2'),
 (22,9,'White 2'),
 (23,1,'X'),
 (23,5,'X'),
 (23,6,'X'),
 (23,8,'X'),
 (23,9,'X'),
 (24,1,'Y'),
 (24,5,'Y'),
 (24,6,'Y'),
 (24,8,'Y'),
 (24,9,'Y'),
 (25,1,'オメガルビー'),
 (25,5,'Rubis Oméga'),
 (25,6,'Omega Rubin'),
 (25,8,'Rubino Omega'),
 (25,9,'Omega Ruby'),
 (26,1,'アルファサファイア'),
 (26,5,'Saphir Alpha'),
 (26,6,'Alpha Saphir'),
 (26,8,'Zaffiro Alpha'),
 (26,9,'Alpha Sapphire'),
 (4,10,'Zlatá'),
 (11,10,'ListoZelená'),
 (14,10,'Platinová'),
 (5,10,'Stříbrná'),
 (10,10,'OhnňoČervená'),
 (17,10,'Černá'),
 (3,10,'Žlutá'),
 (6,10,'Krystalová'),
 (8,10,'Safírová'),
 (15,10,'SrdcoZlatá'),
 (2,10,'Modrá'),
 (9,10,'Smaragdová'),
 (7,10,'Rubínová'),
 (1,10,'Červená'),
 (12,10,'Diamantová'),
 (13,10,'Perlová'),
 (18,10,'Bílá');
--GO
--DROP TABLE IF EXISTS version_group_regions;
CREATE TABLE version_group_regions (
	version_group_id INT NOT NULL, 
	region_id INT NOT NULL, 
	PRIMARY KEY (version_group_id, region_id), 
	FOREIGN KEY(version_group_id) REFERENCES version_groups (id) ON UPDATE NO ACTION ON DELETE NO ACTION, 
	FOREIGN KEY(region_id) REFERENCES regions (id) ON UPDATE CASCADE ON DELETE NO ACTION
);
INSERT INTO [version_group_regions] (version_group_id,region_id) VALUES (1,1),
 (2,1),
 (3,1),
 (3,2),
 (4,1),
 (4,2),
 (5,3),
 (6,3),
 (7,1),
 (8,4),
 (9,4),
 (10,1),
 (10,2),
 (11,5),
 (14,5),
 (15,6),
 (16,3);
--GO
--DROP TABLE IF EXISTS pokemon_move_methods;
CREATE TABLE pokemon_move_methods (
	id INT NOT NULL, 
	identifier VARCHAR(79) NOT NULL, 
	PRIMARY KEY (id)
);
INSERT INTO [pokemon_move_methods] (id,identifier) VALUES (1,'level-up'),
 (2,'egg'),
 (3,'tutor'),
 (4,'machine'),
 (5,'stadium-surfing-pikachu'),
 (6,'light-ball-egg'),
 (7,'colosseum-purification'),
 (8,'xd-shadow'),
 (9,'xd-purification'),
 (10,'form-change');
--GO
--DROP TABLE IF EXISTS version_group_pokemon_move_methods;
CREATE TABLE version_group_pokemon_move_methods (
	version_group_id INT NOT NULL, 
	pokemon_move_method_id INT NOT NULL, 
	PRIMARY KEY (version_group_id, pokemon_move_method_id), 
	FOREIGN KEY(version_group_id) REFERENCES version_groups (id) ON UPDATE CASCADE ON DELETE NO ACTION, 
	FOREIGN KEY(pokemon_move_method_id) REFERENCES pokemon_move_methods (id) ON UPDATE CASCADE ON DELETE NO ACTION
);
INSERT INTO [version_group_pokemon_move_methods] (version_group_id,pokemon_move_method_id) VALUES (1,1),
 (1,4),
 (1,5),
 (2,1),
 (2,4),
 (2,5),
 (3,1),
 (3,2),
 (3,4),
 (4,1),
 (4,2),
 (4,3),
 (4,4),
 (5,1),
 (5,2),
 (5,4),
 (6,1),
 (6,2),
 (6,3),
 (6,4),
 (6,6),
 (7,1),
 (7,2),
 (7,3),
 (7,4),
 (8,1),
 (8,2),
 (8,3),
 (8,4),
 (8,6),
 (9,1),
 (9,2),
 (9,3),
 (9,4),
 (9,6),
 (9,10),
 (10,1),
 (10,2),
 (10,3),
 (10,4),
 (10,6),
 (10,10),
 (11,1),
 (11,2),
 (11,3),
 (11,4),
 (11,6),
 (11,10),
 (12,1),
 (12,4),
 (13,1),
 (13,3),
 (13,4),
 (14,1),
 (14,2),
 (14,3),
 (14,4),
 (14,6),
 (14,10),
 (15,1),
 (15,2),
 (15,3),
 (15,4),
 (15,6),
 (15,10),
 (16,1),
 (16,2),
 (16,3),
 (16,4),
 (16,6),
 (16,10);
--GO
--DROP TABLE IF EXISTS move_damage_classes;
CREATE TABLE move_damage_classes (
	id INT NOT NULL, 
	identifier VARCHAR(79) NOT NULL, 
	PRIMARY KEY (id)
);
INSERT INTO [move_damage_classes] (id,identifier) VALUES (1,'status'),
 (2,'physical'),
 (3,'special');
--GO
--DROP TABLE IF EXISTS [types];
CREATE TABLE [types] (
	id INT NOT NULL, 
	identifier VARCHAR(95) NOT NULL, 
	generation_id INT NOT NULL, 
	damage_class_id INT, 
	PRIMARY KEY (id), 
	FOREIGN KEY(generation_id) REFERENCES generations (id) ON UPDATE CASCADE ON DELETE NO ACTION, 
	FOREIGN KEY(damage_class_id) REFERENCES move_damage_classes (id) ON UPDATE CASCADE ON DELETE NO ACTION
);
INSERT INTO [types] (id,identifier,generation_id,damage_class_id) VALUES (1,'normal',1,2),
 (2,'fighting',1,2),
 (3,'flying',1,2),
 (4,'poison',1,2),
 (5,'ground',1,2),
 (6,'rock',1,2),
 (7,'bug',1,2),
 (8,'ghost',1,2),
 (9,'steel',2,2),
 (10,'fire',1,3),
 (11,'water',1,3),
 (12,'grass',1,3),
 (13,'electric',1,3),
 (14,'psychic',1,3),
 (15,'ice',1,3),
 (16,'dragon',1,3),
 (17,'dark',2,3),
 (18,'fairy',6,NULL),
 (10001,'unknown',2,NULL),
 (10002,'shadow',3,NULL);
--GO
--DROP TABLE IF EXISTS type_names;
CREATE TABLE type_names (
	[type_id] INT NOT NULL, 
	local_language_id INT NOT NULL, 
	[name] VARCHAR(95) NOT NULL, 
	PRIMARY KEY ([type_id], local_language_id), 
	FOREIGN KEY([type_id]) REFERENCES [types] (id) ON UPDATE CASCADE ON DELETE NO ACTION, 
	FOREIGN KEY(local_language_id) REFERENCES languages (id) ON UPDATE CASCADE ON DELETE NO ACTION
);
INSERT INTO [type_names] ([type_id],local_language_id,[name]) VALUES (1,1,'ノーマル'),
 (1,3,'노말'),
 (1,5,'Normal'),
 (1,6,'Normal'),
 (1,7,'Normal'),
 (1,8,'Normale'),
 (1,9,'Normal'),
 (2,1,'かくとう'),
 (2,3,'격투'),
 (2,5,'Combat'),
 (2,6,'Kampf'),
 (2,7,'Lucha'),
 (2,8,'Lotta'),
 (2,9,'Fighting'),
 (3,1,'ひこう'),
 (3,3,'비행'),
 (3,5,'Vol'),
 (3,6,'Flug'),
 (3,7,'Volador'),
 (3,8,'Volante'),
 (3,9,'Flying'),
 (4,1,'どく'),
 (4,3,'독'),
 (4,5,'Poison'),
 (4,6,'Gift'),
 (4,7,'Veneno'),
 (4,8,'Veleno'),
 (4,9,'Poison'),
 (5,1,'じめん'),
 (5,3,'땅'),
 (5,5,'Sol'),
 (5,6,'Boden'),
 (5,7,'Tierra'),
 (5,8,'Terra'),
 (5,9,'Ground'),
 (6,1,'いわ'),
 (6,3,'바위'),
 (6,5,'Roche'),
 (6,6,'Gestein'),
 (6,7,'Roca'),
 (6,8,'Roccia'),
 (6,9,'Rock'),
 (7,1,'むし'),
 (7,3,'벌레'),
 (7,5,'Insecte'),
 (7,6,'Käfer'),
 (7,7,'Bicho'),
 (7,8,'Coleottero'),
 (7,9,'Bug'),
 (8,1,'ゴースト'),
 (8,3,'고스트'),
 (8,5,'Spectre'),
 (8,6,'Geist'),
 (8,7,'Fantasma'),
 (8,8,'Spettro'),
 (8,9,'Ghost'),
 (9,1,'はがね'),
 (9,3,'강철'),
 (9,5,'Acier'),
 (9,6,'Stahl'),
 (9,7,'Acero'),
 (9,8,'Acciaio'),
 (9,9,'Steel'),
 (10,1,'ほのお'),
 (10,3,'불꽃'),
 (10,5,'Feu'),
 (10,6,'Feuer'),
 (10,7,'Fuego'),
 (10,8,'Fuoco'),
 (10,9,'Fire'),
 (11,1,'みず'),
 (11,3,'물'),
 (11,5,'Eau'),
 (11,6,'Wasser'),
 (11,7,'Agua'),
 (11,8,'Acqua'),
 (11,9,'Water'),
 (12,1,'くさ'),
 (12,3,'풀'),
 (12,5,'Plante'),
 (12,6,'Pflanze'),
 (12,7,'Planta'),
 (12,8,'Erba'),
 (12,9,'Grass'),
 (13,1,'でんき'),
 (13,3,'전기'),
 (13,5,'Électrik'),
 (13,6,'Elektro'),
 (13,7,'Eléctrico'),
 (13,8,'Elettro'),
 (13,9,'Electric'),
 (14,1,'エスパー'),
 (14,3,'에스퍼'),
 (14,5,'Psy'),
 (14,6,'Psycho'),
 (14,7,'Psíquico'),
 (14,8,'Psico'),
 (14,9,'Psychic'),
 (15,1,'こおり'),
 (15,3,'얼음'),
 (15,5,'Glace'),
 (15,6,'Eis'),
 (15,7,'Hielo'),
 (15,8,'Ghiaccio'),
 (15,9,'Ice'),
 (16,1,'ドラゴン'),
 (16,3,'드래곤'),
 (16,5,'Dragon'),
 (16,6,'Drache'),
 (16,7,'Dragón'),
 (16,8,'Drago'),
 (16,9,'Dragon'),
 (17,1,'あく'),
 (17,3,'악'),
 (17,5,'Ténèbres'),
 (17,6,'Unlicht'),
 (17,7,'Siniestro'),
 (17,8,'Buio'),
 (17,9,'Dark'),
 (18,1,'フェアリー'),
 (18,3,'페어리'),
 (18,5,'Fée'),
 (18,6,'Fee'),
 (18,7,'Hada'),
 (18,8,'Folletto'),
 (18,9,'Fairy'),
 (10001,1,'？？？'),
 (10001,5,'???'),
 (10001,6,'???'),
 (10001,7,'???'),
 (10001,8,'???'),
 (10001,9,'???'),
 (10002,1,'ダーク'),
 (10002,5,'Obscur'),
 (10002,6,'Crypto'),
 (10002,8,'Ombra'),
 (10002,9,'Shadow'),
 (4,10,'Jedovatý'),
 (11,10,'Vodní'),
 (14,10,'Psychický'),
 (5,10,'Zemní'),
 (16,10,'Dračí'),
 (10,10,'Ohnivý'),
 (17,10,'Temný'),
 (3,10,'Létající'),
 (6,10,'Kamenný'),
 (8,10,'Duší'),
 (15,10,'Ledový'),
 (2,10,'Bojovný'),
 (9,10,'Ocelový'),
 (10001,10,'???'),
 (7,10,'Hmyzí'),
 (1,10,'Normální'),
 (12,10,'Travní'),
 (13,10,'Elektrický'),
 (10002,10,'Stínový');
--GO
--DROP TABLE IF EXISTS type_game_indices;
CREATE TABLE type_game_indices (
	[type_id] INT NOT NULL, 
	generation_id INT NOT NULL, 
	game_index INT NOT NULL, 
	PRIMARY KEY ([type_id], generation_id), 
	FOREIGN KEY([type_id]) REFERENCES [types] (id) ON UPDATE CASCADE ON DELETE NO ACTION, 
	FOREIGN KEY(generation_id) REFERENCES generations (id) ON UPDATE NO ACTION ON DELETE NO ACTION
);
INSERT INTO [type_game_indices] ([type_id],generation_id,game_index) VALUES (1,1,0),
 (1,2,0),
 (1,3,0),
 (1,4,0),
 (1,5,0),
 (1,6,0),
 (2,1,1),
 (2,2,1),
 (2,3,1),
 (2,4,1),
 (2,5,1),
 (2,6,1),
 (3,1,2),
 (3,2,2),
 (3,3,2),
 (3,4,2),
 (3,5,2),
 (3,6,2),
 (4,1,3),
 (4,2,3),
 (4,3,3),
 (4,4,3),
 (4,5,3),
 (4,6,3),
 (5,1,4),
 (5,2,4),
 (5,3,4),
 (5,4,4),
 (5,5,4),
 (5,6,4),
 (6,1,5),
 (6,2,5),
 (6,3,5),
 (6,4,5),
 (6,5,5),
 (6,6,5),
 (7,1,7),
 (7,2,7),
 (7,3,6),
 (7,4,6),
 (7,5,6),
 (7,6,6),
 (8,1,8),
 (8,2,8),
 (8,3,7),
 (8,4,7),
 (8,5,7),
 (8,6,7),
 (9,2,9),
 (9,3,8),
 (9,4,8),
 (9,5,8),
 (9,6,8),
 (10,1,20),
 (10,2,20),
 (10,3,10),
 (10,4,10),
 (10,5,9),
 (10,6,9),
 (11,1,21),
 (11,2,21),
 (11,3,11),
 (11,4,11),
 (11,5,10),
 (11,6,10),
 (12,1,22),
 (12,2,22),
 (12,3,12),
 (12,4,12),
 (12,5,11),
 (12,6,11),
 (13,1,23),
 (13,2,23),
 (13,3,13),
 (13,4,13),
 (13,5,12),
 (13,6,12),
 (14,1,24),
 (14,2,24),
 (14,3,14),
 (14,4,14),
 (14,5,13),
 (14,6,13),
 (15,1,25),
 (15,2,25),
 (15,3,15),
 (15,4,15),
 (15,5,14),
 (15,6,14),
 (16,1,26),
 (16,2,26),
 (16,3,16),
 (16,4,16),
 (16,5,15),
 (16,6,15),
 (17,2,27),
 (17,3,17),
 (17,4,17),
 (17,5,16),
 (17,6,16),
 (18,6,17),
 (10001,2,19),
 (10001,3,9),
 (10001,4,9);
--GO
--DROP TABLE IF EXISTS type_efficacy;
CREATE TABLE type_efficacy (
	damage_type_id INT NOT NULL, 
	target_type_id INT NOT NULL, 
	damage_factor INT NOT NULL, 
	PRIMARY KEY (damage_type_id, target_type_id), 
	FOREIGN KEY(damage_type_id) REFERENCES [types] (id) ON UPDATE CASCADE ON DELETE NO ACTION, 
	FOREIGN KEY(target_type_id) REFERENCES [types] (id) ON UPDATE NO ACTION ON DELETE NO ACTION
);
INSERT INTO [type_efficacy] (damage_type_id,target_type_id,damage_factor) VALUES (1,1,100),
 (1,2,100),
 (1,3,100),
 (1,4,100),
 (1,5,100),
 (1,6,50),
 (1,7,100),
 (1,8,0),
 (1,9,50),
 (1,10,100),
 (1,11,100),
 (1,12,100),
 (1,13,100),
 (1,14,100),
 (1,15,100),
 (1,16,100),
 (1,17,100),
 (1,18,100),
 (2,1,200),
 (2,2,100),
 (2,3,50),
 (2,4,50),
 (2,5,100),
 (2,6,200),
 (2,7,50),
 (2,8,0),
 (2,9,200),
 (2,10,100),
 (2,11,100),
 (2,12,100),
 (2,13,100),
 (2,14,50),
 (2,15,200),
 (2,16,100),
 (2,17,200),
 (2,18,50),
 (3,1,100),
 (3,2,200),
 (3,3,100),
 (3,4,100),
 (3,5,100),
 (3,6,50),
 (3,7,200),
 (3,8,100),
 (3,9,50),
 (3,10,100),
 (3,11,100),
 (3,12,200),
 (3,13,50),
 (3,14,100),
 (3,15,100),
 (3,16,100),
 (3,17,100),
 (3,18,100),
 (4,1,100),
 (4,2,100),
 (4,3,100),
 (4,4,50),
 (4,5,50),
 (4,6,50),
 (4,7,100),
 (4,8,50),
 (4,9,0),
 (4,10,100),
 (4,11,100),
 (4,12,200),
 (4,13,100),
 (4,14,100),
 (4,15,100),
 (4,16,100),
 (4,17,100),
 (4,18,200),
 (5,1,100),
 (5,2,100),
 (5,3,0),
 (5,4,200),
 (5,5,100),
 (5,6,200),
 (5,7,50),
 (5,8,100),
 (5,9,200),
 (5,10,200),
 (5,11,100),
 (5,12,50),
 (5,13,200),
 (5,14,100),
 (5,15,100),
 (5,16,100),
 (5,17,100),
 (5,18,100),
 (6,1,100),
 (6,2,50),
 (6,3,200),
 (6,4,100),
 (6,5,50),
 (6,6,100),
 (6,7,200),
 (6,8,100),
 (6,9,50),
 (6,10,200),
 (6,11,100),
 (6,12,100),
 (6,13,100),
 (6,14,100),
 (6,15,200),
 (6,16,100),
 (6,17,100),
 (6,18,100),
 (7,1,100),
 (7,2,50),
 (7,3,50),
 (7,4,50),
 (7,5,100),
 (7,6,100),
 (7,7,100),
 (7,8,50),
 (7,9,50),
 (7,10,50),
 (7,11,100),
 (7,12,200),
 (7,13,100),
 (7,14,200),
 (7,15,100),
 (7,16,100),
 (7,17,200),
 (7,18,50),
 (8,1,0),
 (8,2,100),
 (8,3,100),
 (8,4,100),
 (8,5,100),
 (8,6,100),
 (8,7,100),
 (8,8,200),
 (8,9,100),
 (8,10,100),
 (8,11,100),
 (8,12,100),
 (8,13,100),
 (8,14,200),
 (8,15,100),
 (8,16,100),
 (8,17,50),
 (8,18,100),
 (9,1,100),
 (9,2,100),
 (9,3,100),
 (9,4,100),
 (9,5,100),
 (9,6,200),
 (9,7,100),
 (9,8,100),
 (9,9,50),
 (9,10,50),
 (9,11,50),
 (9,12,100),
 (9,13,50),
 (9,14,100),
 (9,15,200),
 (9,16,100),
 (9,17,100),
 (9,18,200),
 (10,1,100),
 (10,2,100),
 (10,3,100),
 (10,4,100),
 (10,5,100),
 (10,6,50),
 (10,7,200),
 (10,8,100),
 (10,9,200),
 (10,10,50),
 (10,11,50),
 (10,12,200),
 (10,13,100),
 (10,14,100),
 (10,15,200),
 (10,16,50),
 (10,17,100),
 (10,18,100),
 (11,1,100),
 (11,2,100),
 (11,3,100),
 (11,4,100),
 (11,5,200),
 (11,6,200),
 (11,7,100),
 (11,8,100),
 (11,9,100),
 (11,10,200),
 (11,11,50),
 (11,12,50),
 (11,13,100),
 (11,14,100),
 (11,15,100),
 (11,16,50),
 (11,17,100),
 (11,18,100),
 (12,1,100),
 (12,2,100),
 (12,3,50),
 (12,4,50),
 (12,5,200),
 (12,6,200),
 (12,7,50),
 (12,8,100),
 (12,9,50),
 (12,10,50),
 (12,11,200),
 (12,12,50),
 (12,13,100),
 (12,14,100),
 (12,15,100),
 (12,16,50),
 (12,17,100),
 (12,18,100),
 (13,1,100),
 (13,2,100),
 (13,3,200),
 (13,4,100),
 (13,5,0),
 (13,6,100),
 (13,7,100),
 (13,8,100),
 (13,9,100),
 (13,10,100),
 (13,11,200),
 (13,12,50),
 (13,13,50),
 (13,14,100),
 (13,15,100),
 (13,16,50),
 (13,17,100),
 (13,18,100),
 (14,1,100),
 (14,2,200),
 (14,3,100),
 (14,4,200),
 (14,5,100),
 (14,6,100),
 (14,7,100),
 (14,8,100),
 (14,9,50),
 (14,10,100),
 (14,11,100),
 (14,12,100),
 (14,13,100),
 (14,14,50),
 (14,15,100),
 (14,16,100),
 (14,17,0),
 (14,18,100),
 (15,1,100),
 (15,2,100),
 (15,3,200),
 (15,4,100),
 (15,5,200),
 (15,6,100),
 (15,7,100),
 (15,8,100),
 (15,9,50),
 (15,10,50),
 (15,11,50),
 (15,12,200),
 (15,13,100),
 (15,14,100),
 (15,15,50),
 (15,16,200),
 (15,17,100),
 (15,18,100),
 (16,1,100),
 (16,2,100),
 (16,3,100),
 (16,4,100),
 (16,5,100),
 (16,6,100),
 (16,7,100),
 (16,8,100),
 (16,9,50),
 (16,10,100),
 (16,11,100),
 (16,12,100),
 (16,13,100),
 (16,14,100),
 (16,15,100),
 (16,16,200),
 (16,17,100),
 (16,18,0),
 (17,1,100),
 (17,2,50),
 (17,3,100),
 (17,4,100),
 (17,5,100),
 (17,6,100),
 (17,7,100),
 (17,8,200),
 (17,9,100),
 (17,10,100),
 (17,11,100),
 (17,12,100),
 (17,13,100),
 (17,14,200),
 (17,15,100),
 (17,16,100),
 (17,17,50),
 (17,18,50),
 (18,1,100),
 (18,2,200),
 (18,3,100),
 (18,4,50),
 (18,5,100),
 (18,6,100),
 (18,7,100),
 (18,8,100),
 (18,9,50),
 (18,10,50),
 (18,11,100),
 (18,12,100),
 (18,13,100),
 (18,14,100),
 (18,15,100),
 (18,16,200),
 (18,17,200),
 (18,18,100);
--GO
--DROP TABLE IF EXISTS super_contest_effects;
CREATE TABLE super_contest_effects (
	id INT NOT NULL, 
	appeal SMALLINT NOT NULL, 
	PRIMARY KEY (id)
);
INSERT INTO [super_contest_effects] (id,appeal) VALUES (1,2),
 (2,2),
 (4,2),
 (5,3),
 (6,1),
 (7,2),
 (8,0),
 (9,0),
 (10,2),
 (11,0),
 (12,0),
 (13,2),
 (14,2),
 (15,2),
 (16,0),
 (17,2),
 (18,2),
 (19,2),
 (20,1),
 (21,0),
 (22,2),
 (23,1);
--GO
--DROP TABLE IF EXISTS super_contest_effect_prose;
CREATE TABLE super_contest_effect_prose (
	super_contest_effect_id INT NOT NULL, 
	local_language_id INT NOT NULL, 
	flavor_text TEXT NOT NULL, 
	PRIMARY KEY (super_contest_effect_id, local_language_id), 
	FOREIGN KEY(super_contest_effect_id) REFERENCES super_contest_effects (id) ON UPDATE CASCADE ON DELETE NO ACTION, 
	FOREIGN KEY(local_language_id) REFERENCES languages (id) ON UPDATE CASCADE ON DELETE NO ACTION
);
INSERT INTO [super_contest_effect_prose] (super_contest_effect_id,local_language_id,flavor_text) VALUES (1,9,'Enables the user to perform first in the next turn.'),
 (2,9,'Enables the user to perform last in the next turn.'),
 (4,9,'Earn +2 if the Judge''s Voltage goes up.'),
 (5,9,'A basic performance using a move known by the Pokémon.'),
 (6,9,'Earn +3 if no other Pokémon has chosen the same Judge.'),
 (7,9,'Allows performance of the same move twice in a row.'),
 (8,9,'Increased Voltage is added to the performance score.'),
 (9,9,'Earn +15 if all the Pokémon choose the same Judge.'),
 (10,9,'Lowers the Voltage of all Judges by one each.'),
 (11,9,'Earn double the score in the next turn.'),
 (12,9,'Steals the Voltage of the Pokémon that just went.'),
 (13,9,'Prevents the Voltage from going up in the same turn.'),
 (14,9,'Makes the order of contestants random in the next turn.'),
 (15,9,'Earns double the score on the final performance.'),
 (16,9,'Raises the score if the Voltage is low.'),
 (17,9,'Earn +2 if the Pokémon performs first in the turn.'),
 (18,9,'Earn +2 if the Pokémon performs last in the turn.'),
 (19,9,'Prevents the Voltage from going down in the same turn.'),
 (20,9,'Earn +3 if two Pokémon raise the Voltage in a row.'),
 (21,9,'Earn a higher score the later the Pokémon performs.'),
 (22,9,'Earn +3 if the Pokémon that just went hit max Voltage.'),
 (23,9,'Earn +3 if the Pokémon gets the lowest score.');
--GO
--DROP TABLE IF EXISTS contest_types;
CREATE TABLE contest_types (
	id INT NOT NULL, 
	identifier VARCHAR(79) NOT NULL, 
	PRIMARY KEY (id)
);
INSERT INTO [contest_types] (id,identifier) VALUES (1,'cool'),
 (2,'beauty'),
 (3,'cute'),
 (4,'smart'),
 (5,'tough');
--GO
--DROP TABLE IF EXISTS contest_effects;
CREATE TABLE contest_effects (
	id INT NOT NULL, 
	appeal SMALLINT NOT NULL, 
	jam SMALLINT NOT NULL, 
	PRIMARY KEY (id)
);
INSERT INTO [contest_effects] (id,appeal,jam) VALUES (1,4,0),
 (2,3,0),
 (3,6,0),
 (4,1,4),
 (5,1,3),
 (6,4,4),
 (7,8,0),
 (8,2,2),
 (9,2,3),
 (10,2,1),
 (11,1,0),
 (12,2,0),
 (13,1,0),
 (14,2,1),
 (15,1,0),
 (16,2,0),
 (17,3,0),
 (18,2,0),
 (19,1,0),
 (20,1,0),
 (21,3,0),
 (22,3,0),
 (23,2,1),
 (24,3,0),
 (25,1,0),
 (26,1,0),
 (27,2,0),
 (28,2,0),
 (29,1,0),
 (30,3,0),
 (31,3,0),
 (32,1,0),
 (33,3,0);
--GO
--DROP TABLE IF EXISTS move_targets;
CREATE TABLE move_targets (
	id INT NOT NULL, 
	identifier VARCHAR(79) NOT NULL, 
	PRIMARY KEY (id)
);
INSERT INTO [move_targets] (id,identifier) VALUES (1,'specific-move'),
 (2,'selected-pokemon-me-first'),
 (3,'ally'),
 (4,'users-field'),
 (5,'user-or-ally'),
 (6,'opponents-field'),
 (7,'user'),
 (8,'random-opponent'),
 (9,'all-other-pokemon'),
 (10,'selected-pokemon'),
 (11,'all-opponents'),
 (12,'entire-field'),
 (13,'user-and-allies'),
 (14,'all-pokemon');
--GO
--DROP TABLE IF EXISTS move_effects;
CREATE TABLE move_effects (
	id INT NOT NULL, 
	PRIMARY KEY (id)
);
INSERT INTO [move_effects] (id) VALUES (1),
 (2),
 (3),
 (4),
 (5),
 (6),
 (7),
 (8),
 (9),
 (10),
 (11),
 (12),
 (14),
 (17),
 (18),
 (19),
 (20),
 (21),
 (24),
 (25),
 (26),
 (27),
 (28),
 (29),
 (30),
 (31),
 (32),
 (33),
 (34),
 (35),
 (36),
 (37),
 (38),
 (39),
 (40),
 (41),
 (42),
 (43),
 (44),
 (45),
 (46),
 (47),
 (48),
 (49),
 (50),
 (51),
 (52),
 (53),
 (54),
 (55),
 (58),
 (59),
 (60),
 (61),
 (63),
 (66),
 (67),
 (68),
 (69),
 (70),
 (71),
 (72),
 (73),
 (74),
 (76),
 (77),
 (78),
 (79),
 (80),
 (81),
 (82),
 (83),
 (84),
 (85),
 (86),
 (87),
 (88),
 (89),
 (90),
 (91),
 (92),
 (93),
 (94),
 (95),
 (96),
 (98),
 (99),
 (100),
 (101),
 (102),
 (103),
 (104),
 (105),
 (106),
 (107),
 (108),
 (109),
 (110),
 (112),
 (113),
 (114),
 (115),
 (116),
 (117),
 (118),
 (119),
 (120),
 (121),
 (122),
 (123),
 (124),
 (125),
 (126),
 (127),
 (128),
 (129),
 (130),
 (131),
 (133),
 (136),
 (137),
 (138),
 (139),
 (140),
 (141),
 (143),
 (144),
 (145),
 (146),
 (147),
 (148),
 (149),
 (150),
 (151),
 (152),
 (153),
 (154),
 (155),
 (156),
 (157),
 (159),
 (160),
 (161),
 (162),
 (163),
 (165),
 (166),
 (167),
 (168),
 (169),
 (170),
 (171),
 (172),
 (173),
 (174),
 (175),
 (176),
 (177),
 (178),
 (179),
 (180),
 (181),
 (182),
 (183),
 (184),
 (185),
 (186),
 (187),
 (188),
 (189),
 (190),
 (191),
 (192),
 (193),
 (194),
 (195),
 (196),
 (197),
 (198),
 (199),
 (200),
 (201),
 (202),
 (203),
 (204),
 (205),
 (206),
 (207),
 (208),
 (209),
 (210),
 (211),
 (212),
 (213),
 (214),
 (215),
 (216),
 (217),
 (218),
 (219),
 (220),
 (221),
 (222),
 (223),
 (224),
 (225),
 (226),
 (227),
 (228),
 (229),
 (230),
 (231),
 (232),
 (233),
 (234),
 (235),
 (236),
 (237),
 (238),
 (239),
 (240),
 (241),
 (242),
 (243),
 (244),
 (245),
 (246),
 (247),
 (248),
 (249),
 (250),
 (251),
 (252),
 (253),
 (254),
 (255),
 (256),
 (257),
 (258),
 (259),
 (260),
 (261),
 (262),
 (263),
 (264),
 (266),
 (267),
 (268),
 (269),
 (270),
 (271),
 (272),
 (273),
 (274),
 (275),
 (276),
 (277),
 (278),
 (279),
 (280),
 (281),
 (282),
 (283),
 (284),
 (285),
 (286),
 (287),
 (288),
 (289),
 (290),
 (291),
 (292),
 (293),
 (294),
 (295),
 (296),
 (297),
 (298),
 (299),
 (300),
 (301),
 (302),
 (303),
 (304),
 (305),
 (306),
 (307),
 (308),
 (309),
 (310),
 (311),
 (312),
 (313),
 (314),
 (315),
 (316),
 (317),
 (318),
 (319),
 (320),
 (321),
 (322),
 (323),
 (324),
 (325),
 (326),
 (327),
 (328),
 (329),
 (330),
 (331),
 (332),
 (333),
 (335),
 (336),
 (337),
 (338),
 (339),
 (340),
 (341),
 (342),
 (343),
 (344),
 (345),
 (346),
 (347),
 (348),
 (349),
 (350),
 (351),
 (352),
 (353),
 (354),
 (355),
 (356),
 (357),
 (358),
 (359),
 (360),
 (361),
 (362),
 (363),
 (364),
 (365),
 (366),
 (367),
 (368),
 (369),
 (370),
 (10001),
 (10002),
 (10003),
 (10004),
 (10005),
 (10006),
 (10007);
--GO
--DROP TABLE IF EXISTS move_battle_styles;
CREATE TABLE move_battle_styles (
	id INT NOT NULL, 
	identifier VARCHAR(79) NOT NULL, 
	PRIMARY KEY (id)
);
INSERT INTO [move_battle_styles] (id,identifier) VALUES (1,'attack'),
 (2,'defense'),
 (3,'support');
--GO
--DROP TABLE IF EXISTS moves;
CREATE TABLE moves (
	id INT NOT NULL, 
	identifier VARCHAR(79) NOT NULL, 
	generation_id INT NOT NULL, 
	[type_id] INT NOT NULL, 
	[power] SMALLINT, 
	pp SMALLINT, 
	accuracy SMALLINT, 
	[priority] SMALLINT NOT NULL, 
	target_id INT NOT NULL, 
	damage_class_id INT NOT NULL, 
	effect_id INT NOT NULL, 
	effect_chance INT, 
	contest_type_id INT, 
	contest_effect_id INT, 
	super_contest_effect_id INT, 
	PRIMARY KEY (id), 
	FOREIGN KEY(generation_id) REFERENCES generations (id) ON UPDATE CASCADE ON DELETE NO ACTION, 
	FOREIGN KEY([type_id]) REFERENCES [types] (id) ON UPDATE NO ACTION ON DELETE NO ACTION, 
	FOREIGN KEY(target_id) REFERENCES move_targets (id) ON UPDATE CASCADE ON DELETE NO ACTION, 
	FOREIGN KEY(damage_class_id) REFERENCES move_damage_classes (id) ON UPDATE CASCADE ON DELETE NO ACTION, 
	FOREIGN KEY(effect_id) REFERENCES move_effects (id) ON UPDATE CASCADE ON DELETE NO ACTION, 
	FOREIGN KEY(contest_type_id) REFERENCES contest_types (id) ON UPDATE CASCADE ON DELETE NO ACTION, 
	FOREIGN KEY(contest_effect_id) REFERENCES contest_effects (id) ON UPDATE CASCADE ON DELETE NO ACTION, 
	FOREIGN KEY(super_contest_effect_id) REFERENCES super_contest_effects (id) ON UPDATE CASCADE ON DELETE NO ACTION
);
INSERT INTO [moves] (id,identifier,generation_id,[type_id],[power],pp,accuracy,[priority],target_id,damage_class_id,effect_id,effect_chance,contest_type_id,contest_effect_id,super_contest_effect_id) VALUES (1,'pound',1,1,40,35,100,0,10,2,1,NULL,5,1,5),
 (2,'karate-chop',1,2,50,25,100,0,10,2,44,NULL,5,2,5),
 (3,'double-slap',1,1,15,10,85,0,10,2,30,NULL,5,10,7),
 (4,'comet-punch',1,1,18,15,85,0,10,2,30,NULL,5,12,7),
 (5,'mega-punch',1,1,80,20,85,0,10,2,1,NULL,5,1,18),
 (6,'pay-day',1,1,40,20,100,0,10,2,35,NULL,4,11,23),
 (7,'fire-punch',1,10,75,15,100,0,10,2,5,10,2,1,17),
 (8,'ice-punch',1,15,75,15,100,0,10,2,6,10,2,1,17),
 (9,'thunder-punch',1,13,75,15,100,0,10,2,7,10,1,1,17),
 (10,'scratch',1,1,40,35,100,0,10,2,1,NULL,5,1,5),
 (11,'vice-grip',1,1,55,30,100,0,10,2,1,NULL,5,1,5),
 (12,'guillotine',1,1,NULL,5,30,0,10,2,39,NULL,1,14,9),
 (13,'razor-wind',1,1,80,10,100,0,11,3,40,NULL,1,2,6),
 (14,'swords-dance',1,1,NULL,20,NULL,0,7,1,51,NULL,2,32,11),
 (15,'cut',1,1,50,30,95,0,10,2,1,NULL,1,14,5),
 (16,'gust',1,3,40,35,100,0,10,3,150,NULL,4,21,5),
 (17,'wing-attack',1,3,60,35,100,0,10,2,1,NULL,1,12,5),
 (18,'whirlwind',1,1,NULL,20,NULL,-6,10,1,29,NULL,4,21,9),
 (19,'fly',1,3,90,15,95,0,10,2,156,NULL,4,15,6),
 (20,'bind',1,1,15,20,85,0,10,2,43,100,5,24,21),
 (21,'slam',1,1,80,20,75,0,10,2,1,NULL,5,23,5),
 (22,'vine-whip',1,12,45,25,100,0,10,2,1,NULL,1,1,5),
 (23,'stomp',1,1,65,20,100,0,10,2,151,30,5,4,5),
 (24,'double-kick',1,2,30,30,100,0,10,2,45,NULL,1,12,7),
 (25,'mega-kick',1,1,120,5,75,0,10,2,1,NULL,1,1,18),
 (26,'jump-kick',1,2,100,10,95,0,10,2,46,NULL,1,3,5),
 (27,'rolling-kick',1,2,60,15,85,0,10,2,32,30,1,5,5),
 (28,'sand-attack',1,5,NULL,15,100,0,10,1,24,NULL,3,10,19),
 (29,'headbutt',1,1,70,15,100,0,10,2,32,30,5,9,5),
 (30,'horn-attack',1,1,65,25,100,0,10,2,1,NULL,1,1,5),
 (31,'fury-attack',1,1,15,20,85,0,10,2,30,NULL,1,10,7),
 (32,'horn-drill',1,1,NULL,5,30,0,10,2,39,NULL,1,14,9),
 (33,'tackle',1,1,50,35,100,0,10,2,1,NULL,5,1,5),
 (34,'body-slam',1,1,85,15,100,0,10,2,7,30,5,4,5),
 (35,'wrap',1,1,15,20,90,0,10,2,43,100,5,24,21),
 (36,'take-down',1,1,90,20,85,0,10,2,49,NULL,5,3,5),
 (37,'thrash',1,1,120,10,100,0,8,2,28,NULL,5,6,7),
 (38,'double-edge',1,1,120,15,100,0,10,2,199,NULL,5,3,9),
 (39,'tail-whip',1,1,NULL,30,100,0,11,1,20,NULL,3,28,19),
 (40,'poison-sting',1,4,15,35,100,0,10,2,3,30,4,9,19),
 (41,'twineedle',1,7,25,20,100,0,10,2,78,20,1,9,7),
 (42,'pin-missile',1,7,25,20,95,0,10,2,30,NULL,1,10,7),
 (43,'leer',1,1,NULL,30,100,0,11,1,20,100,1,24,19),
 (44,'bite',1,17,60,25,100,0,10,2,32,30,5,5,5),
 (45,'growl',1,1,NULL,40,100,0,11,1,19,NULL,3,28,19),
 (46,'roar',1,1,NULL,20,NULL,-6,10,1,29,NULL,1,21,19),
 (47,'sing',1,1,NULL,15,55,0,10,1,2,NULL,3,18,19),
 (48,'supersonic',1,1,NULL,20,55,0,10,1,50,NULL,4,21,19),
 (49,'sonic-boom',1,1,NULL,20,90,0,10,3,131,NULL,1,12,5),
 (50,'disable',1,1,NULL,20,100,0,10,1,87,NULL,4,18,19),
 (51,'acid',1,4,40,30,100,0,11,3,73,10,4,4,5),
 (52,'ember',1,10,40,25,100,0,10,3,5,10,2,1,5),
 (53,'flamethrower',1,10,90,15,100,0,10,3,5,10,2,1,17),
 (54,'mist',1,15,NULL,30,NULL,0,4,1,47,NULL,2,15,13),
 (55,'water-gun',1,11,40,25,100,0,10,3,1,NULL,3,1,5),
 (56,'hydro-pump',1,11,110,5,80,0,10,3,1,NULL,2,1,17),
 (57,'surf',1,11,90,15,100,0,9,3,258,NULL,2,2,17),
 (58,'ice-beam',1,15,90,10,100,0,10,3,6,10,2,23,17),
 (59,'blizzard',1,15,110,5,70,0,11,3,261,10,2,1,17),
 (60,'psybeam',1,14,65,20,100,0,10,3,77,10,2,21,17),
 (61,'bubble-beam',1,11,65,20,100,0,10,3,71,10,2,5,2),
 (62,'aurora-beam',1,15,65,20,100,0,10,3,69,10,2,23,17),
 (63,'hyper-beam',1,1,150,5,90,0,10,3,81,NULL,1,6,22),
 (64,'peck',1,3,35,35,100,0,10,2,1,NULL,1,1,5),
 (65,'drill-peck',1,3,80,20,100,0,10,2,1,NULL,1,1,5),
 (66,'submission',1,2,80,20,80,0,10,2,49,NULL,1,3,5),
 (67,'low-kick',1,2,NULL,20,100,0,10,2,197,NULL,5,4,5),
 (68,'counter',1,2,NULL,20,100,-5,1,2,90,NULL,5,16,15),
 (69,'seismic-toss',1,2,NULL,20,100,0,10,2,88,NULL,5,23,5),
 (70,'strength',1,1,80,15,100,0,10,2,1,NULL,5,23,5),
 (71,'absorb',1,12,20,25,100,0,10,3,4,NULL,4,9,20),
 (72,'mega-drain',1,12,40,15,100,0,10,3,4,NULL,4,4,20),
 (73,'leech-seed',1,12,NULL,10,90,0,10,1,85,NULL,4,8,21),
 (74,'growth',1,1,NULL,20,NULL,0,7,1,317,NULL,2,32,11),
 (75,'razor-leaf',1,12,55,25,95,0,11,2,44,NULL,1,2,5),
 (76,'solar-beam',1,12,120,10,100,0,10,3,152,NULL,1,1,6),
 (77,'poison-powder',1,4,NULL,35,75,0,10,1,67,NULL,4,33,19),
 (78,'stun-spore',1,12,NULL,30,75,0,10,1,68,NULL,4,14,19),
 (79,'sleep-powder',1,12,NULL,15,75,0,10,1,2,NULL,4,5,19),
 (80,'petal-dance',1,12,120,10,100,0,8,3,28,NULL,2,6,21),
 (81,'string-shot',1,7,NULL,40,95,0,11,1,21,NULL,4,9,19),
 (82,'dragon-rage',1,16,NULL,10,100,0,10,3,42,NULL,1,26,5),
 (83,'fire-spin',1,10,35,15,85,0,10,3,43,100,2,24,21),
 (84,'thunder-shock',1,13,40,30,100,0,10,3,7,10,1,1,5),
 (85,'thunderbolt',1,13,90,15,100,0,10,3,7,10,1,1,17),
 (86,'thunder-wave',1,13,NULL,20,100,0,10,1,68,NULL,1,14,19),
 (87,'thunder',1,13,110,10,70,0,10,3,153,30,1,8,17),
 (88,'rock-throw',1,6,50,15,90,0,10,2,1,NULL,5,12,5),
 (89,'earthquake',1,5,100,10,100,0,9,2,148,NULL,5,5,18),
 (90,'fissure',1,5,NULL,5,30,0,10,2,39,NULL,5,14,9),
 (91,'dig',1,5,80,10,100,0,10,2,257,NULL,4,15,6),
 (92,'toxic',1,4,NULL,10,90,0,10,1,34,NULL,4,33,19),
 (93,'confusion',1,14,50,25,100,0,10,3,77,10,4,9,5),
 (94,'psychic',1,14,90,10,100,0,10,3,73,10,4,5,17),
 (95,'hypnosis',1,14,NULL,20,60,0,10,1,2,NULL,4,5,19),
 (96,'meditate',1,14,NULL,40,NULL,0,7,1,11,NULL,2,32,11),
 (97,'agility',1,14,NULL,30,NULL,0,7,1,53,NULL,1,30,1),
 (98,'quick-attack',1,1,40,30,100,1,10,2,104,NULL,1,30,1),
 (99,'rage',1,1,20,20,100,0,10,2,82,NULL,1,17,11),
 (100,'teleport',1,14,NULL,20,NULL,0,7,1,154,NULL,1,15,1),
 (101,'night-shade',1,8,NULL,15,100,0,10,3,88,NULL,4,23,5),
 (102,'mimic',1,1,NULL,10,NULL,0,10,1,83,NULL,3,19,12),
 (103,'screech',1,1,NULL,40,85,0,10,1,60,NULL,4,5,10),
 (104,'double-team',1,1,NULL,15,NULL,0,7,1,17,NULL,1,16,1),
 (105,'recover',1,1,NULL,10,NULL,0,7,1,33,NULL,4,23,8),
 (106,'harden',1,1,NULL,30,NULL,0,7,1,12,NULL,5,16,13),
 (107,'minimize',1,1,NULL,10,NULL,0,7,1,109,NULL,3,16,13),
 (108,'smokescreen',1,1,NULL,20,100,0,10,1,24,NULL,4,21,10),
 (109,'confuse-ray',1,8,NULL,10,100,0,10,1,50,NULL,4,21,10),
 (110,'withdraw',1,11,NULL,40,NULL,0,7,1,12,NULL,3,15,13),
 (111,'defense-curl',1,1,NULL,40,NULL,0,7,1,157,NULL,3,16,13),
 (112,'barrier',1,14,NULL,20,NULL,0,7,1,52,NULL,1,15,13),
 (113,'light-screen',1,14,NULL,30,NULL,0,4,1,36,NULL,2,15,13),
 (114,'haze',1,15,NULL,30,NULL,0,12,1,26,NULL,2,33,13),
 (115,'reflect',1,14,NULL,20,NULL,0,4,1,66,NULL,4,15,13),
 (116,'focus-energy',1,1,NULL,30,NULL,0,7,1,48,NULL,1,5,11),
 (117,'bide',1,1,NULL,10,NULL,1,7,2,27,NULL,5,15,15),
 (118,'metronome',1,1,NULL,10,NULL,0,7,1,84,NULL,3,17,14),
 (119,'mirror-move',1,3,NULL,20,NULL,0,10,1,10,NULL,4,19,15),
 (120,'self-destruct',1,1,200,5,100,0,9,2,8,NULL,2,7,9),
 (121,'egg-bomb',1,1,100,10,75,0,10,2,1,NULL,5,1,5),
 (122,'lick',1,8,30,30,100,0,10,2,7,30,5,4,16),
 (123,'smog',1,4,30,20,70,0,10,3,3,40,5,5,5),
 (124,'sludge',1,4,65,20,100,0,10,3,3,30,5,4,18),
 (125,'bone-club',1,5,65,20,85,0,10,2,32,10,5,10,5),
 (126,'fire-blast',1,10,110,5,85,0,10,3,5,10,2,1,17),
 (127,'waterfall',1,11,80,15,100,0,10,2,32,20,5,28,5),
 (128,'clamp',1,11,35,15,85,0,10,2,43,100,5,24,5),
 (129,'swift',1,1,60,20,NULL,0,11,3,18,NULL,1,27,17),
 (130,'skull-bash',1,1,130,10,100,0,10,2,146,100,5,4,6),
 (131,'spike-cannon',1,1,20,15,100,0,10,2,30,NULL,1,10,7),
 (132,'constrict',1,1,10,35,100,0,10,2,71,10,5,9,21),
 (133,'amnesia',1,14,NULL,20,NULL,0,7,1,55,NULL,3,32,11),
 (134,'kinesis',1,14,NULL,15,80,0,10,1,24,NULL,4,24,11),
 (135,'soft-boiled',1,1,NULL,10,NULL,0,7,1,33,NULL,2,1,8),
 (136,'high-jump-kick',1,2,130,10,90,0,10,2,46,NULL,1,3,5),
 (137,'glare',1,1,NULL,30,100,0,10,1,68,NULL,5,5,19),
 (138,'dream-eater',1,14,100,15,100,0,10,3,9,NULL,4,8,20),
 (139,'poison-gas',1,4,NULL,40,90,0,11,1,67,NULL,4,33,5),
 (140,'barrage',1,1,15,20,85,0,10,2,30,NULL,5,12,7),
 (141,'leech-life',1,7,20,15,100,0,10,2,4,NULL,4,9,20),
 (142,'lovely-kiss',1,1,NULL,10,75,0,10,1,2,NULL,2,5,19),
 (143,'sky-attack',1,3,140,5,90,0,10,2,76,30,1,2,6),
 (144,'transform',1,1,NULL,10,NULL,0,10,1,58,NULL,4,17,23),
 (145,'bubble',1,11,40,30,100,0,11,3,71,10,3,8,2),
 (146,'dizzy-punch',1,1,70,10,100,0,10,2,77,20,1,4,16),
 (147,'spore',1,12,NULL,15,100,0,10,1,2,NULL,2,5,10),
 (148,'flash',1,1,NULL,20,100,0,10,1,24,NULL,2,21,10),
 (149,'psywave',1,14,NULL,15,100,0,10,3,89,NULL,4,14,5),
 (150,'splash',1,1,NULL,40,NULL,0,7,1,86,NULL,3,28,16),
 (151,'acid-armor',1,4,NULL,20,NULL,0,7,1,52,NULL,5,32,11),
 (152,'crabhammer',1,11,100,10,90,0,10,2,44,NULL,5,2,18),
 (153,'explosion',1,1,250,5,100,0,9,2,8,NULL,2,7,9),
 (154,'fury-swipes',1,1,18,15,80,0,10,2,30,NULL,5,10,7),
 (155,'bonemerang',1,5,50,10,90,0,10,2,45,NULL,5,1,7),
 (156,'rest',1,14,NULL,10,NULL,0,7,1,38,NULL,3,16,8),
 (157,'rock-slide',1,6,75,10,90,0,11,2,32,30,5,5,5),
 (158,'hyper-fang',1,1,80,15,90,0,10,2,32,10,1,4,18),
 (159,'sharpen',1,1,NULL,30,NULL,0,7,1,11,NULL,3,32,11),
 (160,'conversion',1,1,NULL,30,NULL,0,7,1,31,NULL,2,12,23),
 (161,'tri-attack',1,1,80,10,100,0,10,3,37,20,2,8,5),
 (162,'super-fang',1,1,NULL,10,90,0,10,2,41,NULL,5,14,5),
 (163,'slash',1,1,70,20,100,0,10,2,44,NULL,1,2,5),
 (164,'substitute',1,1,NULL,10,NULL,0,7,1,80,NULL,4,16,23),
 (165,'struggle',1,1,50,NULL,NULL,0,8,2,255,NULL,1,1,5),
 (166,'sketch',2,1,NULL,1,NULL,0,10,1,96,NULL,4,19,23),
 (167,'triple-kick',2,2,10,10,90,0,10,2,105,NULL,1,1,7),
 (168,'thief',2,17,60,25,100,0,10,2,106,NULL,5,20,12),
 (169,'spider-web',2,7,NULL,10,NULL,0,10,1,107,NULL,4,18,13),
 (170,'mind-reader',2,1,NULL,5,NULL,0,10,1,95,NULL,4,24,20),
 (171,'nightmare',2,8,NULL,15,100,0,10,1,108,NULL,4,5,19),
 (172,'flame-wheel',2,10,60,25,100,0,10,2,126,10,2,1,7),
 (173,'snore',2,1,50,15,100,0,10,3,93,30,3,1,5),
 (174,'curse',2,8,NULL,10,NULL,0,1,1,110,NULL,5,31,21),
 (175,'flail',2,1,NULL,15,100,0,10,2,100,NULL,3,26,15),
 (176,'conversion-2',2,1,NULL,30,NULL,0,10,1,94,NULL,2,12,23),
 (177,'aeroblast',2,3,100,5,95,0,10,3,44,NULL,1,2,22),
 (178,'cotton-spore',2,12,NULL,40,100,0,11,1,61,NULL,2,10,1),
 (179,'reversal',2,2,NULL,15,100,0,10,2,100,NULL,1,28,15),
 (180,'spite',2,8,NULL,10,100,0,10,1,101,NULL,5,28,19),
 (181,'powder-snow',2,15,40,25,100,0,11,3,6,10,2,1,5),
 (182,'protect',2,1,NULL,10,NULL,4,7,1,112,NULL,3,15,16),
 (183,'mach-punch',2,2,40,30,100,1,10,2,104,NULL,1,30,1),
 (184,'scary-face',2,1,NULL,10,100,0,10,1,61,NULL,5,10,2),
 (185,'feint-attack',2,17,60,20,NULL,0,10,2,18,NULL,4,27,18),
 (186,'sweet-kiss',2,18,NULL,10,75,0,10,1,50,NULL,3,18,19),
 (187,'belly-drum',2,1,NULL,10,NULL,0,7,1,143,NULL,3,32,11),
 (188,'sludge-bomb',2,4,90,10,100,0,10,3,3,30,5,10,18),
 (189,'mud-slap',2,5,20,10,100,0,10,3,74,100,3,10,5),
 (190,'octazooka',2,11,65,10,85,0,10,3,74,50,5,10,4),
 (191,'spikes',2,5,NULL,20,NULL,0,6,1,113,NULL,4,18,13),
 (192,'zap-cannon',2,13,120,5,50,0,10,3,7,100,1,1,4),
 (193,'foresight',2,1,NULL,40,NULL,0,10,1,114,NULL,4,33,20),
 (194,'destiny-bond',2,8,NULL,5,NULL,0,7,1,99,NULL,4,7,9),
 (195,'perish-song',2,1,NULL,5,NULL,0,14,1,115,NULL,2,14,10),
 (196,'icy-wind',2,15,55,15,95,0,11,3,71,100,2,5,2),
 (197,'detect',2,2,NULL,5,NULL,4,7,1,112,NULL,1,16,16),
 (198,'bone-rush',2,5,25,10,90,0,10,2,30,NULL,5,1,7),
 (199,'lock-on',2,1,NULL,5,NULL,0,10,1,95,NULL,4,24,20),
 (200,'outrage',2,16,120,10,100,0,8,2,28,NULL,1,6,7),
 (201,'sandstorm',2,6,NULL,10,NULL,0,12,1,116,NULL,5,21,13),
 (202,'giga-drain',2,12,75,10,100,0,10,3,4,NULL,4,10,20),
 (203,'endure',2,1,NULL,10,NULL,4,7,1,117,NULL,5,16,13),
 (204,'charm',2,18,NULL,20,100,0,10,1,59,NULL,3,23,19),
 (205,'rollout',2,6,30,20,90,0,10,2,118,NULL,5,24,7),
 (206,'false-swipe',2,1,40,40,100,0,10,2,102,NULL,1,5,16),
 (207,'swagger',2,1,NULL,15,90,0,10,1,119,NULL,3,27,19),
 (208,'milk-drink',2,1,NULL,10,NULL,0,7,1,33,NULL,3,12,8),
 (209,'spark',2,13,65,20,100,0,10,2,7,30,1,4,5),
 (210,'fury-cutter',2,7,40,20,95,0,10,2,120,NULL,1,17,7),
 (211,'steel-wing',2,9,70,25,90,0,10,2,139,10,1,12,5),
 (212,'mean-look',2,1,NULL,5,NULL,0,10,1,107,NULL,2,18,10),
 (213,'attract',2,1,NULL,15,100,0,10,1,121,NULL,3,18,19),
 (214,'sleep-talk',2,1,NULL,10,NULL,0,7,1,98,NULL,3,17,5),
 (215,'heal-bell',2,1,NULL,5,NULL,0,13,1,103,NULL,2,28,8),
 (216,'return',2,1,NULL,20,100,0,10,2,122,NULL,3,13,17),
 (217,'present',2,1,NULL,15,90,0,10,2,123,NULL,3,17,16),
 (218,'frustration',2,1,NULL,20,100,0,10,2,124,NULL,3,13,18),
 (219,'safeguard',2,1,NULL,25,NULL,0,4,1,125,NULL,2,15,13),
 (220,'pain-split',2,1,NULL,20,NULL,0,10,1,92,NULL,4,4,10),
 (221,'sacred-fire',2,10,100,5,95,0,10,2,126,50,2,1,22),
 (222,'magnitude',2,5,NULL,30,100,0,9,2,127,NULL,5,11,18),
 (223,'dynamic-punch',2,2,100,5,50,0,10,2,77,100,1,10,18),
 (224,'megahorn',2,7,120,10,85,0,10,2,1,NULL,1,12,18),
 (225,'dragon-breath',2,16,60,20,100,0,10,3,7,30,1,5,17),
 (226,'baton-pass',2,1,NULL,40,NULL,0,7,1,128,NULL,3,18,16),
 (227,'encore',2,1,NULL,5,100,0,10,1,91,NULL,3,18,20),
 (228,'pursuit',2,17,40,20,100,0,10,2,129,NULL,4,14,20),
 (229,'rapid-spin',2,1,20,40,100,0,10,2,130,NULL,1,16,17),
 (230,'sweet-scent',2,1,NULL,20,100,0,11,1,25,NULL,3,5,19),
 (231,'iron-tail',2,9,100,15,75,0,10,2,70,30,1,4,18),
 (232,'metal-claw',2,9,50,35,95,0,10,2,140,10,1,1,18),
 (233,'vital-throw',2,2,70,10,NULL,-1,10,2,79,NULL,1,31,2),
 (234,'morning-sun',2,1,NULL,5,NULL,0,7,1,133,NULL,2,25,8),
 (235,'synthesis',2,12,NULL,5,NULL,0,7,1,133,NULL,4,25,8),
 (236,'moonlight',2,18,NULL,5,NULL,0,7,1,133,NULL,2,25,8),
 (237,'hidden-power',2,1,60,15,100,0,10,3,136,NULL,4,17,23),
 (238,'cross-chop',2,2,100,5,80,0,10,2,44,NULL,1,2,18),
 (239,'twister',2,16,40,20,100,0,11,3,147,20,1,21,5),
 (240,'rain-dance',2,11,NULL,5,NULL,0,12,1,137,NULL,5,11,13),
 (241,'sunny-day',2,10,NULL,5,NULL,0,12,1,138,NULL,2,11,13),
 (242,'crunch',2,17,80,15,100,0,10,2,70,20,5,4,18),
 (243,'mirror-coat',2,14,NULL,20,100,-5,1,3,145,NULL,2,16,15),
 (244,'psych-up',2,1,NULL,10,NULL,0,10,1,144,NULL,4,12,11),
 (245,'extreme-speed',2,1,80,5,100,2,10,2,104,NULL,1,30,1),
 (246,'ancient-power',2,6,60,5,100,0,10,3,141,10,5,32,18),
 (247,'shadow-ball',2,8,80,15,100,0,10,3,73,20,4,21,17),
 (248,'future-sight',2,14,120,10,100,0,10,3,149,NULL,4,24,17),
 (249,'rock-smash',2,2,40,15,100,0,10,2,70,50,5,29,18),
 (250,'whirlpool',2,11,35,15,85,0,10,3,262,100,2,24,21),
 (251,'beat-up',2,17,NULL,10,100,0,10,2,155,NULL,4,14,7),
 (252,'fake-out',3,1,40,10,100,3,10,2,159,100,3,23,17),
 (253,'uproar',3,1,90,10,100,0,8,3,160,NULL,3,21,10),
 (254,'stockpile',3,1,NULL,20,NULL,0,7,1,161,NULL,5,16,11),
 (255,'spit-up',3,1,NULL,10,100,0,10,3,162,NULL,5,1,18),
 (256,'swallow',3,1,NULL,10,NULL,0,7,1,163,NULL,5,32,8),
 (257,'heat-wave',3,10,95,10,90,0,11,3,5,10,2,1,17),
 (258,'hail',3,15,NULL,10,NULL,0,12,1,165,NULL,2,5,13),
 (259,'torment',3,17,NULL,15,100,0,10,1,166,NULL,5,18,16),
 (260,'flatter',3,17,NULL,15,100,0,10,1,167,NULL,4,18,19),
 (261,'will-o-wisp',3,10,NULL,15,85,0,10,1,168,NULL,2,4,17),
 (262,'memento',3,17,NULL,10,100,0,10,1,169,NULL,5,7,9),
 (263,'facade',3,1,70,20,100,0,10,2,170,NULL,3,28,15),
 (264,'focus-punch',3,2,150,20,100,-3,10,2,171,NULL,5,31,6),
 (265,'smelling-salts',3,1,70,10,100,0,10,2,172,NULL,4,9,16),
 (266,'follow-me',3,1,NULL,20,NULL,2,7,1,173,NULL,3,24,14),
 (267,'nature-power',3,1,NULL,20,NULL,0,10,1,174,NULL,2,11,14),
 (268,'charge',3,13,NULL,20,NULL,0,7,1,175,NULL,4,12,11),
 (269,'taunt',3,17,NULL,20,100,0,10,1,176,NULL,4,18,16),
 (270,'helping-hand',3,1,NULL,20,NULL,5,3,1,177,NULL,4,18,20),
 (271,'trick',3,14,NULL,10,100,0,10,1,178,NULL,4,12,12),
 (272,'role-play',3,14,NULL,10,NULL,0,10,1,179,NULL,3,20,23),
 (273,'wish',3,1,NULL,10,NULL,0,7,1,180,NULL,3,24,8),
 (274,'assist',3,1,NULL,20,NULL,0,7,1,181,NULL,3,25,14),
 (275,'ingrain',3,12,NULL,20,NULL,0,7,1,182,NULL,4,15,21),
 (276,'superpower',3,2,120,5,100,0,10,2,183,100,5,3,18),
 (277,'magic-coat',3,14,NULL,15,NULL,4,7,1,184,NULL,2,15,15),
 (278,'recycle',3,1,NULL,10,NULL,0,7,1,185,NULL,4,17,12),
 (279,'revenge',3,2,60,10,100,-4,10,2,186,NULL,5,31,15),
 (280,'brick-break',3,2,75,15,100,0,10,2,187,NULL,1,4,5),
 (281,'yawn',3,1,NULL,10,NULL,0,10,1,188,NULL,3,18,19),
 (282,'knock-off',3,17,65,20,100,0,10,2,189,NULL,4,4,5),
 (283,'endeavor',3,1,NULL,5,100,0,10,2,190,NULL,5,28,15),
 (284,'eruption',3,10,150,5,100,0,11,3,191,NULL,2,26,18),
 (285,'skill-swap',3,14,NULL,10,NULL,0,10,1,192,NULL,4,20,12),
 (286,'imprison',3,14,NULL,10,NULL,0,7,1,193,NULL,4,33,20),
 (287,'refresh',3,1,NULL,20,NULL,0,7,1,194,NULL,3,32,8),
 (288,'grudge',3,8,NULL,5,NULL,0,7,1,195,NULL,5,26,10),
 (289,'snatch',3,17,NULL,10,NULL,4,7,1,196,NULL,4,14,12),
 (290,'secret-power',3,1,70,20,100,0,10,2,198,30,4,29,14),
 (291,'dive',3,11,80,10,100,0,10,2,256,NULL,2,16,6),
 (292,'arm-thrust',3,2,15,20,100,0,10,2,30,NULL,5,10,7),
 (293,'camouflage',3,1,NULL,20,NULL,0,7,1,214,NULL,4,2,13),
 (294,'tail-glow',3,7,NULL,20,NULL,0,7,1,322,NULL,2,32,11),
 (295,'luster-purge',3,14,70,5,100,0,10,3,73,50,4,9,22),
 (296,'mist-ball',3,14,70,5,100,0,10,3,72,50,4,4,22),
 (297,'feather-dance',3,3,NULL,15,100,0,10,1,59,NULL,2,28,19),
 (298,'teeter-dance',3,1,NULL,20,100,0,9,1,200,NULL,3,6,14),
 (299,'blaze-kick',3,10,85,10,90,0,10,2,201,10,2,1,17),
 (300,'mud-sport',3,5,NULL,15,NULL,0,12,1,202,NULL,3,1,13),
 (301,'ice-ball',3,15,30,20,90,0,10,2,118,NULL,2,24,7),
 (302,'needle-arm',3,12,60,15,100,0,10,2,32,30,4,4,5),
 (303,'slack-off',3,1,NULL,10,NULL,0,7,1,33,NULL,3,26,8),
 (304,'hyper-voice',3,1,90,10,100,0,11,3,1,NULL,1,5,5),
 (305,'poison-fang',3,4,50,15,100,0,10,2,203,50,4,33,4),
 (306,'crush-claw',3,1,75,10,95,0,10,2,70,50,1,4,5),
 (307,'blast-burn',3,10,150,5,90,0,10,3,81,NULL,2,6,22),
 (308,'hydro-cannon',3,11,150,5,90,0,10,3,81,NULL,2,6,22),
 (309,'meteor-mash',3,9,90,10,90,0,10,2,140,20,1,12,18),
 (310,'astonish',3,8,30,15,100,0,10,2,32,30,4,9,5),
 (311,'weather-ball',3,1,50,10,100,0,10,3,204,NULL,4,1,4),
 (312,'aromatherapy',3,12,NULL,5,NULL,0,13,1,103,NULL,4,28,8),
 (313,'fake-tears',3,17,NULL,20,100,0,10,1,63,NULL,4,28,19),
 (314,'air-cutter',3,3,60,25,95,0,11,3,44,NULL,1,23,5),
 (315,'overheat',3,10,130,5,90,0,10,3,205,100,2,3,22),
 (316,'odor-sleuth',3,1,NULL,40,NULL,0,10,1,114,NULL,4,33,20),
 (317,'rock-tomb',3,6,60,15,95,0,10,2,71,100,4,24,2),
 (318,'silver-wind',3,7,60,5,100,0,10,3,141,10,2,32,4),
 (319,'metal-sound',3,9,NULL,40,85,0,10,1,63,NULL,4,5,10),
 (320,'grass-whistle',3,12,NULL,15,55,0,10,1,2,NULL,4,5,19),
 (321,'tickle',3,1,NULL,20,100,0,10,1,206,NULL,3,33,19),
 (322,'cosmic-power',3,14,NULL,20,NULL,0,7,1,207,NULL,1,32,11),
 (323,'water-spout',3,11,150,5,100,0,11,3,191,NULL,2,26,22),
 (324,'signal-beam',3,7,75,15,100,0,10,3,77,10,2,21,4),
 (325,'shadow-punch',3,8,60,20,NULL,0,10,2,18,NULL,4,27,17),
 (326,'extrasensory',3,14,80,20,100,0,10,3,32,10,1,4,17),
 (327,'sky-uppercut',3,2,85,15,90,0,10,2,208,NULL,1,23,17),
 (328,'sand-tomb',3,5,35,15,85,0,10,2,43,100,4,24,21),
 (329,'sheer-cold',3,15,NULL,5,30,0,10,3,39,NULL,2,14,9),
 (330,'muddy-water',3,11,90,10,85,0,11,3,74,30,5,10,18),
 (331,'bullet-seed',3,12,25,30,100,0,10,2,30,NULL,1,14,7),
 (332,'aerial-ace',3,3,60,20,NULL,0,10,2,18,NULL,1,27,17),
 (333,'icicle-spear',3,15,25,30,100,0,10,2,30,NULL,2,23,7),
 (334,'iron-defense',3,9,NULL,15,NULL,0,7,1,52,NULL,5,15,13),
 (335,'block',3,1,NULL,5,NULL,0,10,1,107,NULL,3,18,13),
 (336,'howl',3,1,NULL,40,NULL,0,7,1,11,NULL,1,32,11),
 (337,'dragon-claw',3,16,80,15,100,0,10,2,1,NULL,1,23,17),
 (338,'frenzy-plant',3,12,150,5,90,0,10,3,81,NULL,1,6,22),
 (339,'bulk-up',3,2,NULL,20,NULL,0,7,1,209,NULL,2,32,11),
 (340,'bounce',3,3,85,5,85,0,10,2,264,30,3,15,6),
 (341,'mud-shot',3,5,55,15,95,0,10,3,71,100,5,5,2),
 (342,'poison-tail',3,4,50,25,100,0,10,2,210,10,4,33,4),
 (343,'covet',3,1,60,25,100,0,10,2,106,NULL,3,20,12),
 (344,'volt-tackle',3,13,120,15,100,0,10,2,263,10,1,3,22),
 (345,'magical-leaf',3,12,60,20,NULL,0,10,3,18,NULL,2,27,17),
 (346,'water-sport',3,11,NULL,15,NULL,0,12,1,211,NULL,3,1,13),
 (347,'calm-mind',3,14,NULL,20,NULL,0,7,1,212,NULL,4,16,11),
 (348,'leaf-blade',3,12,90,15,100,0,10,2,44,NULL,1,2,17),
 (349,'dragon-dance',3,16,NULL,20,NULL,0,7,1,213,NULL,1,32,11),
 (350,'rock-blast',3,6,25,10,90,0,10,2,30,NULL,5,12,7),
 (351,'shock-wave',3,13,60,20,NULL,0,10,3,18,NULL,1,27,17),
 (352,'water-pulse',3,11,60,20,100,0,10,3,77,20,2,21,17),
 (353,'doom-desire',3,9,140,5,100,0,10,3,149,NULL,1,24,17),
 (354,'psycho-boost',3,14,140,5,90,0,10,3,205,100,4,3,22),
 (355,'roost',4,3,NULL,10,NULL,0,7,1,215,NULL,1,NULL,8),
 (356,'gravity',4,14,NULL,5,NULL,0,12,1,216,NULL,2,NULL,13),
 (357,'miracle-eye',4,14,NULL,40,NULL,0,10,1,217,NULL,3,NULL,20),
 (358,'wake-up-slap',4,2,70,10,100,0,10,2,218,NULL,4,NULL,16),
 (359,'hammer-arm',4,2,100,10,90,0,10,2,219,100,1,NULL,2),
 (360,'gyro-ball',4,9,NULL,5,100,0,10,2,220,NULL,2,NULL,15),
 (361,'healing-wish',4,14,NULL,10,NULL,0,7,1,221,NULL,3,NULL,8),
 (362,'brine',4,11,65,10,100,0,10,3,222,NULL,4,NULL,4),
 (363,'natural-gift',4,1,NULL,15,100,0,10,2,223,NULL,1,NULL,18),
 (364,'feint',4,1,30,10,100,2,10,2,224,NULL,2,NULL,16),
 (365,'pluck',4,3,60,20,100,0,10,2,225,NULL,3,NULL,12),
 (366,'tailwind',4,3,NULL,15,NULL,0,4,1,226,NULL,4,NULL,1),
 (367,'acupressure',4,1,NULL,30,NULL,0,5,1,227,NULL,1,NULL,11),
 (368,'metal-burst',4,9,NULL,10,100,0,1,2,228,NULL,2,NULL,15),
 (369,'u-turn',4,7,70,20,100,0,10,2,229,NULL,3,NULL,16),
 (370,'close-combat',4,2,120,5,100,0,10,2,230,100,4,NULL,22),
 (371,'payback',4,17,50,10,100,0,10,2,231,NULL,1,NULL,6),
 (372,'assurance',4,17,60,10,100,0,10,2,232,NULL,2,NULL,15),
 (373,'embargo',4,17,NULL,15,100,0,10,1,233,NULL,3,NULL,13),
 (374,'fling',4,17,NULL,10,100,0,10,2,234,NULL,5,NULL,23),
 (375,'psycho-shift',4,14,NULL,10,100,0,10,1,235,NULL,1,NULL,16),
 (376,'trump-card',4,1,NULL,5,NULL,0,10,3,236,NULL,1,NULL,21),
 (377,'heal-block',4,14,NULL,15,100,0,11,1,237,NULL,3,NULL,13),
 (378,'wring-out',4,1,NULL,5,100,0,10,3,238,NULL,4,NULL,22),
 (379,'power-trick',4,14,NULL,10,NULL,0,7,1,239,NULL,1,NULL,16),
 (380,'gastro-acid',4,4,NULL,10,100,0,10,1,240,NULL,2,NULL,13),
 (381,'lucky-chant',4,1,NULL,30,NULL,0,4,1,241,NULL,3,NULL,13),
 (382,'me-first',4,1,NULL,20,NULL,0,2,1,242,NULL,3,NULL,1),
 (383,'copycat',4,1,NULL,20,NULL,0,7,1,243,NULL,1,NULL,12),
 (384,'power-swap',4,14,NULL,10,NULL,0,10,1,244,NULL,2,NULL,16),
 (385,'guard-swap',4,14,NULL,10,NULL,0,10,1,245,NULL,3,NULL,16),
 (386,'punishment',4,17,NULL,5,100,0,10,2,246,NULL,4,NULL,23),
 (387,'last-resort',4,1,140,5,100,0,10,2,247,NULL,3,NULL,21),
 (388,'worry-seed',4,12,NULL,10,100,0,10,1,248,NULL,2,NULL,19),
 (389,'sucker-punch',4,17,80,5,100,1,10,2,249,NULL,4,NULL,1),
 (390,'toxic-spikes',4,4,NULL,20,NULL,0,6,1,250,NULL,4,NULL,13),
 (391,'heart-swap',4,14,NULL,10,NULL,0,10,1,251,NULL,1,NULL,16),
 (392,'aqua-ring',4,11,NULL,20,NULL,0,7,1,252,NULL,2,NULL,8),
 (393,'magnet-rise',4,13,NULL,10,NULL,0,7,1,253,NULL,3,NULL,13),
 (394,'flare-blitz',4,10,120,15,100,0,10,2,254,10,4,NULL,22),
 (395,'force-palm',4,2,60,10,100,0,10,2,7,30,1,NULL,18),
 (396,'aura-sphere',4,2,80,20,NULL,0,10,3,18,NULL,2,NULL,17),
 (397,'rock-polish',4,6,NULL,20,NULL,0,7,1,53,NULL,5,NULL,1),
 (398,'poison-jab',4,4,80,20,100,0,10,2,3,30,4,NULL,4),
 (399,'dark-pulse',4,17,80,15,100,0,10,3,32,20,1,NULL,17),
 (400,'night-slash',4,17,70,15,100,0,10,2,44,NULL,2,NULL,5),
 (401,'aqua-tail',4,11,90,10,90,0,10,2,1,NULL,3,NULL,5),
 (402,'seed-bomb',4,12,80,15,100,0,10,2,1,NULL,4,NULL,5),
 (403,'air-slash',4,3,75,15,95,0,10,3,32,30,1,NULL,17),
 (404,'x-scissor',4,7,80,15,100,0,10,2,1,NULL,2,NULL,17),
 (405,'bug-buzz',4,7,90,10,100,0,10,3,73,10,3,NULL,4),
 (406,'dragon-pulse',4,16,85,10,100,0,10,3,1,NULL,4,NULL,4),
 (407,'dragon-rush',4,16,100,10,75,0,10,2,32,20,1,NULL,18),
 (408,'power-gem',4,6,80,20,100,0,10,3,1,NULL,2,NULL,5),
 (409,'drain-punch',4,2,75,10,100,0,10,2,4,NULL,2,NULL,20),
 (410,'vacuum-wave',4,2,40,30,100,1,10,3,104,NULL,4,NULL,1),
 (411,'focus-blast',4,2,120,5,70,0,10,3,73,10,1,NULL,17),
 (412,'energy-ball',4,12,90,10,100,0,10,3,73,10,2,NULL,17),
 (413,'brave-bird',4,3,120,15,100,0,10,2,199,NULL,3,NULL,18),
 (414,'earth-power',4,5,90,10,100,0,10,3,73,10,4,NULL,18),
 (415,'switcheroo',4,17,NULL,10,100,0,10,1,178,NULL,1,NULL,12),
 (416,'giga-impact',4,1,150,5,90,0,10,2,81,NULL,2,NULL,22),
 (417,'nasty-plot',4,17,NULL,20,NULL,0,7,1,54,NULL,3,NULL,11),
 (418,'bullet-punch',4,9,40,30,100,1,10,2,104,NULL,4,NULL,1),
 (419,'avalanche',4,15,60,10,100,-4,10,2,186,NULL,1,NULL,15),
 (420,'ice-shard',4,15,40,30,100,1,10,2,104,NULL,2,NULL,1),
 (421,'shadow-claw',4,8,70,15,100,0,10,2,44,NULL,3,NULL,17),
 (422,'thunder-fang',4,13,65,15,95,0,10,2,276,10,4,NULL,5),
 (423,'ice-fang',4,15,65,15,95,0,10,2,275,10,1,NULL,5),
 (424,'fire-fang',4,10,65,15,95,0,10,2,274,10,2,NULL,5),
 (425,'shadow-sneak',4,8,40,30,100,1,10,2,104,NULL,4,NULL,1),
 (426,'mud-bomb',4,5,65,10,85,0,10,3,74,30,4,NULL,18),
 (427,'psycho-cut',4,14,70,20,100,0,10,2,44,NULL,1,NULL,17),
 (428,'zen-headbutt',4,14,80,15,90,0,10,2,32,20,2,NULL,18),
 (429,'mirror-shot',4,9,65,10,85,0,10,3,74,30,3,NULL,17),
 (430,'flash-cannon',4,9,80,10,100,0,10,3,73,10,4,NULL,17),
 (431,'rock-climb',4,1,90,20,85,0,10,2,77,20,1,NULL,18),
 (432,'defog',4,3,NULL,15,NULL,0,10,1,259,NULL,2,NULL,13),
 (433,'trick-room',4,14,NULL,5,NULL,-7,12,1,260,NULL,3,NULL,14),
 (434,'draco-meteor',4,16,130,5,90,0,10,3,205,100,4,NULL,22),
 (435,'discharge',4,13,80,15,100,0,9,3,7,30,1,NULL,17),
 (436,'lava-plume',4,10,80,15,100,0,9,3,5,30,5,NULL,17),
 (437,'leaf-storm',4,12,130,5,90,0,10,3,205,100,3,NULL,22),
 (438,'power-whip',4,12,120,10,85,0,10,2,1,NULL,2,NULL,5),
 (439,'rock-wrecker',4,6,150,5,90,0,10,2,81,NULL,5,NULL,22),
 (440,'cross-poison',4,4,70,20,100,0,10,2,210,10,1,NULL,5),
 (441,'gunk-shot',4,4,120,5,80,0,10,2,3,30,1,NULL,5),
 (442,'iron-head',4,9,80,15,100,0,10,2,32,30,5,NULL,18),
 (443,'magnet-bomb',4,9,60,20,NULL,0,10,2,18,NULL,1,NULL,5),
 (444,'stone-edge',4,6,100,5,80,0,10,2,44,NULL,5,NULL,4),
 (445,'captivate',4,1,NULL,20,100,0,11,1,266,NULL,2,NULL,19),
 (446,'stealth-rock',4,6,NULL,20,NULL,0,6,1,267,NULL,1,NULL,13),
 (447,'grass-knot',4,12,NULL,20,100,0,10,3,197,NULL,4,NULL,4),
 (448,'chatter',4,3,65,20,100,0,10,3,268,100,4,NULL,23),
 (449,'judgment',4,1,100,10,100,0,10,3,269,NULL,4,NULL,14),
 (450,'bug-bite',4,7,60,20,100,0,10,2,225,NULL,5,NULL,12),
 (451,'charge-beam',4,13,50,10,90,0,10,3,277,70,2,NULL,17),
 (452,'wood-hammer',4,12,120,15,100,0,10,2,199,NULL,5,NULL,18),
 (453,'aqua-jet',4,11,40,20,100,1,10,2,104,NULL,2,NULL,1),
 (454,'attack-order',4,7,90,15,100,0,10,2,44,NULL,4,NULL,4),
 (455,'defend-order',4,7,NULL,10,NULL,0,7,1,207,NULL,4,NULL,11),
 (456,'heal-order',4,7,NULL,10,NULL,0,7,1,33,NULL,4,NULL,8),
 (457,'head-smash',4,6,150,5,80,0,10,2,270,NULL,5,NULL,22),
 (458,'double-hit',4,1,35,10,90,0,10,2,45,NULL,4,NULL,7),
 (459,'roar-of-time',4,16,150,5,90,0,10,3,81,NULL,1,NULL,22),
 (460,'spacial-rend',4,16,100,5,95,0,10,3,44,NULL,5,NULL,4),
 (461,'lunar-dance',4,14,NULL,10,NULL,0,7,1,271,NULL,2,NULL,8),
 (462,'crush-grip',4,1,NULL,5,100,0,10,2,238,NULL,5,NULL,15),
 (463,'magma-storm',4,10,100,5,75,0,10,3,43,100,5,NULL,7),
 (464,'dark-void',4,17,NULL,10,80,0,11,1,2,NULL,4,NULL,19),
 (465,'seed-flare',4,12,120,5,85,0,10,3,272,40,1,NULL,22),
 (466,'ominous-wind',4,8,60,5,100,0,10,3,141,10,4,NULL,11),
 (467,'shadow-force',4,8,120,5,100,0,10,2,273,NULL,4,NULL,22),
 (468,'hone-claws',5,17,NULL,15,NULL,0,7,1,278,NULL,NULL,NULL,NULL),
 (469,'wide-guard',5,6,NULL,10,NULL,3,4,1,279,NULL,NULL,NULL,NULL),
 (470,'guard-split',5,14,NULL,10,NULL,0,10,1,280,NULL,NULL,NULL,NULL),
 (471,'power-split',5,14,NULL,10,NULL,0,10,1,281,NULL,NULL,NULL,NULL),
 (472,'wonder-room',5,14,NULL,10,NULL,0,12,1,282,NULL,NULL,NULL,NULL),
 (473,'psyshock',5,14,80,10,100,0,10,3,283,NULL,NULL,NULL,NULL),
 (474,'venoshock',5,4,65,10,100,0,10,3,284,NULL,NULL,NULL,NULL),
 (475,'autotomize',5,9,NULL,15,NULL,0,7,1,285,NULL,NULL,NULL,NULL),
 (476,'rage-powder',5,7,NULL,20,NULL,2,7,1,173,NULL,NULL,NULL,NULL),
 (477,'telekinesis',5,14,NULL,15,NULL,0,10,1,286,NULL,NULL,NULL,NULL),
 (478,'magic-room',5,14,NULL,10,NULL,0,12,1,287,NULL,NULL,NULL,NULL),
 (479,'smack-down',5,6,50,15,100,0,10,2,288,100,NULL,NULL,NULL),
 (480,'storm-throw',5,2,60,10,100,0,10,2,289,NULL,NULL,NULL,NULL),
 (481,'flame-burst',5,10,70,15,100,0,10,3,290,NULL,NULL,NULL,NULL),
 (482,'sludge-wave',5,4,95,10,100,0,9,3,3,10,NULL,NULL,NULL),
 (483,'quiver-dance',5,7,NULL,20,NULL,0,7,1,291,NULL,NULL,NULL,NULL),
 (484,'heavy-slam',5,9,NULL,10,100,0,10,2,292,NULL,NULL,NULL,NULL),
 (485,'synchronoise',5,14,120,10,100,0,9,3,293,NULL,NULL,NULL,NULL),
 (486,'electro-ball',5,13,NULL,10,100,0,10,3,294,NULL,NULL,NULL,NULL),
 (487,'soak',5,11,NULL,20,100,0,10,1,295,NULL,NULL,NULL,NULL),
 (488,'flame-charge',5,10,50,20,100,0,10,2,296,100,NULL,NULL,NULL),
 (489,'coil',5,4,NULL,20,NULL,0,7,1,323,NULL,NULL,NULL,NULL),
 (490,'low-sweep',5,2,65,20,100,0,10,2,21,100,NULL,NULL,NULL),
 (491,'acid-spray',5,4,40,20,100,0,10,3,297,100,NULL,NULL,NULL),
 (492,'foul-play',5,17,95,15,100,0,10,2,298,NULL,NULL,NULL,NULL),
 (493,'simple-beam',5,1,NULL,15,100,0,10,1,299,NULL,NULL,NULL,NULL),
 (494,'entrainment',5,1,NULL,15,100,0,10,1,300,NULL,NULL,NULL,NULL),
 (495,'after-you',5,1,NULL,15,NULL,0,10,1,301,NULL,NULL,NULL,NULL),
 (496,'round',5,1,60,15,100,0,10,3,302,NULL,NULL,NULL,NULL),
 (497,'echoed-voice',5,1,40,15,100,0,10,3,303,NULL,NULL,NULL,NULL),
 (498,'chip-away',5,1,70,20,100,0,10,2,304,NULL,NULL,NULL,NULL),
 (499,'clear-smog',5,4,50,15,NULL,0,10,3,305,NULL,NULL,NULL,NULL),
 (500,'stored-power',5,14,20,10,100,0,10,3,306,NULL,NULL,NULL,NULL),
 (501,'quick-guard',5,2,NULL,15,NULL,3,4,1,307,NULL,NULL,NULL,NULL),
 (502,'ally-switch',5,14,NULL,15,NULL,1,7,1,308,NULL,NULL,NULL,NULL),
 (503,'scald',5,11,80,15,100,0,10,3,5,30,NULL,NULL,NULL),
 (504,'shell-smash',5,1,NULL,15,NULL,0,7,1,309,NULL,NULL,NULL,NULL),
 (505,'heal-pulse',5,14,NULL,10,NULL,0,10,1,310,NULL,NULL,NULL,NULL),
 (506,'hex',5,8,65,10,100,0,10,3,311,NULL,NULL,NULL,NULL),
 (507,'sky-drop',5,3,60,10,100,0,10,2,312,NULL,NULL,NULL,NULL),
 (508,'shift-gear',5,9,NULL,10,NULL,0,7,1,313,NULL,NULL,NULL,NULL),
 (509,'circle-throw',5,2,60,10,90,-6,10,2,314,NULL,NULL,NULL,NULL),
 (510,'incinerate',5,10,60,15,100,0,11,3,315,NULL,NULL,NULL,NULL),
 (511,'quash',5,17,NULL,15,100,0,10,1,316,NULL,NULL,NULL,NULL),
 (512,'acrobatics',5,3,55,15,100,0,10,2,318,NULL,NULL,NULL,NULL),
 (513,'reflect-type',5,1,NULL,15,NULL,0,10,1,319,NULL,NULL,NULL,NULL),
 (514,'retaliate',5,1,70,5,100,0,10,2,320,NULL,NULL,NULL,NULL),
 (515,'final-gambit',5,2,NULL,5,100,0,10,3,321,NULL,NULL,NULL,NULL),
 (516,'bestow',5,1,NULL,15,NULL,0,10,1,324,NULL,NULL,NULL,NULL),
 (517,'inferno',5,10,100,5,50,0,10,3,5,100,NULL,NULL,NULL),
 (518,'water-pledge',5,11,80,10,100,0,10,3,325,NULL,NULL,NULL,NULL),
 (519,'fire-pledge',5,10,80,10,100,0,10,3,326,NULL,NULL,NULL,NULL),
 (520,'grass-pledge',5,12,80,10,100,0,10,3,327,NULL,NULL,NULL,NULL),
 (521,'volt-switch',5,13,70,20,100,0,10,3,229,NULL,NULL,NULL,NULL),
 (522,'struggle-bug',5,7,50,20,100,0,11,3,72,100,NULL,NULL,NULL),
 (523,'bulldoze',5,5,60,20,100,0,9,2,71,100,NULL,NULL,NULL),
 (524,'frost-breath',5,15,60,10,90,0,10,3,289,100,NULL,NULL,NULL),
 (525,'dragon-tail',5,16,60,10,90,-6,10,2,314,NULL,NULL,NULL,NULL),
 (526,'work-up',5,1,NULL,30,NULL,0,7,1,328,NULL,NULL,NULL,NULL),
 (527,'electroweb',5,13,55,15,95,0,11,3,21,100,NULL,NULL,NULL),
 (528,'wild-charge',5,13,90,15,100,0,10,2,49,NULL,NULL,NULL,NULL),
 (529,'drill-run',5,5,80,10,95,0,10,2,44,NULL,NULL,NULL,NULL),
 (530,'dual-chop',5,16,40,15,90,0,10,2,45,NULL,NULL,NULL,NULL),
 (531,'heart-stamp',5,14,60,25,100,0,10,2,32,30,NULL,NULL,NULL),
 (532,'horn-leech',5,12,75,10,100,0,10,2,4,NULL,NULL,NULL,NULL),
 (533,'sacred-sword',5,2,90,15,100,0,10,2,304,NULL,NULL,NULL,NULL),
 (534,'razor-shell',5,11,75,10,95,0,10,2,70,50,NULL,NULL,NULL),
 (535,'heat-crash',5,10,NULL,10,100,0,10,2,292,NULL,NULL,NULL,NULL),
 (536,'leaf-tornado',5,12,65,10,90,0,10,3,74,50,NULL,NULL,NULL),
 (537,'steamroller',5,7,65,20,100,0,10,2,151,30,NULL,NULL,NULL),
 (538,'cotton-guard',5,12,NULL,10,NULL,0,7,1,329,NULL,NULL,NULL,NULL),
 (539,'night-daze',5,17,85,10,95,0,10,3,74,40,NULL,NULL,NULL),
 (540,'psystrike',5,14,100,10,100,0,10,3,283,NULL,NULL,NULL,NULL),
 (541,'tail-slap',5,1,25,10,85,0,10,2,30,NULL,NULL,NULL,NULL),
 (542,'hurricane',5,3,110,10,70,0,10,3,338,30,NULL,NULL,NULL),
 (543,'head-charge',5,1,120,15,100,0,10,2,49,NULL,NULL,NULL,NULL),
 (544,'gear-grind',5,9,50,15,85,0,10,2,45,NULL,NULL,NULL,NULL),
 (545,'searing-shot',5,10,100,5,100,0,9,3,5,30,NULL,NULL,NULL),
 (546,'techno-blast',5,1,120,5,100,0,10,3,269,NULL,NULL,NULL,NULL),
 (547,'relic-song',5,1,75,10,100,0,11,3,330,10,NULL,NULL,NULL),
 (548,'secret-sword',5,2,85,10,100,0,10,3,283,NULL,NULL,NULL,NULL),
 (549,'glaciate',5,15,65,10,95,0,11,3,331,100,NULL,NULL,NULL),
 (550,'bolt-strike',5,13,130,5,85,0,10,2,7,20,NULL,NULL,NULL),
 (551,'blue-flare',5,10,130,5,85,0,10,3,5,20,NULL,NULL,NULL),
 (552,'fiery-dance',5,10,80,10,100,0,10,3,277,50,NULL,NULL,NULL),
 (553,'freeze-shock',5,15,140,5,90,0,10,2,332,30,NULL,NULL,NULL),
 (554,'ice-burn',5,15,140,5,90,0,10,3,333,30,NULL,NULL,NULL),
 (555,'snarl',5,17,55,15,95,0,11,3,72,100,NULL,NULL,NULL),
 (556,'icicle-crash',5,15,85,10,90,0,10,2,32,30,NULL,NULL,NULL),
 (557,'v-create',5,10,180,5,95,0,10,2,335,100,NULL,NULL,NULL),
 (558,'fusion-flare',5,10,100,5,100,0,10,3,336,NULL,NULL,NULL,NULL),
 (559,'fusion-bolt',5,13,100,5,100,0,10,2,337,NULL,NULL,NULL,NULL),
 (560,'flying-press',6,2,80,10,95,0,10,2,339,NULL,NULL,NULL,NULL),
 (561,'mat-block',6,2,NULL,10,NULL,0,4,1,340,NULL,NULL,NULL,NULL),
 (562,'belch',6,4,120,10,90,0,10,3,341,NULL,NULL,NULL,NULL),
 (563,'rototiller',6,5,NULL,10,NULL,0,14,1,342,100,NULL,NULL,NULL),
 (564,'sticky-web',6,7,NULL,20,NULL,0,6,1,343,NULL,NULL,NULL,NULL),
 (565,'fell-stinger',6,7,30,25,100,0,10,2,344,NULL,NULL,NULL,NULL),
 (566,'phantom-force',6,8,90,10,100,0,10,2,273,NULL,NULL,NULL,NULL),
 (567,'trick-or-treat',6,8,NULL,20,100,0,10,1,345,NULL,NULL,NULL,NULL),
 (568,'noble-roar',6,1,NULL,30,100,0,10,1,346,100,NULL,NULL,NULL),
 (569,'ion-deluge',6,13,NULL,25,NULL,1,12,1,347,NULL,NULL,NULL,NULL),
 (570,'parabolic-charge',6,13,50,20,100,0,9,3,348,NULL,NULL,NULL,NULL),
 (571,'forests-curse',6,12,NULL,20,100,0,10,1,349,NULL,NULL,NULL,NULL),
 (572,'petal-blizzard',6,12,90,15,100,0,9,2,1,NULL,NULL,NULL,NULL),
 (573,'freeze-dry',6,15,70,20,100,0,10,3,350,10,NULL,NULL,NULL),
 (574,'disarming-voice',6,18,40,15,NULL,0,11,3,18,NULL,NULL,NULL,NULL),
 (575,'parting-shot',6,17,NULL,20,100,0,10,1,351,100,NULL,NULL,NULL),
 (576,'topsy-turvy',6,17,NULL,20,NULL,0,10,1,352,NULL,NULL,NULL,NULL),
 (577,'draining-kiss',6,18,50,10,100,0,10,3,353,NULL,NULL,NULL,NULL),
 (578,'crafty-shield',6,18,NULL,10,NULL,3,4,1,354,NULL,NULL,NULL,NULL),
 (579,'flower-shield',6,18,NULL,10,NULL,0,14,1,355,100,NULL,NULL,NULL),
 (580,'grassy-terrain',6,12,NULL,10,NULL,0,12,1,356,NULL,NULL,NULL,NULL),
 (581,'misty-terrain',6,18,NULL,10,NULL,0,12,1,357,NULL,NULL,NULL,NULL),
 (582,'electrify',6,13,NULL,20,NULL,0,10,1,358,NULL,NULL,NULL,NULL),
 (583,'play-rough',6,18,90,10,90,0,10,2,69,10,NULL,NULL,NULL),
 (584,'fairy-wind',6,18,40,30,100,0,10,3,1,NULL,NULL,NULL,NULL),
 (585,'moonblast',6,18,95,15,100,0,10,3,72,30,NULL,NULL,NULL),
 (586,'boomburst',6,1,140,10,100,0,9,3,1,NULL,NULL,NULL,NULL),
 (587,'fairy-lock',6,18,NULL,10,NULL,0,12,1,359,NULL,NULL,NULL,NULL),
 (588,'kings-shield',6,9,NULL,10,NULL,4,7,1,360,NULL,NULL,NULL,NULL),
 (589,'play-nice',6,1,NULL,20,NULL,0,10,1,19,100,NULL,NULL,NULL),
 (590,'confide',6,1,NULL,20,NULL,0,10,1,361,100,NULL,NULL,NULL),
 (591,'diamond-storm',6,6,100,5,95,0,11,2,139,50,NULL,NULL,NULL),
 (592,'steam-eruption',6,11,110,5,95,0,10,3,5,30,NULL,NULL,NULL),
 (593,'hyperspace-hole',6,14,80,5,NULL,0,10,3,10007,NULL,NULL,NULL,NULL),
 (594,'water-shuriken',6,11,15,20,100,1,10,2,30,NULL,NULL,NULL,NULL),
 (595,'mystical-fire',6,10,65,10,100,0,10,3,72,100,NULL,NULL,NULL),
 (596,'spiky-shield',6,12,NULL,10,NULL,4,7,1,362,NULL,NULL,NULL,NULL),
 (597,'aromatic-mist',6,18,NULL,20,NULL,0,3,1,363,NULL,NULL,NULL,NULL),
 (598,'eerie-impulse',6,13,NULL,15,100,0,10,1,369,NULL,NULL,NULL,NULL),
 (599,'venom-drench',6,4,NULL,20,100,0,11,1,364,100,NULL,NULL,NULL),
 (600,'powder',6,7,NULL,20,100,1,10,1,365,NULL,NULL,NULL,NULL),
 (601,'geomancy',6,18,NULL,10,NULL,0,7,1,366,NULL,NULL,NULL,NULL),
 (602,'magnetic-flux',6,13,NULL,20,NULL,0,13,1,367,NULL,NULL,NULL,NULL),
 (603,'happy-hour',6,1,NULL,30,NULL,0,4,1,370,NULL,NULL,NULL,NULL),
 (604,'electric-terrain',6,13,NULL,10,NULL,0,12,1,368,NULL,NULL,NULL,NULL),
 (605,'dazzling-gleam',6,18,80,10,100,0,11,3,1,NULL,NULL,NULL,NULL),
 (606,'celebrate',6,1,NULL,40,NULL,0,7,1,10007,NULL,NULL,NULL,NULL),
 (607,'hold-hands',6,1,NULL,40,NULL,0,3,1,10007,NULL,NULL,NULL,NULL),
 (608,'baby-doll-eyes',6,18,NULL,30,100,1,10,1,19,NULL,NULL,NULL,NULL),
 (609,'nuzzle',6,13,20,20,100,0,10,2,7,100,NULL,NULL,NULL),
 (610,'hold-back',6,1,40,40,100,0,10,2,102,NULL,NULL,NULL,NULL),
 (611,'infestation',6,7,20,20,100,0,10,3,43,100,NULL,NULL,NULL),
 (612,'power-up-punch',6,2,40,20,100,0,10,2,140,100,NULL,NULL,NULL),
 (613,'oblivion-wing',6,3,80,10,100,0,10,3,353,NULL,NULL,NULL,NULL),
 (614,'thousand-arrows',6,5,90,10,100,0,11,2,10007,100,NULL,NULL,NULL),
 (615,'thousand-waves',6,5,90,10,100,0,11,2,10007,NULL,NULL,NULL,NULL),
 (616,'lands-wrath',6,5,90,10,100,0,11,2,1,NULL,NULL,NULL,NULL),
 (617,'light-of-ruin',6,18,140,5,90,0,10,3,270,NULL,NULL,NULL,NULL),
 (618,'origin-pulse',6,11,110,10,85,0,11,3,1,NULL,NULL,NULL,NULL),
 (619,'precipice-blades',6,5,120,10,85,0,11,2,1,NULL,NULL,NULL,NULL),
 (620,'dragon-ascent',6,3,120,5,100,0,10,2,230,NULL,NULL,NULL,NULL),
 (621,'hyperspace-fury',6,17,100,5,NULL,0,10,2,360,NULL,NULL,NULL,NULL),
 (10001,'shadow-rush',3,10002,55,NULL,100,0,10,2,10001,NULL,NULL,NULL,NULL),
 (10002,'shadow-blast',3,10002,80,NULL,100,0,10,2,44,NULL,NULL,NULL,NULL),
 (10003,'shadow-blitz',3,10002,40,NULL,100,0,10,2,1,NULL,NULL,NULL,NULL),
 (10004,'shadow-bolt',3,10002,75,NULL,100,0,10,3,7,10,NULL,NULL,NULL),
 (10005,'shadow-break',3,10002,75,NULL,100,0,10,2,1,NULL,NULL,NULL,NULL),
 (10006,'shadow-chill',3,10002,75,NULL,100,0,10,3,6,10,NULL,NULL,NULL),
 (10007,'shadow-end',3,10002,120,NULL,60,0,10,2,10002,NULL,NULL,NULL,NULL),
 (10008,'shadow-fire',3,10002,75,NULL,100,0,10,3,5,10,NULL,NULL,NULL),
 (10009,'shadow-rave',3,10002,70,NULL,100,0,6,3,1,NULL,NULL,NULL,NULL),
 (10010,'shadow-storm',3,10002,95,NULL,100,0,6,3,1,NULL,NULL,NULL,NULL),
 (10011,'shadow-wave',3,10002,50,NULL,100,0,6,3,1,NULL,NULL,NULL,NULL),
 (10012,'shadow-down',3,10002,NULL,NULL,100,0,6,1,60,NULL,NULL,NULL,NULL),
 (10013,'shadow-half',3,10002,NULL,NULL,100,0,12,3,10003,NULL,NULL,NULL,NULL),
 (10014,'shadow-hold',3,10002,NULL,NULL,NULL,0,6,1,107,NULL,NULL,NULL,NULL),
 (10015,'shadow-mist',3,10002,NULL,NULL,100,0,6,1,10004,NULL,NULL,NULL,NULL),
 (10016,'shadow-panic',3,10002,NULL,NULL,90,0,6,1,50,NULL,NULL,NULL,NULL),
 (10017,'shadow-shed',3,10002,NULL,NULL,NULL,0,12,1,10005,NULL,NULL,NULL,NULL),
 (10018,'shadow-sky',3,10002,NULL,NULL,NULL,0,12,1,10006,NULL,NULL,NULL,NULL);
--GO
--DROP TABLE IF EXISTS super_contest_combos;
CREATE TABLE super_contest_combos (
	first_move_id INT NOT NULL, 
	second_move_id INT NOT NULL, 
	PRIMARY KEY (first_move_id, second_move_id), 
	FOREIGN KEY(first_move_id) REFERENCES moves (id) ON UPDATE CASCADE ON DELETE NO ACTION, 
	FOREIGN KEY(second_move_id) REFERENCES moves (id) ON UPDATE NO ACTION ON DELETE NO ACTION
);
INSERT INTO [super_contest_combos] (first_move_id,second_move_id) VALUES (74,345),
 (96,136),
 (111,205),
 (116,400),
 (244,56),
 (268,422);
--GO
--DROP TABLE IF EXISTS [stats];
CREATE TABLE [stats] (
	id INT NOT NULL, 
	damage_class_id INT, 
	identifier VARCHAR(79) NOT NULL, 
	is_battle_only BIT NOT NULL, 
	game_index INT, 
	PRIMARY KEY (id), 
	FOREIGN KEY(damage_class_id) REFERENCES move_damage_classes (id) ON UPDATE CASCADE ON DELETE NO ACTION, 
	CHECK (is_battle_only IN (0, 1))
);
INSERT INTO [stats] (id,damage_class_id,identifier,is_battle_only,game_index) VALUES (1,NULL,'hp',0,1),
 (2,2,'attack',0,2),
 (3,2,'defense',0,3),
 (4,3,'special-attack',0,5),
 (5,3,'special-defense',0,6),
 (6,NULL,'speed',0,4),
 (7,NULL,'accuracy',1,NULL),
 (8,NULL,'evasion',1,NULL);
--GO
--DROP TABLE IF EXISTS stat_names;
CREATE TABLE stat_names (
	stat_id INT NOT NULL, 
	local_language_id INT NOT NULL, 
	[name] VARCHAR(79) NOT NULL, 
	PRIMARY KEY (stat_id, local_language_id), 
	FOREIGN KEY(stat_id) REFERENCES [stats] (id) ON UPDATE CASCADE ON DELETE NO ACTION, 
	FOREIGN KEY(local_language_id) REFERENCES languages (id) ON UPDATE CASCADE ON DELETE NO ACTION
);
INSERT INTO [stat_names] (stat_id,local_language_id,[name]) VALUES (1,1,'HP'),
 (1,5,'PV'),
 (1,6,'KP'),
 (1,7,'PS'),
 (1,8,'PS'),
 (1,9,'HP'),
 (2,1,'こうげき'),
 (2,5,'Attaque'),
 (2,6,'Angriff'),
 (2,7,'Ataque'),
 (2,8,'Attacco'),
 (2,9,'Attack'),
 (3,1,'ぼうぎょ'),
 (3,5,'Défense'),
 (3,6,'Verteidigung'),
 (3,7,'Defensa'),
 (3,8,'Difesa'),
 (3,9,'Defense'),
 (4,1,'とくこう'),
 (4,5,'Attaque Spéciale'),
 (4,6,'Spezialangriff'),
 (4,7,'Ataque Especial'),
 (4,8,'Attacco Speciale'),
 (4,9,'Special Attack'),
 (5,1,'とくぼう'),
 (5,5,'Défense Spéciale'),
 (5,6,'Spezialverteidigung'),
 (5,7,'Defensa Especial'),
 (5,8,'Difesa Speciale'),
 (5,9,'Special Defense'),
 (6,1,'すばやさ'),
 (6,5,'Vitesse'),
 (6,6,'Initiative'),
 (6,7,'Velocidad'),
 (6,8,'Velocità'),
 (6,9,'Speed'),
 (7,1,'めいちゅう'),
 (7,5,'Précision'),
 (7,6,'Genauigkeit'),
 (7,7,'Precisión'),
 (7,8,'precisione'),
 (7,9,'accuracy'),
 (8,1,'かいひ'),
 (8,5,'Esquive'),
 (8,6,'Fluchtwert'),
 (8,7,'Evasión'),
 (8,8,'elusione'),
 (8,9,'evasion'),
 (1,10,'HP'),
 (3,10,'Obranný'),
 (6,10,'Rychlost'),
 (2,10,'Útočný');
--GO
--DROP TABLE IF EXISTS region_names;
CREATE TABLE region_names (
	region_id INT NOT NULL, 
	local_language_id INT NOT NULL, 
	[name] VARCHAR(79) NOT NULL, 
	PRIMARY KEY (region_id, local_language_id), 
	FOREIGN KEY(region_id) REFERENCES regions (id) ON UPDATE CASCADE ON DELETE NO ACTION, 
	FOREIGN KEY(local_language_id) REFERENCES languages (id) ON UPDATE CASCADE ON DELETE NO ACTION
);
INSERT INTO [region_names] (region_id,local_language_id,[name]) VALUES (1,1,'カントー地方'),
 (1,5,'Kanto'),
 (1,6,'Kanto'),
 (1,8,'Kanto'),
 (1,9,'Kanto'),
 (2,1,'ジョウト地方'),
 (2,5,'Johto'),
 (2,6,'Johto'),
 (2,8,'Johto'),
 (2,9,'Johto'),
 (3,1,'ホウエン地方'),
 (3,5,'Hoenn'),
 (3,6,'Hoenn'),
 (3,8,'Hoenn'),
 (3,9,'Hoenn'),
 (4,1,'シンオウ地方'),
 (4,5,'Sinnoh'),
 (4,6,'Sinnoh'),
 (4,8,'Sinnoh'),
 (4,9,'Sinnoh'),
 (5,1,'イッシュ地方'),
 (5,5,'Unys'),
 (5,6,'Einall'),
 (5,8,'Unima'),
 (5,9,'Unova'),
 (6,1,'カロス地方'),
 (6,5,'Kalos'),
 (6,6,'Kalos'),
 (6,8,'Kalos'),
 (6,9,'Kalos'),
 (5,10,'Unovský');
--GO
--DROP TABLE IF EXISTS pokemon_shapes;
CREATE TABLE pokemon_shapes (
	id INT NOT NULL, 
	identifier VARCHAR(79) NOT NULL, 
	PRIMARY KEY (id)
);
INSERT INTO [pokemon_shapes] (id,identifier) VALUES (1,'ball'),
 (2,'squiggle'),
 (3,'fish'),
 (4,'arms'),
 (5,'blob'),
 (6,'upright'),
 (7,'legs'),
 (8,'quadruped'),
 (9,'wings'),
 (10,'tentacles'),
 (11,'heads'),
 (12,'humanoid'),
 (13,'bug-wings'),
 (14,'armor');
--GO
--DROP TABLE IF EXISTS pokemon_habitats;
CREATE TABLE pokemon_habitats (
	id INT NOT NULL, 
	identifier VARCHAR(79) NOT NULL, 
	PRIMARY KEY (id)
);
INSERT INTO [pokemon_habitats] (id,identifier) VALUES (1,'cave'),
 (2,'forest'),
 (3,'grassland'),
 (4,'mountain'),
 (5,'rare'),
 (6,'rough-terrain'),
 (7,'sea'),
 (8,'urban'),
 (9,'waters-edge');
--GO
--DROP TABLE IF EXISTS pokemon_colors;
CREATE TABLE pokemon_colors (
	id INT NOT NULL, 
	identifier VARCHAR(79) NOT NULL, 
	PRIMARY KEY (id)
);
INSERT INTO [pokemon_colors] (id,identifier) VALUES (1,'black'),
 (2,'blue'),
 (3,'brown'),
 (4,'gray'),
 (5,'green'),
 (6,'pink'),
 (7,'purple'),
 (8,'red'),
 (9,'white'),
 (10,'yellow');
--GO
--DROP TABLE IF EXISTS growth_rates;
CREATE TABLE growth_rates (
	id INT NOT NULL, 
	identifier VARCHAR(79) NOT NULL, 
	formula TEXT NOT NULL, 
	PRIMARY KEY (id)
);
INSERT INTO [growth_rates] (id,identifier,formula) VALUES (1,'slow','\frac{5x^3}{4}'),
 (2,'medium','x^3'),
 (3,'fast','\frac{4x^3}{5}'),
 (4,'medium-slow','\frac{6x^3}{5} - 15x^2 + 100x - 140'),
 (5,'slow-then-very-fast','\begin{cases}
\frac{ x^3 \left( 100 - x \right) }{50},    & \text{if } x \leq 50  \\
\frac{ x^3 \left( 150 - x \right) }{100},   & \text{if } 50 < x \leq 68  \\
\frac{ x^3 \left( 1274 + (x \bmod 3)^2 - 9 (x \bmod 3) - 20 \left\lfloor \frac{x}{3} \right\rfloor \right) }{1000}, & \text{if } 68 < x \leq 98  \\
\frac{ x^3 \left( 160 - x \right) }{100},   & \text{if } x > 98  \\
\end{cases}'),
 (6,'fast-then-very-slow','\begin{cases}
\frac{ x^3 \left( 24 + \left\lfloor \frac{x+1}{3} \right\rfloor \right) }{50},  & \text{if } x \leq 15  \\
\frac{ x^3 \left( 14 + x \right) }{50},     & \text{if } 15 < x \leq 35  \\
\frac{ x^3 \left( 32 + \left\lfloor \frac{x}{2} \right\rfloor \right ) }{50},   & \text{if } x > 35  \\
\end{cases}');
--GO
--DROP TABLE IF EXISTS item_fling_effects;
CREATE TABLE item_fling_effects (
	id INT NOT NULL, 
	PRIMARY KEY (id)
);
INSERT INTO [item_fling_effects] (id) VALUES (1),
 (2),
 (3),
 (4),
 (5),
 (6),
 (7);
--GO
--DROP TABLE IF EXISTS item_pockets;
CREATE TABLE item_pockets (
	id INT NOT NULL, 
	identifier VARCHAR(79) NOT NULL, 
	PRIMARY KEY (id)
);
INSERT INTO [item_pockets] (id,identifier) VALUES (1,'misc'),
 (2,'medicine'),
 (3,'pokeballs'),
 (4,'machines'),
 (5,'berries'),
 (6,'mail'),
 (7,'battle'),
 (8,'key');
--GO
--DROP TABLE IF EXISTS item_categories;
CREATE TABLE item_categories (
	id INT NOT NULL, 
	pocket_id INT NOT NULL, 
	identifier VARCHAR(79) NOT NULL, 
	PRIMARY KEY (id), 
	FOREIGN KEY(pocket_id) REFERENCES item_pockets (id) ON UPDATE CASCADE ON DELETE NO ACTION
);
INSERT INTO [item_categories] (id,pocket_id,identifier) VALUES (1,7,'stat-boosts'),
 (2,5,'effort-drop'),
 (3,5,'medicine'),
 (4,5,'other'),
 (5,5,'in-a-pinch'),
 (6,5,'picky-healing'),
 (7,5,'type-protection'),
 (8,5,'baking-only'),
 (9,1,'collectibles'),
 (10,1,'evolution'),
 (11,1,'spelunking'),
 (12,1,'held-items'),
 (13,1,'choice'),
 (14,1,'effort-training'),
 (15,1,'bad-held-items'),
 (16,1,'training'),
 (17,1,'plates'),
 (18,1,'species-specific'),
 (19,1,'type-enhancement'),
 (20,8,'event-items'),
 (21,8,'gameplay'),
 (22,8,'plot-advancement'),
 (23,8,'unused'),
 (24,1,'loot'),
 (25,6,'all-mail'),
 (26,2,'vitamins'),
 (27,2,'healing'),
 (28,2,'pp-recovery'),
 (29,2,'revival'),
 (30,2,'status-cures'),
 (32,1,'mulch'),
 (33,3,'special-balls'),
 (34,3,'standard-balls'),
 (35,1,'dex-completion'),
 (36,1,'scarves'),
 (37,4,'all-machines'),
 (38,7,'flutes'),
 (39,3,'apricorn-balls'),
 (40,8,'apricorn-box'),
 (41,8,'data-cards'),
 (42,1,'jewels'),
 (43,7,'miracle-shooter'),
 (44,1,'mega-stones'),
 (10001,8,'xy-unknown');
--GO
--DROP TABLE IF EXISTS items;
CREATE TABLE items (
	id INT NOT NULL, 
	identifier VARCHAR(79) NOT NULL, 
	category_id INT NOT NULL, 
	cost INT NOT NULL, 
	fling_power INT, 
	fling_effect_id INT, 
	is_main_series BIT DEFAULT(1) NOT NULL, --Room for expansion
	PRIMARY KEY (id), 
	FOREIGN KEY(category_id) REFERENCES item_categories (id) ON UPDATE CASCADE ON DELETE NO ACTION, 
	FOREIGN KEY(fling_effect_id) REFERENCES item_fling_effects (id) ON UPDATE CASCADE ON DELETE NO ACTION
);
INSERT INTO [items] (id,identifier,category_id,cost,fling_power,fling_effect_id) VALUES (1,'master-ball',34,0,NULL,NULL),
 (2,'ultra-ball',34,1200,NULL,NULL),
 (3,'great-ball',34,600,NULL,NULL),
 (4,'poke-ball',34,200,NULL,NULL),
 (5,'safari-ball',34,0,NULL,NULL),
 (6,'net-ball',33,1000,NULL,NULL),
 (7,'dive-ball',33,1000,NULL,NULL),
 (8,'nest-ball',33,1000,NULL,NULL),
 (9,'repeat-ball',33,1000,NULL,NULL),
 (10,'timer-ball',33,1000,NULL,NULL),
 (11,'luxury-ball',33,1000,NULL,NULL),
 (12,'premier-ball',33,200,NULL,NULL),
 (13,'dusk-ball',33,1000,NULL,NULL),
 (14,'heal-ball',33,300,NULL,NULL),
 (15,'quick-ball',33,1000,NULL,NULL),
 (16,'cherish-ball',33,200,NULL,NULL),
 (17,'potion',27,300,30,NULL),
 (18,'antidote',30,100,30,NULL),
 (19,'burn-heal',30,250,30,NULL),
 (20,'ice-heal',30,250,30,NULL),
 (21,'awakening',30,250,30,NULL),
 (22,'paralyze-heal',30,200,30,NULL),
 (23,'full-restore',27,3000,30,NULL),
 (24,'max-potion',27,2500,30,NULL),
 (25,'hyper-potion',27,1200,30,NULL),
 (26,'super-potion',27,700,30,NULL),
 (27,'full-heal',30,600,30,NULL),
 (28,'revive',29,1500,30,NULL),
 (29,'max-revive',29,4000,30,NULL),
 (30,'fresh-water',27,200,30,NULL),
 (31,'soda-pop',27,300,30,NULL),
 (32,'lemonade',27,350,30,NULL),
 (33,'moomoo-milk',27,500,30,NULL),
 (34,'energy-powder',27,500,30,NULL),
 (35,'energy-root',27,800,30,NULL),
 (36,'heal-powder',30,450,30,NULL),
 (37,'revival-herb',29,2800,30,NULL),
 (38,'ether',28,1200,30,NULL),
 (39,'max-ether',28,2000,30,NULL),
 (40,'elixir',28,3000,30,NULL),
 (41,'max-elixir',28,4500,30,NULL),
 (42,'lava-cookie',30,200,30,NULL),
 (43,'berry-juice',27,100,30,NULL),
 (44,'sacred-ash',29,200,30,NULL),
 (45,'hp-up',26,9800,30,NULL),
 (46,'protein',26,9800,30,NULL),
 (47,'iron',26,9800,30,NULL),
 (48,'carbos',26,9800,30,NULL),
 (49,'calcium',26,9800,30,NULL),
 (50,'rare-candy',26,4800,30,NULL),
 (51,'pp-up',26,9800,30,NULL),
 (52,'zinc',26,9800,30,NULL),
 (53,'pp-max',26,9800,30,NULL),
 (54,'old-gateau',30,200,30,NULL),
 (55,'guard-spec',1,700,30,NULL),
 (56,'dire-hit',1,650,30,NULL),
 (57,'x-attack',1,500,30,NULL),
 (58,'x-defense',1,550,30,NULL),
 (59,'x-speed',1,350,30,NULL),
 (60,'x-accuracy',1,950,30,NULL),
 (61,'x-sp-atk',1,350,30,NULL),
 (62,'x-sp-def',1,350,30,NULL),
 (63,'poke-doll',11,1000,30,NULL),
 (64,'fluffy-tail',11,1000,30,NULL),
 (65,'blue-flute',38,100,30,NULL),
 (66,'yellow-flute',38,200,30,NULL),
 (67,'red-flute',38,300,30,NULL),
 (68,'black-flute',11,400,30,NULL),
 (69,'white-flute',11,500,30,NULL),
 (70,'shoal-salt',9,20,30,NULL),
 (71,'shoal-shell',9,20,30,NULL),
 (72,'red-shard',9,200,30,NULL),
 (73,'blue-shard',9,200,30,NULL),
 (74,'yellow-shard',9,200,30,NULL),
 (75,'green-shard',9,200,30,NULL),
 (76,'super-repel',11,500,30,NULL),
 (77,'max-repel',11,700,30,NULL),
 (78,'escape-rope',11,550,30,NULL),
 (79,'repel',11,350,30,NULL),
 (80,'sun-stone',10,2100,30,NULL),
 (81,'moon-stone',10,2100,30,NULL),
 (82,'fire-stone',10,2100,30,NULL),
 (83,'thunder-stone',10,2100,30,NULL),
 (84,'water-stone',10,2100,30,NULL),
 (85,'leaf-stone',10,2100,30,NULL),
 (86,'tiny-mushroom',24,500,30,NULL),
 (87,'big-mushroom',24,5000,30,NULL),
 (88,'pearl',24,1400,30,NULL),
 (89,'big-pearl',24,7500,30,NULL),
 (90,'stardust',24,2000,30,NULL),
 (91,'star-piece',24,9800,30,NULL),
 (92,'nugget',24,10000,30,NULL),
 (93,'heart-scale',9,100,30,NULL),
 (94,'honey',35,100,30,NULL),
 (95,'growth-mulch',32,200,30,NULL),
 (96,'damp-mulch',32,200,30,NULL),
 (97,'stable-mulch',32,200,30,NULL),
 (98,'gooey-mulch',32,200,30,NULL),
 (99,'root-fossil',35,1000,100,NULL),
 (100,'claw-fossil',35,1000,100,NULL),
 (101,'helix-fossil',35,1000,100,NULL),
 (102,'dome-fossil',35,1000,100,NULL),
 (103,'old-amber',35,1000,100,NULL),
 (104,'armor-fossil',35,1000,100,NULL),
 (105,'skull-fossil',35,1000,100,NULL),
 (106,'rare-bone',24,10000,100,NULL),
 (107,'shiny-stone',10,2100,80,NULL),
 (108,'dusk-stone',10,2100,80,NULL),
 (109,'dawn-stone',10,2100,80,NULL),
 (110,'oval-stone',10,2100,80,NULL),
 (111,'odd-keystone',35,2100,80,NULL),
 (112,'adamant-orb',18,10000,60,NULL),
 (113,'lustrous-orb',18,10000,60,NULL),
 (114,'grass-mail',25,50,NULL,NULL),
 (115,'flame-mail',25,50,NULL,NULL),
 (116,'bubble-mail',25,50,NULL,NULL),
 (117,'bloom-mail',25,50,NULL,NULL),
 (118,'tunnel-mail',25,50,NULL,NULL),
 (119,'steel-mail',25,50,NULL,NULL),
 (120,'heart-mail',25,50,NULL,NULL),
 (121,'snow-mail',25,50,NULL,NULL),
 (122,'space-mail',25,50,NULL,NULL),
 (123,'air-mail',25,50,NULL,NULL),
 (124,'mosaic-mail',25,50,NULL,NULL),
 (125,'brick-mail',25,50,NULL,NULL),
 (126,'cheri-berry',3,20,10,3),
 (127,'chesto-berry',3,20,10,3),
 (128,'pecha-berry',3,20,10,3),
 (129,'rawst-berry',3,20,10,3),
 (130,'aspear-berry',3,20,10,3),
 (131,'leppa-berry',3,20,10,3),
 (132,'oran-berry',3,20,10,3),
 (133,'persim-berry',3,20,10,3),
 (134,'lum-berry',3,20,10,3),
 (135,'sitrus-berry',3,20,10,3),
 (136,'figy-berry',6,20,10,3),
 (137,'wiki-berry',6,20,10,3),
 (138,'mago-berry',6,20,10,3),
 (139,'aguav-berry',6,20,10,3),
 (140,'iapapa-berry',6,20,10,3),
 (141,'razz-berry',8,20,10,NULL),
 (142,'bluk-berry',8,20,10,NULL),
 (143,'nanab-berry',8,20,10,NULL),
 (144,'wepear-berry',8,20,10,NULL),
 (145,'pinap-berry',8,20,10,NULL),
 (146,'pomeg-berry',2,20,10,NULL),
 (147,'kelpsy-berry',2,20,10,NULL),
 (148,'qualot-berry',2,20,10,NULL),
 (149,'hondew-berry',2,20,10,NULL),
 (150,'grepa-berry',2,20,10,NULL),
 (151,'tamato-berry',2,20,10,NULL),
 (152,'cornn-berry',8,20,10,NULL),
 (153,'magost-berry',8,20,10,NULL),
 (154,'rabuta-berry',8,20,10,NULL),
 (155,'nomel-berry',8,20,10,NULL),
 (156,'spelon-berry',8,20,10,NULL),
 (157,'pamtre-berry',8,20,10,NULL),
 (158,'watmel-berry',8,20,10,NULL),
 (159,'durin-berry',8,20,10,NULL),
 (160,'belue-berry',8,20,10,NULL),
 (161,'occa-berry',7,20,10,NULL),
 (162,'passho-berry',7,20,10,NULL),
 (163,'wacan-berry',7,20,10,NULL),
 (164,'rindo-berry',7,20,10,NULL),
 (165,'yache-berry',7,20,10,NULL),
 (166,'chople-berry',7,20,10,NULL),
 (167,'kebia-berry',7,20,10,NULL),
 (168,'shuca-berry',7,20,10,NULL),
 (169,'coba-berry',7,20,10,NULL),
 (170,'payapa-berry',7,20,10,NULL),
 (171,'tanga-berry',7,20,10,NULL),
 (172,'charti-berry',7,20,10,NULL),
 (173,'kasib-berry',7,20,10,NULL),
 (174,'haban-berry',7,20,10,NULL),
 (175,'colbur-berry',7,20,10,NULL),
 (176,'babiri-berry',7,20,10,NULL),
 (177,'chilan-berry',7,20,10,NULL),
 (178,'liechi-berry',5,20,10,3),
 (179,'ganlon-berry',5,20,10,3),
 (180,'salac-berry',5,20,10,3),
 (181,'petaya-berry',5,20,10,3),
 (182,'apicot-berry',5,20,10,3),
 (183,'lansat-berry',5,20,10,3),
 (184,'starf-berry',5,20,10,3),
 (185,'enigma-berry',4,20,10,NULL),
 (186,'micle-berry',5,20,10,3),
 (187,'custap-berry',5,20,10,NULL),
 (188,'jaboca-berry',4,20,10,NULL),
 (189,'rowap-berry',4,20,10,NULL),
 (190,'bright-powder',12,10,10,NULL),
 (191,'white-herb',12,100,10,4),
 (192,'macho-brace',14,3000,60,NULL),
 (193,'exp-share',16,3000,30,NULL),
 (194,'quick-claw',12,100,80,NULL),
 (195,'soothe-bell',16,100,10,NULL),
 (196,'mental-herb',12,100,10,4),
 (197,'choice-band',13,100,10,NULL),
 (198,'kings-rock',12,100,30,7),
 (199,'silver-powder',19,100,10,NULL),
 (200,'amulet-coin',16,100,30,NULL),
 (201,'cleanse-tag',16,200,30,NULL),
 (202,'soul-dew',18,200,30,NULL),
 (203,'deep-sea-tooth',18,200,90,NULL),
 (204,'deep-sea-scale',18,200,30,NULL),
 (205,'smoke-ball',12,200,30,NULL),
 (206,'everstone',16,200,30,NULL),
 (207,'focus-band',12,200,10,NULL),
 (208,'lucky-egg',16,200,30,NULL),
 (209,'scope-lens',12,200,30,NULL),
 (210,'metal-coat',19,100,30,NULL),
 (211,'leftovers',12,200,10,NULL),
 (212,'dragon-scale',10,2100,30,NULL),
 (213,'light-ball',18,100,30,5),
 (214,'soft-sand',19,100,10,NULL),
 (215,'hard-stone',19,100,100,NULL),
 (216,'miracle-seed',19,100,30,NULL),
 (217,'black-glasses',19,100,30,NULL),
 (218,'black-belt',19,100,30,NULL),
 (219,'magnet',19,100,30,NULL),
 (220,'mystic-water',19,100,30,NULL),
 (221,'sharp-beak',19,100,50,NULL),
 (222,'poison-barb',19,100,70,6),
 (223,'never-melt-ice',19,100,30,NULL),
 (224,'spell-tag',19,100,30,NULL),
 (225,'twisted-spoon',19,100,30,NULL),
 (226,'charcoal',19,9800,30,NULL),
 (227,'dragon-fang',19,100,70,NULL),
 (228,'silk-scarf',19,100,10,NULL),
 (229,'up-grade',10,2100,30,NULL),
 (230,'shell-bell',12,200,30,NULL),
 (231,'sea-incense',19,9600,10,NULL),
 (232,'lax-incense',12,9600,10,NULL),
 (233,'lucky-punch',18,10,40,NULL),
 (234,'metal-powder',18,10,10,NULL),
 (235,'thick-club',18,500,90,NULL),
 (236,'stick',18,200,60,NULL),
 (237,'red-scarf',36,100,10,NULL),
 (238,'blue-scarf',36,100,10,NULL),
 (239,'pink-scarf',36,100,10,NULL),
 (240,'green-scarf',36,100,10,NULL),
 (241,'yellow-scarf',36,100,10,NULL),
 (242,'wide-lens',12,200,10,NULL),
 (243,'muscle-band',12,200,10,NULL),
 (244,'wise-glasses',12,200,10,NULL),
 (245,'expert-belt',12,200,10,NULL),
 (246,'light-clay',12,200,30,NULL),
 (247,'life-orb',12,200,30,NULL),
 (248,'power-herb',12,100,10,NULL),
 (249,'toxic-orb',15,100,30,1),
 (250,'flame-orb',15,100,30,2),
 (251,'quick-powder',18,10,10,NULL),
 (252,'focus-sash',12,200,10,NULL),
 (253,'zoom-lens',12,200,10,NULL),
 (254,'metronome',12,200,30,NULL),
 (255,'iron-ball',15,200,130,NULL),
 (256,'lagging-tail',15,200,10,NULL),
 (257,'destiny-knot',12,200,10,NULL),
 (258,'black-sludge',12,200,30,NULL),
 (259,'icy-rock',12,200,40,NULL),
 (260,'smooth-rock',12,200,10,NULL),
 (261,'heat-rock',12,200,60,NULL),
 (262,'damp-rock',12,200,60,NULL),
 (263,'grip-claw',12,200,90,NULL),
 (264,'choice-scarf',13,200,10,NULL),
 (265,'sticky-barb',15,200,80,NULL),
 (266,'power-bracer',14,3000,70,NULL),
 (267,'power-belt',14,3000,70,NULL),
 (268,'power-lens',14,3000,70,NULL),
 (269,'power-band',14,3000,70,NULL),
 (270,'power-anklet',14,3000,70,NULL),
 (271,'power-weight',14,3000,70,NULL),
 (272,'shed-shell',12,100,10,NULL),
 (273,'big-root',12,200,10,NULL),
 (274,'choice-specs',13,200,10,NULL),
 (275,'flame-plate',17,1000,90,NULL),
 (276,'splash-plate',17,1000,90,NULL),
 (277,'zap-plate',17,1000,90,NULL),
 (278,'meadow-plate',17,1000,90,NULL),
 (279,'icicle-plate',17,1000,90,NULL),
 (280,'fist-plate',17,1000,90,NULL),
 (281,'toxic-plate',17,1000,90,NULL),
 (282,'earth-plate',17,1000,90,NULL),
 (283,'sky-plate',17,1000,90,NULL),
 (284,'mind-plate',17,1000,90,NULL),
 (285,'insect-plate',17,1000,90,NULL),
 (286,'stone-plate',17,1000,90,NULL),
 (287,'spooky-plate',17,1000,90,NULL),
 (288,'draco-plate',17,1000,90,NULL),
 (289,'dread-plate',17,1000,90,NULL),
 (290,'iron-plate',17,1000,90,NULL),
 (291,'odd-incense',19,9600,10,NULL),
 (292,'rock-incense',19,9600,10,NULL),
 (293,'full-incense',15,9600,10,NULL),
 (294,'wave-incense',19,9600,10,NULL),
 (295,'rose-incense',19,9600,10,NULL),
 (296,'luck-incense',16,9600,10,NULL),
 (297,'pure-incense',16,9600,10,NULL),
 (298,'protector',10,2100,80,NULL),
 (299,'electirizer',10,2100,80,NULL),
 (300,'magmarizer',10,2100,80,NULL),
 (301,'dubious-disc',10,2100,50,NULL),
 (302,'reaper-cloth',10,2100,10,NULL),
 (303,'razor-claw',12,2100,80,NULL),
 (304,'razor-fang',12,2100,30,7),
 (305,'tm01',37,3000,NULL,NULL),
 (306,'tm02',37,3000,NULL,NULL),
 (307,'tm03',37,3000,NULL,NULL),
 (308,'tm04',37,1500,NULL,NULL),
 (309,'tm05',37,1000,NULL,NULL),
 (310,'tm06',37,3000,NULL,NULL),
 (311,'tm07',37,2000,NULL,NULL),
 (312,'tm08',37,1500,NULL,NULL),
 (313,'tm09',37,2000,NULL,NULL),
 (314,'tm10',37,2000,NULL,NULL),
 (315,'tm11',37,2000,NULL,NULL),
 (316,'tm12',37,1500,NULL,NULL),
 (317,'tm13',37,3000,NULL,NULL),
 (318,'tm14',37,5500,NULL,NULL),
 (319,'tm15',37,7500,NULL,NULL),
 (320,'tm16',37,2000,NULL,NULL),
 (321,'tm17',37,2000,NULL,NULL),
 (322,'tm18',37,2000,NULL,NULL),
 (323,'tm19',37,3000,NULL,NULL),
 (324,'tm20',37,2000,NULL,NULL),
 (325,'tm21',37,1000,NULL,NULL),
 (326,'tm22',37,3000,NULL,NULL),
 (327,'tm23',37,3000,NULL,NULL),
 (328,'tm24',37,3000,NULL,NULL),
 (329,'tm25',37,5500,NULL,NULL),
 (330,'tm26',37,3000,NULL,NULL),
 (331,'tm27',37,1000,NULL,NULL),
 (332,'tm28',37,2000,NULL,NULL),
 (333,'tm29',37,3000,NULL,NULL),
 (334,'tm30',37,3000,NULL,NULL),
 (335,'tm31',37,3000,NULL,NULL),
 (336,'tm32',37,1000,NULL,NULL),
 (337,'tm33',37,2000,NULL,NULL),
 (338,'tm34',37,3000,NULL,NULL),
 (339,'tm35',37,3000,NULL,NULL),
 (340,'tm36',37,3000,NULL,NULL),
 (341,'tm37',37,2000,NULL,NULL),
 (342,'tm38',37,5500,NULL,NULL),
 (343,'tm39',37,2000,NULL,NULL),
 (344,'tm40',37,3000,NULL,NULL),
 (345,'tm41',37,1500,NULL,NULL),
 (346,'tm42',37,3000,NULL,NULL),
 (347,'tm43',37,2000,NULL,NULL),
 (348,'tm44',37,3000,NULL,NULL),
 (349,'tm45',37,3000,NULL,NULL),
 (350,'tm46',37,2000,NULL,NULL),
 (351,'tm47',37,3000,NULL,NULL),
 (352,'tm48',37,3000,NULL,NULL),
 (353,'tm49',37,1500,NULL,NULL),
 (354,'tm50',37,5500,NULL,NULL),
 (355,'tm51',37,2000,NULL,NULL),
 (356,'tm52',37,5500,NULL,NULL),
 (357,'tm53',37,3000,NULL,NULL),
 (358,'tm54',37,2000,NULL,NULL),
 (359,'tm55',37,3000,NULL,NULL),
 (360,'tm56',37,2000,NULL,NULL),
 (361,'tm57',37,3000,NULL,NULL),
 (362,'tm58',37,2000,NULL,NULL),
 (363,'tm59',37,3000,NULL,NULL),
 (364,'tm60',37,3000,NULL,NULL),
 (365,'tm61',37,2000,NULL,NULL),
 (366,'tm62',37,3000,NULL,NULL),
 (367,'tm63',37,2000,NULL,NULL),
 (368,'tm64',37,7500,NULL,NULL),
 (369,'tm65',37,3000,NULL,NULL),
 (370,'tm66',37,3000,NULL,NULL),
 (371,'tm67',37,1000,NULL,NULL),
 (372,'tm68',37,7500,NULL,NULL),
 (373,'tm69',37,1500,NULL,NULL),
 (374,'tm70',37,1000,NULL,NULL),
 (375,'tm71',37,3000,NULL,NULL),
 (376,'tm72',37,3000,NULL,NULL),
 (377,'tm73',37,2000,NULL,NULL),
 (378,'tm74',37,3000,NULL,NULL),
 (379,'tm75',37,1500,NULL,NULL),
 (380,'tm76',37,2000,NULL,NULL),
 (381,'tm77',37,1500,NULL,NULL),
 (382,'tm78',37,1500,NULL,NULL),
 (383,'tm79',37,3000,NULL,NULL),
 (384,'tm80',37,3000,NULL,NULL),
 (385,'tm81',37,3000,NULL,NULL),
 (386,'tm82',37,1000,NULL,NULL),
 (387,'tm83',37,2000,NULL,NULL),
 (388,'tm84',37,3000,NULL,NULL),
 (389,'tm85',37,3000,NULL,NULL),
 (390,'tm86',37,3000,NULL,NULL),
 (391,'tm87',37,1500,NULL,NULL),
 (392,'tm88',37,3000,NULL,NULL),
 (393,'tm89',37,3000,NULL,NULL),
 (394,'tm90',37,2000,NULL,NULL),
 (395,'tm91',37,3000,NULL,NULL),
 (396,'tm92',37,5500,NULL,NULL),
 (397,'hm01',37,0,NULL,NULL),
 (398,'hm02',37,0,NULL,NULL),
 (399,'hm03',37,0,NULL,NULL),
 (400,'hm04',37,0,NULL,NULL),
 (401,'hm05',37,0,NULL,NULL),
 (402,'hm06',37,0,NULL,NULL),
 (403,'hm07',37,0,NULL,NULL),
 (404,'hm08',37,0,NULL,NULL),
 (405,'explorer-kit',21,0,NULL,NULL),
 (406,'loot-sack',23,0,NULL,NULL),
 (407,'rule-book',23,0,NULL,NULL),
 (408,'poke-radar',21,0,NULL,NULL),
 (409,'point-card',21,0,NULL,NULL),
 (410,'journal',21,0,NULL,NULL),
 (411,'seal-case',21,0,NULL,NULL),
 (412,'fashion-case',21,0,NULL,NULL),
 (413,'seal-bag',23,0,NULL,NULL),
 (414,'pal-pad',21,0,NULL,NULL),
 (415,'works-key',22,0,NULL,NULL),
 (416,'old-charm',22,0,NULL,NULL),
 (417,'galactic-key',22,0,NULL,NULL),
 (418,'red-chain',23,0,NULL,NULL),
 (419,'town-map',21,0,NULL,NULL),
 (420,'vs-seeker',21,0,NULL,NULL),
 (421,'coin-case',21,0,NULL,NULL),
 (422,'old-rod',21,0,NULL,NULL),
 (423,'good-rod',21,0,NULL,NULL),
 (424,'super-rod',21,0,NULL,NULL),
 (425,'sprayduck',21,0,NULL,NULL),
 (426,'poffin-case',21,0,NULL,NULL),
 (427,'bicycle',21,0,NULL,NULL),
 (428,'suite-key',20,0,NULL,NULL),
 (429,'oaks-letter',20,0,NULL,NULL),
 (430,'lunar-wing',20,0,NULL,NULL),
 (431,'member-card',20,0,NULL,NULL),
 (432,'azure-flute',20,0,NULL,NULL),
 (433,'ss-ticket',22,0,NULL,NULL),
 (434,'contest-pass',21,0,NULL,NULL),
 (435,'magma-stone',22,0,NULL,NULL),
 (436,'parcel',22,0,NULL,NULL),
 (437,'coupon-1',22,0,NULL,NULL),
 (438,'coupon-2',22,0,NULL,NULL),
 (439,'coupon-3',22,0,NULL,NULL),
 (440,'storage-key',22,0,NULL,NULL),
 (441,'secret-potion',22,0,NULL,NULL),
 (442,'griseous-orb',18,10000,NULL,NULL),
 (443,'vs-recorder',21,0,NULL,NULL),
 (444,'gracidea',20,0,NULL,NULL),
 (445,'secret-key',20,0,NULL,NULL),
 (446,'apricorn-box',21,0,NULL,NULL),
 (447,'berry-pots',21,0,NULL,NULL),
 (448,'squirt-bottle',22,0,NULL,NULL),
 (449,'lure-ball',39,300,NULL,NULL),
 (450,'level-ball',39,300,NULL,NULL),
 (451,'moon-ball',39,300,NULL,NULL),
 (452,'heavy-ball',39,300,NULL,NULL),
 (453,'fast-ball',39,300,NULL,NULL),
 (454,'friend-ball',39,300,NULL,NULL),
 (455,'love-ball',39,300,NULL,NULL),
 (456,'park-ball',34,0,NULL,NULL),
 (457,'sport-ball',34,0,NULL,NULL),
 (458,'red-apricorn',40,0,NULL,NULL),
 (459,'blue-apricorn',40,0,NULL,NULL),
 (460,'yellow-apricorn',40,0,NULL,NULL),
 (461,'green-apricorn',40,0,NULL,NULL),
 (462,'pink-apricorn',40,0,NULL,NULL),
 (463,'white-apricorn',40,0,NULL,NULL),
 (464,'black-apricorn',40,0,NULL,NULL),
 (465,'dowsing-machine',21,0,NULL,NULL),
 (466,'rage-candy-bar',21,0,NULL,NULL),
 (467,'red-orb',22,0,NULL,NULL),
 (468,'blue-orb',22,0,NULL,NULL),
 (469,'jade-orb',22,0,NULL,NULL),
 (470,'enigma-stone',20,0,NULL,NULL),
 (471,'unown-report',21,0,NULL,NULL),
 (472,'blue-card',21,0,NULL,NULL),
 (473,'slowpoke-tail',23,0,NULL,NULL),
 (474,'clear-bell',22,0,NULL,NULL),
 (475,'card-key',22,0,NULL,NULL),
 (476,'basement-key',22,0,NULL,NULL),
 (477,'red-scale',22,0,NULL,NULL),
 (478,'lost-item',22,0,NULL,NULL),
 (479,'pass',22,0,NULL,NULL),
 (480,'machine-part',22,0,NULL,NULL),
 (481,'silver-wing',22,0,NULL,NULL),
 (482,'rainbow-wing',22,0,NULL,NULL),
 (483,'mystery-egg',22,0,NULL,NULL),
 (484,'gb-sounds',21,0,NULL,NULL),
 (485,'tidal-bell',22,0,NULL,NULL),
 (486,'data-card-01',41,0,NULL,NULL),
 (487,'data-card-02',41,0,NULL,NULL),
 (488,'data-card-03',41,0,NULL,NULL),
 (489,'data-card-04',41,0,NULL,NULL),
 (490,'data-card-05',41,0,NULL,NULL),
 (491,'data-card-06',41,0,NULL,NULL),
 (492,'data-card-07',41,0,NULL,NULL),
 (493,'data-card-08',41,0,NULL,NULL),
 (494,'data-card-09',41,0,NULL,NULL),
 (495,'data-card-10',41,0,NULL,NULL),
 (496,'data-card-11',41,0,NULL,NULL),
 (497,'data-card-12',41,0,NULL,NULL),
 (498,'data-card-13',41,0,NULL,NULL),
 (499,'data-card-14',41,0,NULL,NULL),
 (500,'data-card-15',41,0,NULL,NULL),
 (501,'data-card-16',41,0,NULL,NULL),
 (502,'data-card-17',41,0,NULL,NULL),
 (503,'data-card-18',41,0,NULL,NULL),
 (504,'data-card-19',41,0,NULL,NULL),
 (505,'data-card-20',41,0,NULL,NULL),
 (506,'data-card-21',41,0,NULL,NULL),
 (507,'data-card-22',41,0,NULL,NULL),
 (508,'data-card-23',41,0,NULL,NULL),
 (509,'data-card-24',41,0,NULL,NULL),
 (510,'data-card-25',41,0,NULL,NULL),
 (511,'data-card-26',41,0,NULL,NULL),
 (512,'data-card-27',41,0,NULL,NULL),
 (513,'lock-capsule',23,0,NULL,NULL),
 (514,'photo-album',23,0,NULL,NULL),
 (515,'orange-mail',25,50,NULL,NULL),
 (516,'harbor-mail',25,50,NULL,NULL),
 (517,'glitter-mail',25,50,NULL,NULL),
 (518,'mech-mail',25,50,NULL,NULL),
 (519,'wood-mail',25,50,NULL,NULL),
 (520,'wave-mail',25,50,NULL,NULL),
 (521,'bead-mail',25,50,NULL,NULL),
 (522,'shadow-mail',25,50,NULL,NULL),
 (523,'tropic-mail',25,50,NULL,NULL),
 (524,'dream-mail',25,50,NULL,NULL),
 (525,'fab-mail',25,50,NULL,NULL),
 (526,'retro-mail',25,0,NULL,NULL),
 (527,'mach-bike',21,0,NULL,NULL),
 (528,'acro-bike',21,0,NULL,NULL),
 (529,'wailmer-pail',21,0,NULL,NULL),
 (530,'devon-goods',22,0,NULL,NULL),
 (531,'soot-sack',21,0,NULL,NULL),
 (532,'pokeblock-case',21,0,NULL,NULL),
 (533,'letter',22,0,NULL,NULL),
 (534,'eon-ticket',20,0,NULL,NULL),
 (535,'scanner',22,0,NULL,NULL),
 (536,'go-goggles',21,0,NULL,NULL),
 (537,'meteorite',22,0,NULL,NULL),
 (538,'rm-1-key',22,0,NULL,NULL),
 (539,'rm-2-key',22,0,NULL,NULL),
 (540,'rm-4-key',22,0,NULL,NULL),
 (541,'rm-6-key',22,0,NULL,NULL),
 (542,'devon-scope',21,0,NULL,NULL),
 (543,'oaks-parcel',22,0,NULL,NULL),
 (544,'poke-flute',22,0,NULL,NULL),
 (545,'bike-voucher',22,0,NULL,NULL),
 (546,'gold-teeth',22,0,NULL,NULL),
 (547,'lift-key',22,0,NULL,NULL),
 (548,'silph-scope',22,0,NULL,NULL),
 (549,'fame-checker',21,0,NULL,NULL),
 (550,'tm-case',21,0,NULL,NULL),
 (551,'berry-pouch',21,0,NULL,NULL),
 (552,'teachy-tv',21,0,NULL,NULL),
 (553,'tri-pass',22,0,NULL,NULL),
 (554,'rainbow-pass',22,0,NULL,NULL),
 (555,'tea',22,0,NULL,NULL),
 (556,'mysticticket',20,0,NULL,NULL),
 (557,'auroraticket',20,0,NULL,NULL),
 (558,'powder-jar',21,0,NULL,NULL),
 (559,'ruby',22,0,NULL,NULL),
 (560,'sapphire',22,0,NULL,NULL),
 (561,'magma-emblem',22,0,NULL,NULL),
 (562,'old-sea-map',20,0,NULL,NULL),
 (563,'douse-drive',18,1000,70,NULL),
 (564,'shock-drive',18,1000,70,NULL),
 (565,'burn-drive',18,1000,70,NULL),
 (566,'chill-drive',18,1000,70,NULL),
 (567,'sweet-heart',27,100,30,NULL),
 (568,'greet-mail',25,50,NULL,NULL),
 (569,'favored-mail',25,50,NULL,NULL),
 (570,'rsvp-mail',25,50,NULL,NULL),
 (571,'thanks-mail',25,50,NULL,NULL),
 (572,'inquiry-mail',25,50,NULL,NULL),
 (573,'like-mail',25,50,NULL,NULL),
 (574,'reply-mail',25,50,NULL,NULL),
 (575,'bridge-mail-s',25,50,NULL,NULL),
 (576,'bridge-mail-d',25,50,NULL,NULL),
 (577,'bridge-mail-t',25,50,NULL,NULL),
 (578,'bridge-mail-v',25,50,NULL,NULL),
 (579,'bridge-mail-m',25,50,NULL,NULL),
 (580,'prism-scale',10,500,30,NULL),
 (581,'eviolite',12,200,40,NULL),
 (582,'float-stone',12,200,30,NULL),
 (583,'rocky-helmet',12,200,60,NULL),
 (584,'air-balloon',12,200,10,NULL),
 (585,'red-card',12,200,10,NULL),
 (586,'ring-target',12,200,10,NULL),
 (587,'binding-band',12,200,30,NULL),
 (588,'absorb-bulb',12,200,30,NULL),
 (589,'cell-battery',12,200,30,NULL),
 (590,'eject-button',12,200,30,NULL),
 (591,'fire-gem',42,200,NULL,NULL),
 (592,'water-gem',42,200,NULL,NULL),
 (593,'electric-gem',42,200,NULL,NULL),
 (594,'grass-gem',42,200,NULL,NULL),
 (595,'ice-gem',42,200,NULL,NULL),
 (596,'fighting-gem',42,200,NULL,NULL),
 (597,'poison-gem',42,200,NULL,NULL),
 (598,'ground-gem',42,200,NULL,NULL),
 (599,'flying-gem',42,200,NULL,NULL),
 (600,'psychic-gem',42,200,NULL,NULL),
 (601,'bug-gem',42,200,NULL,NULL),
 (602,'rock-gem',42,200,NULL,NULL),
 (603,'ghost-gem',42,200,NULL,NULL),
 (604,'dark-gem',42,200,NULL,NULL),
 (605,'steel-gem',42,200,NULL,NULL),
 (606,'health-wing',26,3000,20,NULL),
 (607,'muscle-wing',26,3000,20,NULL),
 (608,'resist-wing',26,3000,20,NULL),
 (609,'genius-wing',26,3000,20,NULL),
 (610,'clever-wing',26,3000,20,NULL),
 (611,'swift-wing',26,3000,20,NULL),
 (612,'pretty-wing',24,200,20,NULL),
 (613,'cover-fossil',35,1000,100,NULL),
 (614,'plume-fossil',35,1000,100,NULL),
 (615,'liberty-pass',20,0,NULL,NULL),
 (616,'pass-orb',12,200,30,NULL),
 (617,'dream-ball',33,0,NULL,NULL),
 (618,'poke-toy',11,1000,30,NULL),
 (619,'prop-case',21,0,NULL,NULL),
 (620,'dragon-skull',22,0,NULL,NULL),
 (621,'balm-mushroom',24,0,30,NULL),
 (622,'big-nugget',24,0,30,NULL),
 (623,'pearl-string',24,0,30,NULL),
 (624,'comet-shard',24,0,30,NULL),
 (625,'relic-copper',24,0,30,NULL),
 (626,'relic-silver',24,0,30,NULL),
 (627,'relic-gold',24,0,30,NULL),
 (628,'relic-vase',24,0,30,NULL),
 (629,'relic-band',24,0,30,NULL),
 (630,'relic-statue',24,0,30,NULL),
 (631,'relic-crown',24,0,30,NULL),
 (632,'casteliacone',30,100,30,NULL),
 (633,'dire-hit-2',43,0,NULL,NULL),
 (634,'x-speed-2',43,0,NULL,NULL),
 (635,'x-sp-atk-2',43,0,NULL,NULL),
 (636,'x-sp-def-2',43,0,NULL,NULL),
 (637,'x-defense-2',43,0,NULL,NULL),
 (638,'x-attack-2',43,0,NULL,NULL),
 (639,'x-accuracy-2',43,0,NULL,NULL),
 (640,'x-speed-3',43,0,NULL,NULL),
 (641,'x-sp-atk-3',43,0,NULL,NULL),
 (642,'x-sp-def-3',43,0,NULL,NULL),
 (643,'x-defense-3',43,0,NULL,NULL),
 (644,'x-attack-3',43,0,NULL,NULL),
 (645,'x-accuracy-3',43,0,NULL,NULL),
 (646,'x-speed-6',43,0,NULL,NULL),
 (647,'x-sp-atk-6',43,0,NULL,NULL),
 (648,'x-sp-def-6',43,0,NULL,NULL),
 (649,'x-defense-6',43,0,NULL,NULL),
 (650,'x-attack-6',43,0,NULL,NULL),
 (651,'x-accuracy-6',43,0,NULL,NULL),
 (652,'ability-urge',43,0,NULL,NULL),
 (653,'item-drop',43,0,NULL,NULL),
 (654,'item-urge',43,0,NULL,NULL),
 (655,'reset-urge',43,0,NULL,NULL),
 (656,'dire-hit-3',43,0,NULL,NULL),
 (657,'light-stone',22,0,NULL,NULL),
 (658,'dark-stone',22,0,NULL,NULL),
 (659,'tm93',37,10000,NULL,NULL),
 (660,'tm94',37,10000,NULL,NULL),
 (661,'tm95',37,10000,NULL,NULL),
 (662,'xtransceiver',21,0,NULL,NULL),
 (663,'god-stone',23,0,NULL,NULL),
 (664,'gram-1',22,0,NULL,NULL),
 (665,'gram-2',22,0,NULL,NULL),
 (666,'gram-3',22,0,NULL,NULL),
 (668,'dragon-gem',42,200,NULL,NULL),
 (669,'normal-gem',42,200,NULL,NULL),
 (670,'medal-box',21,0,NULL,NULL),
 (671,'dna-splicers',21,0,NULL,NULL),
 (673,'permit',21,0,NULL,NULL),
 (674,'oval-charm',21,0,NULL,NULL),
 (675,'shiny-charm',21,0,NULL,NULL),
 (676,'plasma-card',22,0,NULL,NULL),
 (677,'grubby-hanky',22,0,NULL,NULL),
 (678,'colress-machine',22,0,NULL,NULL),
 (679,'dropped-item',22,0,NULL,NULL),
 (681,'reveal-glass',21,0,NULL,NULL),
 (682,'weakness-policy',12,0,NULL,NULL),
 (683,'assault-vest',12,0,NULL,NULL),
 (684,'pixie-plate',17,0,NULL,NULL),
 (685,'ability-capsule',26,0,NULL,NULL),
 (686,'whipped-dream',10,0,NULL,NULL),
 (687,'sachet',10,0,NULL,NULL),
 (688,'luminous-moss',12,0,NULL,NULL),
 (689,'snowball',12,0,NULL,NULL),
 (690,'safety-goggles',12,0,NULL,NULL),
 (691,'rich-mulch',32,0,NULL,NULL),
 (692,'surprise-mulch',32,0,NULL,NULL),
 (693,'boost-mulch',32,0,NULL,NULL),
 (694,'amaze-mulch',32,0,NULL,NULL),
 (695,'gengarite',44,0,NULL,NULL),
 (696,'gardevoirite',44,0,NULL,NULL),
 (697,'ampharosite',44,0,NULL,NULL),
 (698,'venusaurite',44,0,NULL,NULL),
 (699,'charizardite-x',44,0,NULL,NULL),
 (700,'blastoisinite',44,0,NULL,NULL),
 (701,'mewtwonite-x',44,0,NULL,NULL),
 (702,'mewtwonite-y',44,0,NULL,NULL),
 (703,'blazikenite',44,0,NULL,NULL),
 (704,'medichamite',44,0,NULL,NULL),
 (705,'houndoominite',44,0,NULL,NULL),
 (706,'aggronite',44,0,NULL,NULL),
 (707,'banettite',44,0,NULL,NULL),
 (708,'tyranitarite',44,0,NULL,NULL),
 (709,'scizorite',44,0,NULL,NULL),
 (710,'pinsirite',44,0,NULL,NULL),
 (711,'aerodactylite',44,0,NULL,NULL),
 (712,'lucarionite',44,0,NULL,NULL),
 (713,'abomasite',44,0,NULL,NULL),
 (714,'kangaskhanite',44,0,NULL,NULL),
 (715,'gyaradosite',44,0,NULL,NULL),
 (716,'absolite',44,0,NULL,NULL),
 (717,'charizardite-y',44,0,NULL,NULL),
 (718,'alakazite',44,0,NULL,NULL),
 (719,'heracronite',44,0,NULL,NULL),
 (720,'mawilite',44,0,NULL,NULL),
 (721,'manectite',44,0,NULL,NULL),
 (722,'garchompite',44,0,NULL,NULL),
 (723,'roseli-berry',7,0,NULL,NULL),
 (724,'kee-berry',4,0,NULL,NULL),
 (725,'maranga-berry',4,0,NULL,NULL),
 (726,'discount-coupon',10001,0,NULL,NULL),
 (727,'strange-souvenir',10001,0,NULL,NULL),
 (728,'lumiose-galette',30,0,NULL,NULL),
 (729,'jaw-fossil',35,0,NULL,NULL),
 (730,'sail-fossil',35,0,NULL,NULL),
 (731,'fairy-gem',42,0,NULL,NULL),
 (732,'adventure-rules',21,0,NULL,NULL),
 (733,'elevator-key',22,0,NULL,NULL),
 (734,'holo-caster',21,0,NULL,NULL),
 (735,'honor-of-kalos',22,0,NULL,NULL),
 (736,'intriguing-stone',22,0,NULL,NULL),
 (737,'lens-case',21,0,NULL,NULL),
 (738,'looker-ticket',22,0,NULL,NULL),
 (739,'mega-ring',21,0,NULL,NULL),
 (740,'power-plant-pass',22,0,NULL,NULL),
 (741,'profs-letter',22,0,NULL,NULL),
 (742,'roller-skates',21,0,NULL,NULL),
 (743,'sprinklotad',21,0,NULL,NULL),
 (744,'tmv-pass',21,0,NULL,NULL),
 (745,'tm96',37,0,NULL,NULL),
 (746,'tm97',37,0,NULL,NULL),
 (747,'tm98',37,0,NULL,NULL),
 (748,'tm99',37,0,NULL,NULL),
 (749,'tm100',37,0,NULL,NULL);
--GO
--DROP TABLE IF EXISTS evolution_chains;
CREATE TABLE evolution_chains (
	id INT NOT NULL, 
	baby_trigger_item_id INT, 
	PRIMARY KEY (id), 
	FOREIGN KEY(baby_trigger_item_id) REFERENCES items (id) ON UPDATE CASCADE ON DELETE NO ACTION
);
INSERT INTO [evolution_chains] (id,baby_trigger_item_id) VALUES (1,NULL),
 (2,NULL),
 (3,NULL),
 (4,NULL),
 (5,NULL),
 (6,NULL),
 (7,NULL),
 (8,NULL),
 (9,NULL),
 (10,NULL),
 (11,NULL),
 (12,NULL),
 (13,NULL),
 (14,NULL),
 (15,NULL),
 (16,NULL),
 (17,NULL),
 (18,NULL),
 (19,NULL),
 (20,NULL),
 (21,NULL),
 (22,NULL),
 (23,NULL),
 (24,NULL),
 (25,NULL),
 (26,NULL),
 (27,NULL),
 (28,NULL),
 (29,NULL),
 (30,NULL),
 (31,NULL),
 (32,NULL),
 (33,NULL),
 (34,NULL),
 (35,NULL),
 (36,NULL),
 (37,NULL),
 (38,NULL),
 (39,NULL),
 (40,NULL),
 (41,NULL),
 (42,NULL),
 (43,NULL),
 (44,NULL),
 (45,NULL),
 (46,NULL),
 (47,NULL),
 (48,NULL),
 (49,NULL),
 (50,NULL),
 (51,296),
 (52,NULL),
 (53,NULL),
 (54,NULL),
 (55,NULL),
 (56,NULL),
 (57,291),
 (58,NULL),
 (59,NULL),
 (60,NULL),
 (61,NULL),
 (62,NULL),
 (63,NULL),
 (64,NULL),
 (65,NULL),
 (66,NULL),
 (67,NULL),
 (68,NULL),
 (69,NULL),
 (70,NULL),
 (71,NULL),
 (72,293),
 (73,NULL),
 (74,NULL),
 (75,NULL),
 (76,NULL),
 (77,NULL),
 (78,NULL),
 (79,NULL),
 (80,NULL),
 (81,NULL),
 (82,NULL),
 (83,NULL),
 (84,NULL),
 (85,NULL),
 (86,NULL),
 (87,NULL),
 (88,NULL),
 (89,NULL),
 (90,231),
 (91,292),
 (92,NULL),
 (93,NULL),
 (94,NULL),
 (95,NULL),
 (96,NULL),
 (97,NULL),
 (98,NULL),
 (99,NULL),
 (100,232),
 (101,NULL),
 (102,NULL),
 (103,NULL),
 (104,NULL),
 (105,NULL),
 (106,NULL),
 (107,NULL),
 (108,NULL),
 (109,NULL),
 (110,NULL),
 (111,NULL),
 (112,NULL),
 (113,NULL),
 (114,NULL),
 (115,NULL),
 (116,294),
 (117,NULL),
 (118,NULL),
 (119,NULL),
 (120,NULL),
 (121,NULL),
 (122,NULL),
 (123,NULL),
 (124,NULL),
 (125,NULL),
 (126,NULL),
 (127,NULL),
 (128,NULL),
 (129,NULL),
 (130,NULL),
 (131,NULL),
 (132,NULL),
 (133,NULL),
 (134,NULL),
 (135,NULL),
 (136,NULL),
 (137,NULL),
 (138,NULL),
 (139,NULL),
 (140,NULL),
 (141,NULL),
 (142,NULL),
 (143,NULL),
 (144,NULL),
 (145,NULL),
 (146,NULL),
 (147,NULL),
 (148,NULL),
 (149,NULL),
 (150,NULL),
 (151,NULL),
 (152,NULL),
 (153,NULL),
 (154,NULL),
 (155,NULL),
 (156,NULL),
 (157,NULL),
 (158,295),
 (159,NULL),
 (160,NULL),
 (161,NULL),
 (162,NULL),
 (163,NULL),
 (164,NULL),
 (165,NULL),
 (166,NULL),
 (167,NULL),
 (168,NULL),
 (169,NULL),
 (170,NULL),
 (171,NULL),
 (172,NULL),
 (173,NULL),
 (174,NULL),
 (175,NULL),
 (176,NULL),
 (177,NULL),
 (178,NULL),
 (179,NULL),
 (180,NULL),
 (181,NULL),
 (182,NULL),
 (183,NULL),
 (184,297),
 (185,NULL),
 (186,NULL),
 (187,NULL),
 (188,NULL),
 (189,NULL),
 (190,NULL),
 (191,NULL),
 (192,NULL),
 (193,NULL),
 (194,NULL),
 (195,NULL),
 (196,NULL),
 (197,NULL),
 (198,NULL),
 (199,NULL),
 (200,NULL),
 (201,NULL),
 (202,NULL),
 (203,NULL),
 (204,NULL),
 (205,NULL),
 (206,NULL),
 (207,NULL),
 (208,NULL),
 (209,NULL),
 (211,NULL),
 (212,NULL),
 (213,NULL),
 (214,NULL),
 (215,NULL),
 (216,NULL),
 (217,NULL),
 (218,NULL),
 (219,NULL),
 (220,NULL),
 (221,NULL),
 (223,NULL),
 (224,NULL),
 (228,NULL),
 (229,NULL),
 (230,NULL),
 (232,NULL),
 (233,NULL),
 (234,NULL),
 (235,NULL),
 (236,NULL),
 (237,NULL),
 (239,NULL),
 (240,NULL),
 (241,NULL),
 (242,NULL),
 (243,NULL),
 (244,NULL),
 (245,NULL),
 (246,NULL),
 (247,NULL),
 (248,NULL),
 (249,NULL),
 (250,NULL),
 (252,NULL),
 (253,NULL),
 (254,NULL),
 (255,NULL),
 (256,NULL),
 (257,NULL),
 (258,NULL),
 (259,NULL),
 (260,NULL),
 (261,NULL),
 (262,NULL),
 (263,NULL),
 (264,NULL),
 (265,NULL),
 (266,NULL),
 (267,NULL),
 (268,NULL),
 (269,NULL),
 (270,NULL),
 (271,NULL),
 (272,NULL),
 (273,NULL),
 (274,NULL),
 (275,NULL),
 (276,NULL),
 (277,NULL),
 (278,NULL),
 (279,NULL),
 (280,NULL),
 (281,NULL),
 (282,NULL),
 (283,NULL),
 (284,NULL),
 (285,NULL),
 (286,NULL),
 (287,NULL),
 (288,NULL),
 (289,NULL),
 (290,NULL),
 (291,NULL),
 (292,NULL),
 (293,NULL),
 (294,NULL),
 (295,NULL),
 (296,NULL),
 (297,NULL),
 (298,NULL),
 (299,NULL),
 (300,NULL),
 (301,NULL),
 (302,NULL),
 (303,NULL),
 (304,NULL),
 (305,NULL),
 (306,NULL),
 (307,NULL),
 (308,NULL),
 (309,NULL),
 (310,NULL),
 (311,NULL),
 (312,NULL),
 (313,NULL),
 (314,NULL),
 (315,NULL),
 (316,NULL),
 (317,NULL),
 (318,NULL),
 (319,NULL),
 (320,NULL),
 (321,NULL),
 (322,NULL),
 (323,NULL),
 (324,NULL),
 (325,NULL),
 (326,NULL),
 (327,NULL),
 (328,NULL),
 (329,NULL),
 (330,NULL),
 (331,NULL),
 (332,NULL),
 (333,NULL),
 (334,NULL),
 (335,NULL),
 (336,NULL),
 (337,NULL),
 (338,NULL),
 (339,NULL),
 (340,NULL),
 (341,NULL),
 (342,NULL),
 (343,NULL),
 (344,NULL),
 (345,NULL),
 (346,NULL),
 (347,NULL),
 (348,NULL),
 (349,NULL),
 (350,NULL),
 (351,NULL),
 (352,NULL),
 (353,NULL),
 (354,NULL),
 (355,NULL),
 (356,NULL),
 (357,NULL),
 (358,NULL),
 (359,NULL),
 (360,NULL),
 (361,NULL),
 (362,NULL),
 (363,NULL),
 (364,NULL),
 (365,NULL),
 (366,NULL),
 (367,NULL),
 (368,NULL),
 (369,NULL),
 (370,NULL),
 (371,NULL),
 (372,NULL),
 (373,NULL);
--GO
--DROP TABLE IF EXISTS pokemon_species;
CREATE TABLE pokemon_species (
	id INT NOT NULL, 
	identifier VARCHAR(79) NOT NULL, 
	generation_id INT, 
	evolves_from_species_id INT, 
	evolution_chain_id INT, 
	color_id INT NOT NULL, 
	shape_id INT NOT NULL, 
	habitat_id INT, 
	gender_rate INT NOT NULL, 
	capture_rate INT NOT NULL, 
	base_happiness INT NOT NULL, 
	is_baby BIT NOT NULL, 
	hatch_counter INT NOT NULL, 
	has_gender_differences BIT NOT NULL, 
	growth_rate_id INT NOT NULL, 
	forms_switchable BIT NOT NULL, 
	[order] INT NOT NULL, 
	conquest_order INT, 
	PRIMARY KEY (id), 
	FOREIGN KEY(generation_id) REFERENCES generations (id) ON UPDATE CASCADE ON DELETE NO ACTION, 
	FOREIGN KEY(evolves_from_species_id) REFERENCES pokemon_species (id) ON UPDATE NO ACTION ON DELETE NO ACTION, 
	FOREIGN KEY(evolution_chain_id) REFERENCES evolution_chains (id) ON UPDATE CASCADE ON DELETE NO ACTION, 
	FOREIGN KEY(color_id) REFERENCES pokemon_colors (id) ON UPDATE CASCADE ON DELETE NO ACTION, 
	FOREIGN KEY(shape_id) REFERENCES pokemon_shapes (id) ON UPDATE CASCADE ON DELETE NO ACTION, 
	FOREIGN KEY(habitat_id) REFERENCES pokemon_habitats (id) ON UPDATE CASCADE ON DELETE NO ACTION, 
	CHECK (is_baby IN (0, 1)), 
	CHECK (has_gender_differences IN (0, 1)), 
	FOREIGN KEY(growth_rate_id) REFERENCES growth_rates (id) ON UPDATE CASCADE ON DELETE NO ACTION, 
	CHECK (forms_switchable IN (0, 1))
);
--GO
INSERT INTO [pokemon_species] (id,identifier,generation_id,evolves_from_species_id,evolution_chain_id,color_id,shape_id,habitat_id,gender_rate,capture_rate,base_happiness,is_baby,hatch_counter,has_gender_differences,growth_rate_id,forms_switchable,[order],conquest_order) VALUES (1,'bulbasaur',1,NULL,1,5,8,3,1,45,70,0,20,0,4,0,1,NULL),
 (2,'ivysaur',1,1,1,5,8,3,1,45,70,0,20,0,4,0,2,NULL),
 (3,'venusaur',1,2,1,5,8,3,1,45,70,0,20,1,4,1,3,NULL),
 (4,'charmander',1,NULL,2,8,6,4,1,45,70,0,20,0,4,0,4,109),
 (5,'charmeleon',1,4,2,8,6,4,1,45,70,0,20,0,4,0,5,110),
 (6,'charizard',1,5,2,8,6,4,1,45,70,0,20,0,4,1,6,111),
 (7,'squirtle',1,NULL,3,2,6,9,1,45,70,0,20,0,4,0,7,NULL),
 (8,'wartortle',1,7,3,2,6,9,1,45,70,0,20,0,4,0,8,NULL),
 (9,'blastoise',1,8,3,2,6,9,1,45,70,0,20,0,4,1,9,NULL),
 (10,'caterpie',1,NULL,4,5,2,2,4,255,70,0,15,0,2,0,10,NULL),
 (11,'metapod',1,10,4,5,2,2,4,120,70,0,15,0,2,0,11,NULL),
 (12,'butterfree',1,11,4,9,13,2,4,45,70,0,15,1,2,0,12,NULL),
 (13,'weedle',1,NULL,5,3,2,2,4,255,70,0,15,0,2,0,13,NULL),
 (14,'kakuna',1,13,5,10,2,2,4,120,70,0,15,0,2,0,14,NULL),
 (15,'beedrill',1,14,5,10,13,2,4,45,70,0,15,0,2,1,15,177),
 (16,'pidgey',1,NULL,6,3,9,2,4,255,70,0,15,0,4,0,16,NULL),
 (17,'pidgeotto',1,16,6,3,9,2,4,120,70,0,15,0,4,0,17,NULL),
 (18,'pidgeot',1,17,6,3,9,2,4,45,70,0,15,0,4,1,18,NULL),
 (19,'rattata',1,NULL,7,7,8,3,4,255,70,0,15,1,2,0,19,NULL),
 (20,'raticate',1,19,7,3,8,3,4,127,70,0,15,1,2,0,20,NULL),
 (21,'spearow',1,NULL,8,3,9,6,4,255,70,0,15,0,2,0,21,NULL),
 (22,'fearow',1,21,8,3,9,6,4,90,70,0,15,0,2,0,22,NULL),
 (23,'ekans',1,NULL,9,7,2,3,4,255,70,0,20,0,2,0,23,54),
 (24,'arbok',1,23,9,7,2,3,4,90,70,0,20,0,2,0,24,55),
 (25,'pikachu',1,172,10,10,8,2,4,190,70,0,10,1,2,0,26,16),
 (26,'raichu',1,25,10,10,6,2,4,75,70,0,10,1,2,0,27,17),
 (27,'sandshrew',1,NULL,11,10,6,6,4,255,70,0,20,0,2,0,28,NULL),
 (28,'sandslash',1,27,11,10,6,6,4,90,70,0,20,0,2,0,29,NULL),
 (29,'nidoran-f',1,NULL,12,2,8,3,8,235,70,0,20,0,4,0,30,NULL),
 (30,'nidorina',1,29,12,2,8,3,8,120,70,0,20,0,4,0,31,NULL),
 (31,'nidoqueen',1,30,12,2,6,3,8,45,70,0,20,0,4,0,32,NULL),
 (32,'nidoran-m',1,NULL,13,7,8,3,0,235,70,0,20,0,4,0,33,NULL),
 (33,'nidorino',1,32,13,7,8,3,0,120,70,0,20,0,4,0,34,NULL),
 (34,'nidoking',1,33,13,7,6,3,0,45,70,0,20,0,4,0,35,NULL),
 (35,'clefairy',1,173,14,6,6,4,6,150,140,0,10,0,3,0,37,NULL),
 (36,'clefable',1,35,14,6,6,4,6,25,140,0,10,0,3,0,38,NULL),
 (37,'vulpix',1,NULL,15,3,8,3,6,190,70,0,20,0,2,0,39,NULL),
 (38,'ninetales',1,37,15,10,8,3,6,75,70,0,20,0,2,0,40,NULL),
 (39,'jigglypuff',1,174,16,6,12,3,6,170,70,0,10,0,3,0,42,21),
 (40,'wigglytuff',1,39,16,6,12,3,6,50,70,0,10,0,3,0,43,22),
 (41,'zubat',1,NULL,17,7,9,1,4,255,70,0,15,1,2,0,44,23),
 (42,'golbat',1,41,17,7,9,1,4,90,70,0,15,1,2,0,45,24),
 (43,'oddish',1,NULL,18,2,7,3,4,255,70,0,20,0,4,0,47,NULL),
 (44,'gloom',1,43,18,2,12,3,4,120,70,0,20,1,4,0,48,NULL),
 (45,'vileplume',1,44,18,8,12,3,4,45,70,0,20,1,4,0,49,NULL),
 (46,'paras',1,NULL,19,8,14,2,4,190,70,0,20,0,2,0,51,NULL),
 (47,'parasect',1,46,19,8,14,2,4,75,70,0,20,0,2,0,52,NULL),
 (48,'venonat',1,NULL,20,7,12,2,4,190,70,0,20,0,2,0,53,NULL),
 (49,'venomoth',1,48,20,7,13,2,4,75,70,0,20,0,2,0,54,NULL),
 (50,'diglett',1,NULL,21,3,5,1,4,255,70,0,20,0,2,0,55,NULL),
 (51,'dugtrio',1,50,21,3,11,1,4,50,70,0,20,0,2,0,56,NULL),
 (52,'meowth',1,NULL,22,10,8,8,4,255,70,0,20,0,2,0,57,58),
 (53,'persian',1,52,22,10,8,8,4,90,70,0,20,0,2,0,58,59),
 (54,'psyduck',1,NULL,23,10,6,9,4,190,70,0,20,0,2,0,59,NULL),
 (55,'golduck',1,54,23,2,6,9,4,75,70,0,20,0,2,0,60,NULL),
 (56,'mankey',1,NULL,24,3,6,4,4,190,70,0,20,0,2,0,61,NULL),
 (57,'primeape',1,56,24,3,6,4,4,75,70,0,20,0,2,0,62,NULL),
 (58,'growlithe',1,NULL,25,3,8,3,2,190,70,0,20,0,1,0,63,NULL),
 (59,'arcanine',1,58,25,3,8,3,2,75,70,0,20,0,1,0,64,NULL),
 (60,'poliwag',1,NULL,26,2,7,9,4,255,70,0,20,0,4,0,65,NULL),
 (61,'poliwhirl',1,60,26,2,12,9,4,120,70,0,20,0,4,0,66,NULL),
 (62,'poliwrath',1,61,26,2,12,9,4,45,70,0,20,0,4,0,67,NULL),
 (63,'abra',1,NULL,27,3,6,8,2,200,70,0,20,0,4,0,69,127),
 (64,'kadabra',1,63,27,3,6,8,2,100,70,0,20,1,4,0,70,128),
 (65,'alakazam',1,64,27,3,12,8,2,50,70,0,20,1,4,1,71,129),
 (66,'machop',1,NULL,28,4,6,4,2,180,70,0,20,0,4,0,72,98),
 (67,'machoke',1,66,28,4,12,4,2,90,70,0,20,0,4,0,73,99),
 (68,'machamp',1,67,28,4,12,4,2,45,70,0,20,0,4,0,74,100),
 (69,'bellsprout',1,NULL,29,5,12,2,4,255,70,0,20,0,4,0,75,NULL),
 (70,'weepinbell',1,69,29,5,5,2,4,120,70,0,20,0,4,0,76,NULL),
 (71,'victreebel',1,70,29,5,5,2,4,45,70,0,20,0,4,0,77,NULL),
 (72,'tentacool',1,NULL,30,2,10,7,4,190,70,0,20,0,1,0,78,NULL),
 (73,'tentacruel',1,72,30,2,10,7,4,60,70,0,20,0,1,0,79,NULL),
 (74,'geodude',1,NULL,31,3,4,4,4,255,70,0,15,0,4,0,80,NULL),
 (75,'graveler',1,74,31,3,12,4,4,120,70,0,15,0,4,0,81,NULL),
 (76,'golem',1,75,31,3,12,4,4,45,70,0,15,0,4,0,82,NULL),
 (77,'ponyta',1,NULL,32,10,8,3,4,190,70,0,20,0,2,0,83,NULL),
 (78,'rapidash',1,77,32,10,8,3,4,60,70,0,20,0,2,0,84,NULL),
 (79,'slowpoke',1,NULL,33,6,8,9,4,190,70,0,20,0,2,0,85,NULL),
 (80,'slowbro',1,79,33,6,6,9,4,75,70,0,20,0,2,1,86,NULL),
 (81,'magnemite',1,NULL,34,4,4,6,-1,190,70,0,20,0,2,0,88,NULL),
 (82,'magneton',1,81,34,4,11,6,-1,60,70,0,20,0,2,0,89,NULL),
 (83,'farfetchd',1,NULL,35,3,9,3,4,45,70,0,20,0,2,0,91,NULL),
 (84,'doduo',1,NULL,36,3,7,3,4,190,70,0,20,1,2,0,92,NULL),
 (85,'dodrio',1,84,36,3,7,3,4,45,70,0,20,1,2,0,93,NULL),
 (86,'seel',1,NULL,37,9,3,7,4,190,70,0,20,0,2,0,94,NULL),
 (87,'dewgong',1,86,37,9,3,7,4,75,70,0,20,0,2,0,95,NULL),
 (88,'grimer',1,NULL,38,7,4,8,4,190,70,0,20,0,2,0,96,NULL),
 (89,'muk',1,88,38,7,4,8,4,75,70,0,20,0,2,0,97,NULL),
 (90,'shellder',1,NULL,39,7,1,7,4,190,70,0,20,0,1,0,98,NULL),
 (91,'cloyster',1,90,39,7,1,7,4,60,70,0,20,0,1,0,99,NULL),
 (92,'gastly',1,NULL,40,7,1,1,4,190,70,0,20,0,4,0,100,112),
 (93,'haunter',1,92,40,7,4,1,4,90,70,0,20,0,4,0,101,113),
 (94,'gengar',1,93,40,7,6,1,4,45,70,0,20,0,4,1,102,114),
 (95,'onix',1,NULL,41,4,2,1,4,45,70,0,25,0,2,0,103,175),
 (96,'drowzee',1,NULL,42,10,12,3,4,190,70,0,20,0,2,0,105,NULL),
 (97,'hypno',1,96,42,10,12,3,4,75,70,0,20,1,2,0,106,NULL),
 (98,'krabby',1,NULL,43,8,14,9,4,225,70,0,20,0,2,0,107,NULL),
 (99,'kingler',1,98,43,8,14,9,4,60,70,0,20,0,2,0,108,NULL),
 (100,'voltorb',1,NULL,44,8,1,8,-1,190,70,0,20,0,2,0,109,NULL),
 (101,'electrode',1,100,44,8,1,8,-1,60,70,0,20,0,2,0,110,NULL),
 (102,'exeggcute',1,NULL,45,6,11,2,4,90,70,0,20,0,1,0,111,NULL),
 (103,'exeggutor',1,102,45,10,7,2,4,45,70,0,20,0,1,0,112,NULL),
 (104,'cubone',1,NULL,46,3,6,4,4,190,70,0,20,0,2,0,113,NULL),
 (105,'marowak',1,104,46,3,6,4,4,75,70,0,20,0,2,0,114,NULL),
 (106,'hitmonlee',1,236,47,3,12,8,0,45,70,0,25,0,2,0,116,NULL),
 (107,'hitmonchan',1,236,47,3,12,8,0,45,70,0,25,0,2,0,117,NULL),
 (108,'lickitung',1,NULL,48,6,6,3,4,45,70,0,20,0,2,0,119,NULL),
 (109,'koffing',1,NULL,49,7,1,8,4,190,70,0,20,0,2,0,121,NULL),
 (110,'weezing',1,109,49,7,11,8,4,60,70,0,20,0,2,0,122,NULL),
 (111,'rhyhorn',1,NULL,50,4,8,6,4,120,70,0,20,1,1,0,123,160),
 (112,'rhydon',1,111,50,4,6,6,4,60,70,0,20,1,1,0,124,161),
 (113,'chansey',1,440,51,6,6,8,8,30,140,0,40,0,3,0,127,NULL),
 (114,'tangela',1,NULL,52,2,7,3,4,45,70,0,20,0,2,0,129,NULL),
 (115,'kangaskhan',1,NULL,53,3,6,3,8,45,70,0,20,0,2,1,131,NULL),
 (116,'horsea',1,NULL,54,2,5,7,4,225,70,0,20,0,2,0,132,NULL),
 (117,'seadra',1,116,54,2,5,7,4,75,70,0,20,0,2,0,133,NULL),
 (118,'goldeen',1,NULL,55,8,3,9,4,225,70,0,20,1,2,0,135,NULL),
 (119,'seaking',1,118,55,8,3,9,4,60,70,0,20,1,2,0,136,NULL),
 (120,'staryu',1,NULL,56,3,5,7,-1,225,70,0,20,0,1,0,137,NULL),
 (121,'starmie',1,120,56,7,5,7,-1,60,70,0,20,0,1,0,138,NULL),
 (122,'mr-mime',1,439,57,6,12,8,4,45,70,0,25,0,2,0,140,NULL),
 (123,'scyther',1,NULL,58,5,13,3,4,45,70,0,25,1,2,0,141,188),
 (124,'jynx',1,238,59,8,12,8,8,45,70,0,25,0,2,0,144,NULL),
 (125,'electabuzz',1,239,60,10,6,3,2,45,70,0,25,0,2,0,146,NULL),
 (126,'magmar',1,240,61,8,6,4,2,45,70,0,25,0,2,0,149,NULL),
 (127,'pinsir',1,NULL,62,3,12,2,4,45,70,0,25,0,1,1,151,NULL),
 (128,'tauros',1,NULL,63,3,8,3,0,45,70,0,20,0,1,0,152,NULL),
 (129,'magikarp',1,NULL,64,8,3,9,4,255,70,0,5,1,1,0,153,13),
 (130,'gyarados',1,129,64,2,2,9,4,45,70,0,5,1,1,1,154,14),
 (131,'lapras',1,NULL,65,2,3,7,4,45,70,0,40,0,1,0,155,190),
 (132,'ditto',1,NULL,66,7,1,8,-1,35,70,0,20,0,2,0,156,NULL),
 (133,'eevee',1,NULL,67,3,8,8,1,45,70,0,35,0,2,0,157,1),
 (134,'vaporeon',1,133,67,2,8,8,1,45,70,0,35,0,2,0,158,2),
 (135,'jolteon',1,133,67,10,8,8,1,45,70,0,35,0,2,0,159,3),
 (136,'flareon',1,133,67,8,8,8,1,45,70,0,35,0,2,0,160,4),
 (137,'porygon',1,NULL,68,6,7,8,-1,45,70,0,20,0,2,0,166,NULL),
 (138,'omanyte',1,NULL,69,2,10,7,1,45,70,0,30,0,2,0,169,NULL),
 (139,'omastar',1,138,69,2,10,7,1,45,70,0,30,0,2,0,170,NULL),
 (140,'kabuto',1,NULL,70,3,14,7,1,45,70,0,30,0,2,0,171,NULL),
 (141,'kabutops',1,140,70,3,6,7,1,45,70,0,30,0,2,0,172,NULL),
 (142,'aerodactyl',1,NULL,71,7,9,4,1,45,70,0,35,0,1,1,173,NULL),
 (143,'snorlax',1,446,72,1,12,4,1,25,70,0,40,0,1,0,175,179),
 (144,'articuno',1,NULL,73,2,9,5,-1,3,35,0,80,0,1,0,176,192),
 (145,'zapdos',1,NULL,74,10,9,5,-1,3,35,0,80,0,1,0,177,NULL),
 (146,'moltres',1,NULL,75,10,9,5,-1,3,35,0,80,0,1,0,178,NULL),
 (147,'dratini',1,NULL,76,2,2,9,4,45,35,0,40,0,1,0,179,76),
 (148,'dragonair',1,147,76,2,2,9,4,45,35,0,40,0,1,0,180,77),
 (149,'dragonite',1,148,76,3,6,9,4,45,35,0,40,0,1,0,181,78),
 (150,'mewtwo',1,NULL,77,7,6,5,-1,3,0,0,120,0,1,1,182,196),
 (151,'mew',1,NULL,78,6,6,5,-1,45,100,0,120,0,4,0,183,NULL),
 (152,'chikorita',2,NULL,79,5,8,3,1,45,70,0,20,0,4,0,184,NULL),
 (153,'bayleef',2,152,79,5,8,3,1,45,70,0,20,0,4,0,185,NULL),
 (154,'meganium',2,153,79,5,8,3,1,45,70,0,20,1,4,0,186,NULL),
 (155,'cyndaquil',2,NULL,80,10,12,3,1,45,70,0,20,0,4,0,187,NULL),
 (156,'quilava',2,155,80,10,8,3,1,45,70,0,20,0,4,0,188,NULL),
 (157,'typhlosion',2,156,80,10,8,3,1,45,70,0,20,0,4,0,189,NULL),
 (158,'totodile',2,NULL,81,2,6,9,1,45,70,0,20,0,4,0,190,NULL),
 (159,'croconaw',2,158,81,2,6,9,1,45,70,0,20,0,4,0,191,NULL),
 (160,'feraligatr',2,159,81,2,6,9,1,45,70,0,20,0,4,0,192,NULL),
 (161,'sentret',2,NULL,82,3,8,3,4,255,70,0,15,0,2,0,193,NULL),
 (162,'furret',2,161,82,3,8,3,4,90,70,0,15,0,2,0,194,NULL),
 (163,'hoothoot',2,NULL,83,3,9,2,4,255,70,0,15,0,2,0,195,NULL),
 (164,'noctowl',2,163,83,3,9,2,4,90,70,0,15,0,2,0,196,NULL),
 (165,'ledyba',2,NULL,84,8,9,2,4,255,70,0,15,1,3,0,197,NULL),
 (166,'ledian',2,165,84,8,9,2,4,90,70,0,15,1,3,0,198,NULL),
 (167,'spinarak',2,NULL,85,5,14,2,4,255,70,0,15,0,3,0,199,NULL),
 (168,'ariados',2,167,85,8,14,2,4,90,70,0,15,0,3,0,200,NULL),
 (169,'crobat',2,42,17,7,13,1,4,90,70,0,15,0,2,0,46,25),
 (170,'chinchou',2,NULL,86,2,3,7,4,190,70,0,20,0,1,0,201,NULL),
 (171,'lanturn',2,170,86,2,3,7,4,75,70,0,20,0,1,0,202,NULL),
 (172,'pichu',2,NULL,10,10,8,2,4,190,70,1,10,0,2,0,25,15),
 (173,'cleffa',2,NULL,14,6,6,4,6,150,140,1,10,0,3,0,36,NULL),
 (174,'igglybuff',2,NULL,16,6,12,3,6,170,70,1,10,0,3,0,41,20),
 (175,'togepi',2,NULL,87,9,12,2,1,190,70,1,10,0,3,0,203,NULL),
 (176,'togetic',2,175,87,9,12,2,1,75,70,0,10,0,3,0,204,NULL),
 (177,'natu',2,NULL,88,5,9,2,4,190,70,0,20,0,2,0,206,NULL),
 (178,'xatu',2,177,88,5,9,2,4,75,70,0,20,1,2,0,207,NULL),
 (179,'mareep',2,NULL,89,9,8,3,4,235,70,0,20,0,4,0,208,45),
 (180,'flaaffy',2,179,89,6,6,3,4,120,70,0,20,0,4,0,209,46),
 (181,'ampharos',2,180,89,10,6,3,4,45,70,0,20,0,4,1,210,47),
 (182,'bellossom',2,44,18,5,12,3,4,45,70,0,20,0,4,0,50,NULL),
 (183,'marill',2,298,90,2,6,9,4,190,70,0,10,0,3,0,212,NULL),
 (184,'azumarill',2,183,90,2,6,9,4,75,70,0,10,0,3,0,213,NULL),
 (185,'sudowoodo',2,438,91,3,12,2,4,65,70,0,20,1,2,0,215,NULL),
 (186,'politoed',2,61,26,5,12,9,4,45,70,0,20,1,4,0,68,NULL),
 (187,'hoppip',2,NULL,92,6,6,3,4,255,70,0,20,0,4,0,216,NULL),
 (188,'skiploom',2,187,92,5,6,3,4,120,70,0,20,0,4,0,217,NULL),
 (189,'jumpluff',2,188,92,2,6,3,4,45,70,0,20,0,4,0,218,NULL),
 (190,'aipom',2,NULL,93,7,6,2,4,45,70,0,20,1,3,0,219,NULL),
 (191,'sunkern',2,NULL,94,10,1,3,4,235,70,0,20,0,4,0,221,NULL),
 (192,'sunflora',2,191,94,10,12,3,4,120,70,0,20,0,4,0,222,NULL),
 (193,'yanma',2,NULL,95,8,13,2,4,75,70,0,20,0,2,0,223,NULL),
 (194,'wooper',2,NULL,96,2,7,9,4,255,70,0,20,1,2,0,225,18),
 (195,'quagsire',2,194,96,2,6,9,4,90,70,0,20,1,2,0,226,19),
 (196,'espeon',2,133,67,7,8,8,1,45,70,0,35,0,2,0,161,5),
 (197,'umbreon',2,133,67,1,8,8,1,45,35,0,35,0,2,0,162,6),
 (198,'murkrow',2,NULL,97,1,9,2,4,30,35,0,20,1,4,0,227,NULL),
 (199,'slowking',2,79,33,6,6,9,4,70,70,0,20,0,2,0,87,NULL),
 (200,'misdreavus',2,NULL,98,4,1,1,4,45,35,0,25,0,3,0,229,183),
 (201,'unown',2,NULL,99,1,1,5,-1,225,70,0,40,0,2,0,231,NULL),
 (202,'wobbuffet',2,360,100,2,5,1,4,45,70,0,20,1,2,0,233,NULL),
 (203,'girafarig',2,NULL,101,10,8,3,4,60,70,0,20,1,2,0,234,NULL),
 (204,'pineco',2,NULL,102,4,1,2,4,190,70,0,20,0,2,0,235,56),
 (205,'forretress',2,204,102,7,1,2,4,75,70,0,20,0,2,0,236,57),
 (206,'dunsparce',2,NULL,103,10,2,1,4,190,70,0,20,0,2,0,237,NULL),
 (207,'gligar',2,NULL,104,7,9,4,4,60,70,0,20,1,4,0,238,NULL),
 (208,'steelix',2,95,41,4,2,1,4,25,70,0,25,1,2,1,104,176),
 (209,'snubbull',2,NULL,105,6,12,8,6,190,70,0,20,0,3,0,240,NULL),
 (210,'granbull',2,209,105,7,6,8,6,75,70,0,20,0,3,0,241,NULL),
 (211,'qwilfish',2,NULL,106,4,3,7,4,45,70,0,20,0,2,0,242,NULL),
 (212,'scizor',2,123,58,8,13,3,4,25,70,0,25,1,2,1,142,189),
 (213,'shuckle',2,NULL,107,10,14,4,4,190,70,0,20,0,4,0,243,NULL),
 (214,'heracross',2,NULL,108,2,12,2,4,45,70,0,25,1,1,1,244,NULL),
 (215,'sneasel',2,NULL,109,1,6,2,4,60,35,0,20,1,4,0,245,181),
 (216,'teddiursa',2,NULL,110,3,6,4,4,120,70,0,20,0,2,0,247,NULL),
 (217,'ursaring',2,216,110,3,6,4,4,60,70,0,20,1,2,0,248,NULL),
 (218,'slugma',2,NULL,111,8,2,4,4,190,70,0,20,0,2,0,249,NULL),
 (219,'magcargo',2,218,111,8,2,4,4,75,70,0,20,0,2,0,250,NULL),
 (220,'swinub',2,NULL,112,3,8,1,4,225,70,0,20,0,1,0,251,NULL),
 (221,'piloswine',2,220,112,3,8,1,4,75,70,0,20,1,1,0,252,NULL),
 (222,'corsola',2,NULL,113,6,14,7,6,60,70,0,20,0,3,0,254,NULL),
 (223,'remoraid',2,NULL,114,4,3,7,4,190,70,0,20,0,2,0,255,NULL),
 (224,'octillery',2,223,114,8,10,7,4,75,70,0,20,1,2,0,256,NULL),
 (225,'delibird',2,NULL,115,8,9,4,4,45,70,0,20,0,3,0,257,NULL),
 (226,'mantine',2,458,116,7,9,7,4,25,70,0,25,0,1,0,259,NULL),
 (227,'skarmory',2,NULL,117,4,9,6,4,25,70,0,25,0,1,0,260,NULL),
 (228,'houndour',2,NULL,118,1,8,6,4,120,35,0,20,0,1,0,261,NULL),
 (229,'houndoom',2,228,118,1,8,6,4,45,35,0,20,1,1,1,262,NULL),
 (230,'kingdra',2,117,54,2,5,7,4,45,70,0,20,0,2,0,134,NULL),
 (231,'phanpy',2,NULL,119,2,8,6,4,120,70,0,20,0,2,0,263,NULL),
 (232,'donphan',2,231,119,4,8,6,4,60,70,0,20,1,2,0,264,NULL),
 (233,'porygon2',2,137,68,8,7,8,-1,45,70,0,20,0,2,0,167,NULL),
 (234,'stantler',2,NULL,120,3,8,2,4,45,70,0,20,0,1,0,265,NULL),
 (235,'smeargle',2,NULL,121,9,6,8,4,45,70,0,20,0,3,0,266,NULL),
 (236,'tyrogue',2,NULL,47,7,12,8,0,75,70,1,25,0,2,0,115,NULL),
 (237,'hitmontop',2,236,47,3,6,8,0,45,70,0,25,0,2,0,118,NULL),
 (238,'smoochum',2,NULL,59,6,12,8,8,45,70,1,25,0,2,0,143,NULL),
 (239,'elekid',2,NULL,60,10,12,3,2,45,70,1,25,0,2,0,145,NULL),
 (240,'magby',2,NULL,61,8,6,4,2,45,70,1,25,0,2,0,148,NULL),
 (241,'miltank',2,NULL,122,6,6,3,8,45,70,0,20,0,1,0,267,NULL),
 (242,'blissey',2,113,51,6,12,8,8,30,140,0,40,0,3,0,128,NULL),
 (243,'raikou',2,NULL,123,10,8,3,-1,3,35,0,80,0,1,0,268,NULL),
 (244,'entei',2,NULL,124,3,8,3,-1,3,35,0,80,0,1,0,269,NULL),
 (245,'suicune',2,NULL,125,2,8,3,-1,3,35,0,80,0,1,0,270,NULL),
 (246,'larvitar',2,NULL,126,5,6,4,4,45,35,0,40,0,1,0,271,79),
 (247,'pupitar',2,246,126,4,2,4,4,45,35,0,40,0,1,0,272,80),
 (248,'tyranitar',2,247,126,5,6,4,4,45,35,0,40,0,1,1,273,81),
 (249,'lugia',2,NULL,127,9,9,5,-1,3,0,0,120,0,1,0,274,NULL),
 (250,'ho-oh',2,NULL,128,8,9,5,-1,3,0,0,120,0,1,0,275,NULL),
 (251,'celebi',2,NULL,129,5,12,2,-1,45,100,0,120,0,4,0,276,NULL),
 (252,'treecko',3,NULL,130,5,6,2,1,45,70,0,20,0,4,0,277,130),
 (253,'grovyle',3,252,130,5,6,2,1,45,70,0,20,0,4,0,278,131),
 (254,'sceptile',3,253,130,5,6,2,1,45,70,0,20,0,4,1,279,132),
 (255,'torchic',3,NULL,131,8,7,3,1,45,70,0,20,1,4,0,280,NULL),
 (256,'combusken',3,255,131,8,6,3,1,45,70,0,20,1,4,0,281,NULL),
 (257,'blaziken',3,256,131,8,6,3,1,45,70,0,20,1,4,1,282,NULL),
 (258,'mudkip',3,NULL,132,2,8,9,1,45,70,0,20,0,4,0,283,NULL),
 (259,'marshtomp',3,258,132,2,6,9,1,45,70,0,20,0,4,0,284,NULL),
 (260,'swampert',3,259,132,2,6,9,1,45,70,0,20,0,4,1,285,NULL),
 (261,'poochyena',3,NULL,133,4,8,3,4,255,70,0,15,0,2,0,286,NULL),
 (262,'mightyena',3,261,133,4,8,3,4,127,70,0,15,0,2,0,287,NULL),
 (263,'zigzagoon',3,NULL,134,3,8,3,4,255,70,0,15,0,2,0,288,NULL),
 (264,'linoone',3,263,134,9,8,3,4,90,70,0,15,0,2,0,289,NULL),
 (265,'wurmple',3,NULL,135,8,2,2,4,255,70,0,15,0,2,0,290,NULL),
 (266,'silcoon',3,265,135,9,1,2,4,120,70,0,15,0,2,0,291,NULL),
 (267,'beautifly',3,266,135,10,13,2,4,45,70,0,15,1,2,0,292,NULL),
 (268,'cascoon',3,265,135,7,1,2,4,120,70,0,15,0,2,0,293,NULL),
 (269,'dustox',3,268,135,5,13,2,4,45,70,0,15,1,2,0,294,NULL),
 (270,'lotad',3,NULL,136,5,14,9,4,255,70,0,15,0,4,0,295,NULL),
 (271,'lombre',3,270,136,5,12,9,4,120,70,0,15,0,4,0,296,NULL),
 (272,'ludicolo',3,271,136,5,12,9,4,45,70,0,15,1,4,0,297,NULL),
 (273,'seedot',3,NULL,137,3,7,2,4,255,70,0,15,0,4,0,298,NULL),
 (274,'nuzleaf',3,273,137,3,12,2,4,120,70,0,15,1,4,0,299,NULL),
 (275,'shiftry',3,274,137,3,12,2,4,45,70,0,15,1,4,0,300,NULL),
 (276,'taillow',3,NULL,138,2,9,3,4,200,70,0,15,0,4,0,301,NULL),
 (277,'swellow',3,276,138,2,9,3,4,45,70,0,15,0,4,0,302,NULL),
 (278,'wingull',3,NULL,139,9,9,7,4,190,70,0,20,0,2,0,303,NULL),
 (279,'pelipper',3,278,139,10,9,7,4,45,70,0,20,0,2,0,304,NULL),
 (280,'ralts',3,NULL,140,9,12,8,4,235,35,0,20,0,1,0,305,9),
 (281,'kirlia',3,280,140,9,12,8,4,120,35,0,20,0,1,0,306,10),
 (282,'gardevoir',3,281,140,9,12,8,4,45,35,0,20,0,1,1,307,11),
 (283,'surskit',3,NULL,141,2,14,9,4,200,70,0,15,0,2,0,309,NULL),
 (284,'masquerain',3,283,141,2,13,9,4,75,70,0,15,0,2,0,310,NULL),
 (285,'shroomish',3,NULL,142,3,7,2,4,255,70,0,15,0,6,0,311,NULL),
 (286,'breloom',3,285,142,5,6,2,4,90,70,0,15,0,6,0,312,NULL),
 (287,'slakoth',3,NULL,143,3,8,2,4,255,70,0,15,0,1,0,313,NULL),
 (288,'vigoroth',3,287,143,9,6,2,4,120,70,0,15,0,1,0,314,NULL),
 (289,'slaking',3,288,143,3,12,2,4,45,70,0,15,0,1,0,315,NULL),
 (290,'nincada',3,NULL,144,4,14,2,4,255,70,0,15,0,5,0,316,NULL),
 (291,'ninjask',3,290,144,10,13,2,4,120,70,0,15,0,5,0,317,NULL),
 (292,'shedinja',3,290,144,3,5,2,-1,45,70,0,15,0,5,0,318,NULL),
 (293,'whismur',3,NULL,145,6,6,1,4,190,70,0,20,0,4,0,319,NULL),
 (294,'loudred',3,293,145,2,6,1,4,120,70,0,20,0,4,0,320,NULL),
 (295,'exploud',3,294,145,2,6,1,4,45,70,0,20,0,4,0,321,NULL),
 (296,'makuhita',3,NULL,146,10,12,4,2,180,70,0,20,0,6,0,322,NULL),
 (297,'hariyama',3,296,146,3,12,4,2,200,70,0,20,0,6,0,323,NULL),
 (298,'azurill',3,NULL,90,2,7,9,6,150,70,1,10,0,3,0,211,NULL),
 (299,'nosepass',3,NULL,147,4,12,1,4,255,70,0,20,0,2,0,324,NULL),
 (300,'skitty',3,NULL,148,6,8,2,6,255,70,0,15,0,3,0,326,NULL),
 (301,'delcatty',3,300,148,7,8,2,6,60,70,0,15,0,3,0,327,NULL),
 (302,'sableye',3,NULL,149,7,12,1,4,45,35,0,25,0,4,1,328,NULL),
 (303,'mawile',3,NULL,150,1,12,1,4,45,70,0,20,0,3,1,329,NULL),
 (304,'aron',3,NULL,151,4,8,4,4,180,35,0,35,0,1,0,330,149),
 (305,'lairon',3,304,151,4,8,4,4,90,35,0,35,0,1,0,331,150),
 (306,'aggron',3,305,151,4,6,4,4,45,35,0,35,0,1,1,332,151),
 (307,'meditite',3,NULL,152,2,12,4,4,180,70,0,20,1,2,0,333,NULL),
 (308,'medicham',3,307,152,8,12,4,4,90,70,0,20,1,2,1,334,NULL),
 (309,'electrike',3,NULL,153,5,8,3,4,120,70,0,20,0,1,0,335,NULL),
 (310,'manectric',3,309,153,10,8,3,4,45,70,0,20,0,1,1,336,NULL),
 (311,'plusle',3,NULL,154,10,6,3,4,200,70,0,20,0,2,0,337,NULL),
 (312,'minun',3,NULL,155,10,6,3,4,200,70,0,20,0,2,0,338,NULL),
 (313,'volbeat',3,NULL,156,4,6,2,0,150,70,0,15,0,5,0,339,NULL),
 (314,'illumise',3,NULL,157,7,12,2,8,150,70,0,15,0,6,0,340,NULL),
 (315,'roselia',3,406,158,5,12,3,4,150,70,0,20,1,4,0,342,NULL),
 (316,'gulpin',3,NULL,159,5,4,3,4,225,70,0,20,1,6,0,344,NULL),
 (317,'swalot',3,316,159,7,4,3,4,75,70,0,20,1,6,0,345,NULL),
 (318,'carvanha',3,NULL,160,8,3,7,4,225,35,0,20,0,1,0,346,NULL),
 (319,'sharpedo',3,318,160,2,3,7,4,60,35,0,20,0,1,1,347,NULL),
 (320,'wailmer',3,NULL,161,2,3,7,4,125,70,0,40,0,6,0,348,NULL),
 (321,'wailord',3,320,161,2,3,7,4,60,70,0,40,0,6,0,349,NULL),
 (322,'numel',3,NULL,162,10,8,4,4,255,70,0,20,1,2,0,350,NULL),
 (323,'camerupt',3,322,162,8,8,4,4,150,70,0,20,1,2,1,351,NULL),
 (324,'torkoal',3,NULL,163,3,8,4,4,90,70,0,20,0,2,0,352,NULL),
 (325,'spoink',3,NULL,164,1,4,4,4,255,70,0,20,0,3,0,353,NULL),
 (326,'grumpig',3,325,164,7,6,4,4,60,70,0,20,0,3,0,354,NULL),
 (327,'spinda',3,NULL,165,3,6,4,4,255,70,0,15,0,3,0,355,NULL),
 (328,'trapinch',3,NULL,166,3,14,6,4,255,70,0,20,0,4,0,356,NULL),
 (329,'vibrava',3,328,166,5,13,6,4,120,70,0,20,0,4,0,357,NULL),
 (330,'flygon',3,329,166,5,9,6,4,45,70,0,20,0,4,0,358,NULL),
 (331,'cacnea',3,NULL,167,5,12,6,4,190,35,0,20,0,4,0,359,NULL),
 (332,'cacturne',3,331,167,5,12,6,4,60,35,0,20,1,4,0,360,NULL),
 (333,'swablu',3,NULL,168,2,9,2,4,255,70,0,20,0,5,0,361,NULL),
 (334,'altaria',3,333,168,2,9,2,4,45,70,0,20,0,5,1,362,NULL),
 (335,'zangoose',3,NULL,169,9,6,3,4,90,70,0,20,0,5,0,363,NULL),
 (336,'seviper',3,NULL,170,1,2,3,4,90,70,0,20,0,6,0,364,NULL),
 (337,'lunatone',3,NULL,171,10,1,1,-1,45,70,0,25,0,3,0,365,NULL),
 (338,'solrock',3,NULL,172,8,1,1,-1,45,70,0,25,0,3,0,366,NULL),
 (339,'barboach',3,NULL,173,4,3,9,4,190,70,0,20,0,2,0,367,NULL),
 (340,'whiscash',3,339,173,2,3,9,4,75,70,0,20,0,2,0,368,NULL),
 (341,'corphish',3,NULL,174,8,14,9,4,205,70,0,15,0,6,0,369,NULL),
 (342,'crawdaunt',3,341,174,8,14,9,4,155,70,0,15,0,6,0,370,NULL),
 (343,'baltoy',3,NULL,175,3,4,6,-1,255,70,0,20,0,2,0,371,NULL),
 (344,'claydol',3,343,175,1,4,6,-1,90,70,0,20,0,2,0,372,NULL),
 (345,'lileep',3,NULL,176,7,5,7,1,45,70,0,30,0,5,0,373,NULL),
 (346,'cradily',3,345,176,5,5,7,1,45,70,0,30,0,5,0,374,NULL),
 (347,'anorith',3,NULL,177,4,14,9,1,45,70,0,30,0,5,0,375,171),
 (348,'armaldo',3,347,177,4,6,9,1,45,70,0,30,0,5,0,376,172),
 (349,'feebas',3,NULL,178,3,3,9,4,255,70,0,20,0,5,0,377,NULL),
 (350,'milotic',3,349,178,6,2,9,4,60,70,0,20,1,5,0,378,NULL),
 (351,'castform',3,NULL,179,9,1,3,4,45,70,0,25,0,2,1,379,NULL),
 (352,'kecleon',3,NULL,180,5,6,2,4,200,70,0,20,0,4,0,380,NULL),
 (353,'shuppet',3,NULL,181,1,1,8,4,225,35,0,25,0,3,0,381,NULL),
 (354,'banette',3,353,181,1,6,8,4,45,35,0,25,0,3,1,382,NULL),
 (355,'duskull',3,NULL,182,1,4,2,4,190,35,0,25,0,3,0,383,69),
 (356,'dusclops',3,355,182,1,12,2,4,90,35,0,25,0,3,0,384,70),
 (357,'tropius',3,NULL,183,5,8,2,4,200,70,0,25,0,1,0,386,NULL),
 (358,'chimecho',3,433,184,2,4,3,4,45,70,0,25,0,3,0,388,53),
 (359,'absol',3,NULL,185,9,8,4,4,30,35,0,25,0,4,1,389,NULL),
 (360,'wynaut',3,NULL,100,2,6,1,4,125,70,1,20,0,2,0,232,NULL),
 (361,'snorunt',3,NULL,186,4,12,1,4,190,70,0,20,0,2,0,390,93),
 (362,'glalie',3,361,186,4,1,1,4,75,70,0,20,0,2,1,391,94),
 (363,'spheal',3,NULL,187,2,3,7,4,255,70,0,20,0,4,0,393,60),
 (364,'sealeo',3,363,187,2,3,7,4,120,70,0,20,0,4,0,394,61),
 (365,'walrein',3,364,187,2,8,7,4,45,70,0,20,0,4,0,395,62),
 (366,'clamperl',3,NULL,188,2,1,7,4,255,70,0,20,0,5,0,396,NULL),
 (367,'huntail',3,366,188,2,2,7,4,60,70,0,20,0,5,0,397,NULL),
 (368,'gorebyss',3,366,188,6,2,7,4,60,70,0,20,0,5,0,398,NULL),
 (369,'relicanth',3,NULL,189,4,3,7,1,25,70,0,40,1,1,0,399,NULL),
 (370,'luvdisc',3,NULL,190,6,3,7,6,225,70,0,20,0,3,0,400,NULL),
 (371,'bagon',3,NULL,191,2,12,6,4,45,35,0,40,0,1,0,401,NULL),
 (372,'shelgon',3,371,191,9,8,6,4,45,35,0,40,0,1,0,402,NULL),
 (373,'salamence',3,372,191,2,8,6,4,45,35,0,40,0,1,1,403,NULL),
 (374,'beldum',3,NULL,192,2,5,6,-1,3,35,0,40,0,1,0,404,82),
 (375,'metang',3,374,192,2,4,6,-1,3,35,0,40,0,1,0,405,83),
 (376,'metagross',3,375,192,2,11,6,-1,3,35,0,40,0,1,1,406,84),
 (377,'regirock',3,NULL,193,3,12,1,-1,3,35,0,80,0,1,0,407,NULL),
 (378,'regice',3,NULL,194,2,12,1,-1,3,35,0,80,0,1,0,408,NULL),
 (379,'registeel',3,NULL,195,4,12,1,-1,3,35,0,80,0,1,0,409,193),
 (380,'latias',3,NULL,196,8,9,9,8,3,90,0,120,0,1,1,410,NULL),
 (381,'latios',3,NULL,197,2,9,9,0,3,90,0,120,0,1,1,411,NULL),
 (382,'kyogre',3,NULL,198,2,3,7,-1,5,0,0,120,0,1,1,412,NULL),
 (383,'groudon',3,NULL,199,8,6,6,-1,5,0,0,120,0,1,1,413,194),
 (384,'rayquaza',3,NULL,200,5,2,5,-1,3,0,0,120,0,1,1,414,200),
 (385,'jirachi',3,NULL,201,10,12,4,-1,3,100,0,120,0,1,0,415,NULL),
 (386,'deoxys',3,NULL,202,8,12,5,-1,3,0,0,120,0,1,1,416,NULL),
 (387,'turtwig',4,NULL,203,5,8,NULL,1,45,70,0,20,0,4,0,417,NULL),
 (388,'grotle',4,387,203,5,8,NULL,1,45,70,0,20,0,4,0,418,NULL),
 (389,'torterra',4,388,203,5,8,NULL,1,45,70,0,20,0,4,0,419,NULL),
 (390,'chimchar',4,NULL,204,3,6,NULL,1,45,70,0,20,0,4,0,420,115),
 (391,'monferno',4,390,204,3,6,NULL,1,45,70,0,20,0,4,0,421,116),
 (392,'infernape',4,391,204,3,6,NULL,1,45,70,0,20,0,4,0,422,117),
 (393,'piplup',4,NULL,205,2,12,NULL,1,45,70,0,20,0,4,0,423,133),
 (394,'prinplup',4,393,205,2,6,NULL,1,45,70,0,20,0,4,0,424,134),
 (395,'empoleon',4,394,205,2,6,NULL,1,45,70,0,20,0,4,0,425,135),
 (396,'starly',4,NULL,206,3,9,NULL,4,255,70,0,15,1,4,0,426,26),
 (397,'staravia',4,396,206,3,9,NULL,4,120,70,0,15,1,4,0,427,27),
 (398,'staraptor',4,397,206,3,9,NULL,4,45,70,0,15,1,4,0,428,28),
 (399,'bidoof',4,NULL,207,3,8,NULL,4,255,70,0,15,1,2,0,429,29),
 (400,'bibarel',4,399,207,3,6,NULL,4,127,70,0,15,1,2,0,430,30),
 (401,'kricketot',4,NULL,208,8,12,NULL,4,255,70,0,15,1,4,0,431,NULL),
 (402,'kricketune',4,401,208,8,13,NULL,4,45,70,0,15,1,4,0,432,NULL),
 (403,'shinx',4,NULL,209,2,8,NULL,4,235,70,0,20,1,4,0,433,34),
 (404,'luxio',4,403,209,2,8,NULL,4,120,100,0,20,1,4,0,434,35),
 (405,'luxray',4,404,209,2,8,NULL,4,45,70,0,20,1,4,0,435,36),
 (406,'budew',4,NULL,158,5,12,NULL,4,255,70,1,20,0,4,0,341,NULL),
 (407,'roserade',4,315,158,5,12,NULL,4,75,70,0,20,1,4,0,343,NULL),
 (408,'cranidos',4,NULL,211,2,6,NULL,1,45,70,0,30,0,5,0,436,NULL),
 (409,'rampardos',4,408,211,2,6,NULL,1,45,70,0,30,0,5,0,437,NULL),
 (410,'shieldon',4,NULL,212,4,8,NULL,1,45,70,0,30,0,5,0,438,163),
 (411,'bastiodon',4,410,212,4,8,NULL,1,45,70,0,30,0,5,0,439,164),
 (412,'burmy',4,NULL,213,4,2,NULL,4,120,70,0,15,0,2,1,440,NULL),
 (413,'wormadam',4,412,213,4,2,NULL,8,45,70,0,15,0,2,0,441,NULL),
 (414,'mothim',4,412,213,10,13,NULL,0,45,70,0,15,0,2,0,442,NULL),
 (415,'combee',4,NULL,214,10,11,NULL,1,120,70,0,15,1,4,0,443,NULL),
 (416,'vespiquen',4,415,214,10,9,NULL,8,45,70,0,15,0,4,0,444,NULL),
 (417,'pachirisu',4,NULL,215,9,8,NULL,4,200,100,0,10,1,2,0,445,NULL),
 (418,'buizel',4,NULL,216,3,8,NULL,4,190,70,0,20,1,2,0,446,NULL),
 (419,'floatzel',4,418,216,3,8,NULL,4,75,70,0,20,1,2,0,447,NULL),
 (420,'cherubi',4,NULL,217,6,11,NULL,4,190,70,0,20,0,2,0,448,NULL),
 (421,'cherrim',4,420,217,6,7,NULL,4,75,70,0,20,0,2,1,449,NULL),
 (422,'shellos',4,NULL,218,7,14,NULL,4,190,70,0,20,0,2,0,450,NULL),
 (423,'gastrodon',4,422,218,7,14,NULL,4,75,70,0,20,0,2,0,451,NULL),
 (424,'ambipom',4,190,93,7,6,NULL,4,45,100,0,20,1,3,0,220,NULL),
 (425,'drifloon',4,NULL,219,7,4,NULL,4,125,70,0,30,0,6,0,452,167),
 (426,'drifblim',4,425,219,7,4,NULL,4,60,70,0,30,0,6,0,453,168),
 (427,'buneary',4,NULL,220,3,6,NULL,4,190,0,0,20,0,2,0,454,NULL),
 (428,'lopunny',4,427,220,3,6,NULL,4,60,140,0,20,0,2,1,455,NULL),
 (429,'mismagius',4,200,98,7,1,NULL,4,45,35,0,25,0,3,0,230,184),
 (430,'honchkrow',4,198,97,1,9,NULL,4,30,35,0,20,0,4,0,228,NULL),
 (431,'glameow',4,NULL,221,4,8,NULL,6,190,70,0,20,0,3,0,456,NULL),
 (432,'purugly',4,431,221,4,8,NULL,6,75,70,0,20,0,3,0,457,NULL),
 (433,'chingling',4,NULL,184,10,12,NULL,4,120,70,1,25,0,3,0,387,52),
 (434,'stunky',4,NULL,223,7,8,NULL,4,225,70,0,20,0,2,0,458,NULL),
 (435,'skuntank',4,434,223,7,8,NULL,4,60,70,0,20,0,2,0,459,NULL),
 (436,'bronzor',4,NULL,224,5,1,NULL,-1,255,70,0,20,0,2,0,460,NULL),
 (437,'bronzong',4,436,224,5,4,NULL,-1,90,70,0,20,0,2,0,461,NULL),
 (438,'bonsly',4,NULL,91,3,7,NULL,4,255,70,1,20,0,2,0,214,NULL),
 (439,'mime-jr',4,NULL,57,6,12,NULL,4,145,70,1,25,0,2,0,139,NULL),
 (440,'happiny',4,NULL,51,6,12,NULL,8,130,140,1,40,0,3,0,126,NULL),
 (441,'chatot',4,NULL,228,1,9,NULL,4,30,35,0,20,0,4,0,462,NULL),
 (442,'spiritomb',4,NULL,229,7,5,NULL,4,100,70,0,30,0,2,0,463,187),
 (443,'gible',4,NULL,230,2,6,NULL,4,45,70,0,40,1,1,0,464,85),
 (444,'gabite',4,443,230,2,6,NULL,4,45,70,0,40,1,1,0,465,86),
 (445,'garchomp',4,444,230,2,6,NULL,4,45,70,0,40,1,1,1,466,87),
 (446,'munchlax',4,NULL,72,1,12,NULL,1,50,70,1,40,0,1,0,174,178),
 (447,'riolu',4,NULL,232,2,6,NULL,1,75,70,1,25,0,4,0,467,50),
 (448,'lucario',4,447,232,2,6,NULL,1,45,70,0,25,0,4,1,468,51),
 (449,'hippopotas',4,NULL,233,3,8,NULL,4,140,70,0,30,1,1,0,469,NULL),
 (450,'hippowdon',4,449,233,3,8,NULL,4,60,70,0,30,1,1,0,470,NULL),
 (451,'skorupi',4,NULL,234,7,14,NULL,4,120,70,0,20,0,1,0,471,156),
 (452,'drapion',4,451,234,7,14,NULL,4,45,70,0,20,0,1,0,472,157),
 (453,'croagunk',4,NULL,235,2,12,NULL,4,140,100,0,10,1,2,0,473,88),
 (454,'toxicroak',4,453,235,2,12,NULL,4,75,70,0,20,1,2,0,474,89),
 (455,'carnivine',4,NULL,236,5,10,NULL,4,200,70,0,25,0,1,0,475,186),
 (456,'finneon',4,NULL,237,2,3,NULL,4,190,70,0,20,1,5,0,476,NULL),
 (457,'lumineon',4,456,237,2,3,NULL,4,75,70,0,20,1,5,0,477,NULL),
 (458,'mantyke',4,NULL,116,2,9,NULL,4,25,70,1,25,0,1,0,258,NULL),
 (459,'snover',4,NULL,239,9,6,NULL,4,120,70,0,20,1,1,0,478,NULL),
 (460,'abomasnow',4,459,239,9,6,NULL,4,60,70,0,20,1,1,1,479,NULL),
 (461,'weavile',4,215,109,1,6,NULL,4,45,35,0,20,1,4,0,246,182),
 (462,'magnezone',4,82,34,4,4,NULL,-1,30,70,0,20,0,2,0,90,NULL),
 (463,'lickilicky',4,108,48,6,12,NULL,4,30,70,0,20,0,2,0,120,NULL),
 (464,'rhyperior',4,112,50,4,6,NULL,4,30,70,0,20,1,1,0,125,162),
 (465,'tangrowth',4,114,52,2,12,NULL,4,30,70,0,20,1,2,0,130,NULL),
 (466,'electivire',4,125,60,10,6,NULL,2,30,70,0,25,0,2,0,147,NULL),
 (467,'magmortar',4,126,61,8,6,NULL,2,30,70,0,25,0,2,0,150,NULL),
 (468,'togekiss',4,176,87,9,9,NULL,1,30,70,0,10,0,3,0,205,NULL),
 (469,'yanmega',4,193,95,5,13,NULL,4,30,70,0,20,0,2,0,224,NULL),
 (470,'leafeon',4,133,67,5,8,NULL,1,45,35,0,35,0,2,0,163,7),
 (471,'glaceon',4,133,67,2,8,NULL,1,45,35,0,35,0,2,0,164,8),
 (472,'gliscor',4,207,104,7,9,NULL,4,30,70,0,20,0,4,0,239,NULL),
 (473,'mamoswine',4,221,112,3,8,NULL,4,50,70,0,20,1,1,0,253,NULL),
 (474,'porygon-z',4,233,68,8,4,NULL,-1,30,70,0,20,0,2,0,168,NULL),
 (475,'gallade',4,281,140,9,12,NULL,0,45,35,0,20,0,1,1,308,12),
 (476,'probopass',4,299,147,4,11,NULL,4,60,70,0,20,0,2,0,325,NULL),
 (477,'dusknoir',4,356,182,1,4,NULL,4,45,35,0,25,0,3,0,385,71),
 (478,'froslass',4,361,186,9,4,NULL,8,75,70,0,20,0,2,0,392,95),
 (479,'rotom',4,NULL,240,8,1,NULL,-1,45,70,0,20,0,2,1,480,NULL),
 (480,'uxie',4,NULL,241,10,6,NULL,-1,3,140,0,80,0,1,0,481,NULL),
 (481,'mesprit',4,NULL,242,6,6,NULL,-1,3,140,0,80,0,1,0,482,NULL),
 (482,'azelf',4,NULL,243,2,6,NULL,-1,3,140,0,80,0,1,0,483,NULL),
 (483,'dialga',4,NULL,244,9,8,NULL,-1,30,0,0,120,0,1,0,484,195),
 (484,'palkia',4,NULL,245,7,6,NULL,-1,30,0,0,120,0,1,0,485,NULL),
 (485,'heatran',4,NULL,246,3,8,NULL,4,3,100,0,10,0,1,0,486,NULL),
 (486,'regigigas',4,NULL,247,9,12,NULL,-1,3,0,0,120,0,1,0,487,NULL),
 (487,'giratina',4,NULL,248,1,10,NULL,-1,3,0,0,120,0,1,1,488,NULL),
 (488,'cresselia',4,NULL,249,10,14,NULL,8,3,100,0,120,0,1,0,489,NULL),
 (489,'phione',4,NULL,250,2,4,NULL,-1,30,70,0,40,0,1,0,490,NULL),
 (490,'manaphy',4,NULL,250,2,12,NULL,-1,3,70,0,10,0,1,0,491,NULL),
 (491,'darkrai',4,NULL,252,1,12,NULL,-1,3,0,0,120,0,1,0,492,NULL),
 (492,'shaymin',4,NULL,253,5,8,NULL,-1,45,100,0,120,0,4,1,493,NULL),
 (493,'arceus',4,NULL,254,4,8,NULL,-1,3,0,0,120,0,1,1,494,199),
 (494,'victini',5,NULL,255,10,12,NULL,-1,3,100,0,120,0,1,0,495,NULL),
 (495,'snivy',5,NULL,256,5,6,NULL,1,45,70,0,20,0,4,0,496,118),
 (496,'servine',5,495,256,5,6,NULL,1,45,70,0,20,0,4,0,497,119),
 (497,'serperior',5,496,256,5,2,NULL,1,45,70,0,20,0,4,0,498,120),
 (498,'tepig',5,NULL,257,8,8,NULL,1,45,70,0,20,0,4,0,499,121),
 (499,'pignite',5,498,257,8,6,NULL,1,45,70,0,20,0,4,0,500,122),
 (500,'emboar',5,499,257,8,6,NULL,1,45,70,0,20,0,4,0,501,123),
 (501,'oshawott',5,NULL,258,2,6,NULL,1,45,70,0,20,0,4,0,502,106),
 (502,'dewott',5,501,258,2,6,NULL,1,45,70,0,20,0,4,0,503,107),
 (503,'samurott',5,502,258,2,8,NULL,1,45,70,0,20,0,4,0,504,108),
 (504,'patrat',5,NULL,259,3,8,NULL,4,255,70,0,15,0,2,0,505,NULL),
 (505,'watchog',5,504,259,3,6,NULL,4,255,70,0,20,0,2,0,506,NULL),
 (506,'lillipup',5,NULL,260,3,8,NULL,4,255,70,0,15,0,4,0,507,NULL),
 (507,'herdier',5,506,260,4,8,NULL,4,120,70,0,15,0,4,0,508,NULL),
 (508,'stoutland',5,507,260,4,8,NULL,4,45,70,0,15,0,4,0,509,NULL),
 (509,'purrloin',5,NULL,261,7,8,NULL,4,255,70,0,20,0,2,0,510,NULL),
 (510,'liepard',5,509,261,7,8,NULL,4,90,70,0,20,0,2,0,511,NULL),
 (511,'pansage',5,NULL,262,5,6,NULL,1,190,70,0,20,0,2,0,512,136),
 (512,'simisage',5,511,262,5,6,NULL,1,75,70,0,20,0,2,0,513,137),
 (513,'pansear',5,NULL,263,8,6,NULL,1,190,70,0,20,0,2,0,514,138),
 (514,'simisear',5,513,263,8,6,NULL,1,75,70,0,20,0,2,0,515,139),
 (515,'panpour',5,NULL,264,2,6,NULL,1,190,70,0,20,0,2,0,516,140),
 (516,'simipour',5,515,264,2,6,NULL,1,75,70,0,20,0,2,0,517,141),
 (517,'munna',5,NULL,265,6,8,NULL,4,190,70,0,10,0,3,0,518,72),
 (518,'musharna',5,517,265,6,12,NULL,4,75,70,0,10,0,3,0,519,73),
 (519,'pidove',5,NULL,266,4,9,NULL,4,255,70,0,15,0,4,0,520,NULL),
 (520,'tranquill',5,519,266,4,9,NULL,4,120,70,0,15,0,4,0,521,NULL),
 (521,'unfezant',5,520,266,4,9,NULL,4,45,70,0,15,1,4,0,522,NULL),
 (522,'blitzle',5,NULL,267,1,8,NULL,4,190,70,0,20,0,2,0,523,74),
 (523,'zebstrika',5,522,267,1,8,NULL,4,75,70,0,20,0,2,0,524,75),
 (524,'roggenrola',5,NULL,268,2,7,NULL,4,255,70,0,15,0,4,0,525,40),
 (525,'boldore',5,524,268,2,10,NULL,4,120,70,0,15,0,4,0,526,41),
 (526,'gigalith',5,525,268,2,10,NULL,4,45,70,0,15,0,4,0,527,42),
 (527,'woobat',5,NULL,269,2,9,NULL,4,190,70,0,15,0,2,0,528,NULL),
 (528,'swoobat',5,527,269,2,9,NULL,4,45,70,0,15,0,2,0,529,NULL),
 (529,'drilbur',5,NULL,270,4,6,NULL,4,120,70,0,20,0,2,0,530,152),
 (530,'excadrill',5,529,270,4,12,NULL,4,60,70,0,20,0,2,0,531,153),
 (531,'audino',5,NULL,271,6,6,NULL,4,255,70,0,20,0,3,1,532,185),
 (532,'timburr',5,NULL,272,4,12,NULL,2,180,70,0,20,0,4,0,533,101),
 (533,'gurdurr',5,532,272,4,12,NULL,2,90,70,0,20,0,4,0,534,102),
 (534,'conkeldurr',5,533,272,3,12,NULL,2,45,70,0,20,0,4,0,535,103),
 (535,'tympole',5,NULL,273,2,3,NULL,4,255,70,0,20,0,4,0,536,NULL),
 (536,'palpitoad',5,535,273,2,6,NULL,4,120,70,0,20,0,4,0,537,NULL),
 (537,'seismitoad',5,536,273,2,12,NULL,4,45,70,0,20,0,4,0,538,NULL),
 (538,'throh',5,NULL,274,8,12,NULL,0,45,70,0,20,0,2,0,539,NULL),
 (539,'sawk',5,NULL,275,2,12,NULL,0,45,70,0,20,0,2,0,540,NULL),
 (540,'sewaddle',5,NULL,276,10,14,NULL,4,255,70,0,15,0,4,0,541,124),
 (541,'swadloon',5,540,276,5,4,NULL,4,120,70,0,15,0,4,0,542,125),
 (542,'leavanny',5,541,276,10,12,NULL,4,45,70,0,15,0,4,0,543,126),
 (543,'venipede',5,NULL,277,8,14,NULL,4,255,70,0,15,0,4,0,544,31),
 (544,'whirlipede',5,543,277,4,1,NULL,4,120,70,0,15,0,4,0,545,32),
 (545,'scolipede',5,544,277,8,14,NULL,4,45,70,0,20,0,4,0,546,33),
 (546,'cottonee',5,NULL,278,5,1,NULL,4,190,70,0,20,0,2,0,547,48),
 (547,'whimsicott',5,546,278,5,12,NULL,4,75,70,0,20,0,2,0,548,49),
 (548,'petilil',5,NULL,279,5,5,NULL,8,190,70,0,20,0,2,0,549,43),
 (549,'lilligant',5,548,279,5,5,NULL,8,75,70,0,20,0,2,0,550,44),
 (550,'basculin',5,NULL,280,5,3,NULL,4,25,70,0,40,0,2,0,551,NULL),
 (551,'sandile',5,NULL,281,3,8,NULL,4,180,70,0,20,0,4,0,552,66),
 (552,'krokorok',5,551,281,3,8,NULL,4,90,70,0,20,0,4,0,553,67),
 (553,'krookodile',5,552,281,8,6,NULL,4,45,70,0,20,0,4,0,554,68),
 (554,'darumaka',5,NULL,282,8,12,NULL,4,120,70,0,20,0,4,0,555,142),
 (555,'darmanitan',5,554,282,8,8,NULL,4,60,70,0,20,0,4,1,556,143),
 (556,'maractus',5,NULL,283,5,5,NULL,4,255,70,0,20,0,2,0,557,NULL),
 (557,'dwebble',5,NULL,284,8,14,NULL,4,190,70,0,20,0,2,0,558,NULL),
 (558,'crustle',5,557,284,8,14,NULL,4,75,70,0,20,0,2,0,559,NULL),
 (559,'scraggy',5,NULL,285,10,6,NULL,4,180,35,0,15,0,2,0,560,165),
 (560,'scrafty',5,559,285,8,6,NULL,4,90,70,0,15,0,2,0,561,166),
 (561,'sigilyph',5,NULL,286,1,9,NULL,4,45,70,0,20,0,2,0,562,NULL),
 (562,'yamask',5,NULL,287,1,4,NULL,4,190,70,0,25,0,2,0,563,NULL),
 (563,'cofagrigus',5,562,287,10,5,NULL,4,90,70,0,25,0,2,0,564,NULL),
 (564,'tirtouga',5,NULL,288,2,8,NULL,1,45,70,0,30,0,2,0,565,NULL),
 (565,'carracosta',5,564,288,2,6,NULL,1,45,70,0,30,0,2,0,566,NULL),
 (566,'archen',5,NULL,289,10,9,NULL,1,45,70,0,30,0,2,0,567,NULL),
 (567,'archeops',5,566,289,10,9,NULL,1,45,70,0,30,0,2,0,568,NULL),
 (568,'trubbish',5,NULL,290,5,12,NULL,4,190,70,0,20,0,2,0,569,NULL),
 (569,'garbodor',5,568,290,5,12,NULL,4,60,70,0,20,0,2,0,570,NULL),
 (570,'zorua',5,NULL,291,4,8,NULL,1,75,70,0,25,0,4,0,571,154),
 (571,'zoroark',5,570,291,4,6,NULL,1,45,70,0,20,0,4,0,572,155),
 (572,'minccino',5,NULL,292,4,8,NULL,6,255,70,0,15,0,3,0,573,96),
 (573,'cinccino',5,572,292,4,8,NULL,6,60,70,0,15,0,3,0,574,97),
 (574,'gothita',5,NULL,293,7,12,NULL,6,200,70,0,20,0,4,0,575,63),
 (575,'gothorita',5,574,293,7,12,NULL,6,100,70,0,20,0,4,0,576,64),
 (576,'gothitelle',5,575,293,7,12,NULL,6,50,70,0,20,0,4,0,577,65),
 (577,'solosis',5,NULL,294,5,1,NULL,4,200,70,0,20,0,4,0,578,NULL),
 (578,'duosion',5,577,294,5,1,NULL,4,100,70,0,20,0,4,0,579,NULL),
 (579,'reuniclus',5,578,294,5,4,NULL,4,50,70,0,20,0,4,0,580,NULL),
 (580,'ducklett',5,NULL,295,2,9,NULL,4,190,70,0,20,0,2,0,581,NULL),
 (581,'swanna',5,580,295,9,9,NULL,4,45,70,0,20,0,2,0,582,NULL),
 (582,'vanillite',5,NULL,296,9,5,NULL,4,255,70,0,20,0,1,0,583,NULL),
 (583,'vanillish',5,582,296,9,5,NULL,4,120,70,0,20,0,1,0,584,NULL),
 (584,'vanilluxe',5,583,296,9,11,NULL,4,45,70,0,20,0,1,0,585,NULL),
 (585,'deerling',5,NULL,297,10,8,NULL,4,190,70,0,20,0,2,1,586,NULL),
 (586,'sawsbuck',5,585,297,3,8,NULL,4,75,70,0,20,0,2,1,587,NULL),
 (587,'emolga',5,NULL,298,9,8,NULL,4,200,70,0,20,0,2,0,588,180),
 (588,'karrablast',5,NULL,299,2,12,NULL,4,200,70,0,15,0,2,0,589,NULL),
 (589,'escavalier',5,588,299,4,4,NULL,4,75,70,0,15,0,2,0,590,NULL),
 (590,'foongus',5,NULL,300,9,4,NULL,4,190,70,0,20,0,2,0,591,NULL),
 (591,'amoonguss',5,590,300,9,4,NULL,4,75,70,0,20,0,2,0,592,NULL),
 (592,'frillish',5,NULL,301,9,10,NULL,4,190,70,0,20,1,2,0,593,NULL),
 (593,'jellicent',5,592,301,9,10,NULL,4,60,70,0,20,1,2,0,594,NULL),
 (594,'alomomola',5,NULL,302,6,3,NULL,4,75,70,0,40,0,3,0,595,NULL),
 (595,'joltik',5,NULL,303,10,14,NULL,4,190,70,0,20,0,2,0,596,147),
 (596,'galvantula',5,595,303,10,14,NULL,4,75,70,0,20,0,2,0,597,148),
 (597,'ferroseed',5,NULL,304,4,1,NULL,4,255,70,0,20,0,2,0,598,NULL),
 (598,'ferrothorn',5,597,304,4,10,NULL,4,90,70,0,20,0,2,0,599,NULL),
 (599,'klink',5,NULL,305,4,11,NULL,-1,130,70,0,20,0,4,0,600,NULL),
 (600,'klang',5,599,305,4,11,NULL,-1,60,70,0,20,0,4,0,601,NULL),
 (601,'klinklang',5,600,305,4,11,NULL,-1,30,70,0,20,0,4,0,602,NULL),
 (602,'tynamo',5,NULL,306,9,3,NULL,4,190,70,0,20,0,1,0,603,NULL),
 (603,'eelektrik',5,602,306,2,3,NULL,4,60,70,0,20,0,1,0,604,NULL),
 (604,'eelektross',5,603,306,2,3,NULL,4,30,70,0,20,0,1,0,605,NULL),
 (605,'elgyem',5,NULL,307,2,6,NULL,4,255,70,0,20,0,2,0,606,NULL),
 (606,'beheeyem',5,605,307,3,12,NULL,4,90,70,0,20,0,2,0,607,NULL),
 (607,'litwick',5,NULL,308,9,5,NULL,4,190,70,0,20,0,4,0,608,37),
 (608,'lampent',5,607,308,1,4,NULL,4,90,70,0,20,0,4,0,609,38),
 (609,'chandelure',5,608,308,1,4,NULL,4,45,70,0,20,0,4,0,610,39),
 (610,'axew',5,NULL,309,5,6,NULL,4,75,35,0,40,0,1,0,611,144),
 (611,'fraxure',5,610,309,5,6,NULL,4,60,35,0,40,0,1,0,612,145),
 (612,'haxorus',5,611,309,10,6,NULL,4,45,35,0,40,0,1,0,613,146),
 (613,'cubchoo',5,NULL,310,9,6,NULL,4,120,70,0,20,0,2,0,614,104),
 (614,'beartic',5,613,310,9,8,NULL,4,60,70,0,20,0,2,0,615,105),
 (615,'cryogonal',5,NULL,311,2,1,NULL,-1,25,70,0,25,0,2,0,616,NULL),
 (616,'shelmet',5,NULL,312,8,1,NULL,4,200,70,0,15,0,2,0,617,NULL),
 (617,'accelgor',5,616,312,8,4,NULL,4,75,70,0,15,0,2,0,618,NULL),
 (618,'stunfisk',5,NULL,313,3,3,NULL,4,75,70,0,20,0,2,0,619,NULL),
 (619,'mienfoo',5,NULL,314,10,6,NULL,4,180,70,0,25,0,4,0,620,NULL),
 (620,'mienshao',5,619,314,7,6,NULL,4,45,70,0,25,0,4,0,621,NULL),
 (621,'druddigon',5,NULL,315,8,6,NULL,4,45,70,0,30,0,2,0,622,NULL),
 (622,'golett',5,NULL,316,5,12,NULL,-1,190,70,0,25,0,2,0,623,NULL),
 (623,'golurk',5,622,316,5,12,NULL,-1,90,70,0,25,0,2,0,624,NULL),
 (624,'pawniard',5,NULL,317,8,12,NULL,4,120,35,0,20,0,2,0,625,158),
 (625,'bisharp',5,624,317,8,12,NULL,4,45,35,0,20,0,2,0,626,159),
 (626,'bouffalant',5,NULL,318,3,8,NULL,4,45,70,0,20,0,2,0,627,NULL),
 (627,'rufflet',5,NULL,319,9,9,NULL,0,190,70,0,20,0,1,0,628,169),
 (628,'braviary',5,627,319,8,9,NULL,0,60,70,0,20,0,1,0,629,170),
 (629,'vullaby',5,NULL,320,3,9,NULL,8,190,35,0,20,0,1,0,630,NULL),
 (630,'mandibuzz',5,629,320,3,9,NULL,8,60,35,0,20,0,1,0,631,NULL),
 (631,'heatmor',5,NULL,321,8,6,NULL,4,90,70,0,20,0,2,0,632,NULL),
 (632,'durant',5,NULL,322,4,14,NULL,4,90,70,0,20,0,2,0,633,NULL),
 (633,'deino',5,NULL,323,2,8,NULL,4,45,35,0,40,0,1,0,634,90),
 (634,'zweilous',5,633,323,2,8,NULL,4,45,35,0,40,0,1,0,635,91),
 (635,'hydreigon',5,634,323,2,6,NULL,4,45,35,0,40,0,1,0,636,92),
 (636,'larvesta',5,NULL,324,9,14,NULL,4,45,70,0,40,0,1,0,637,173),
 (637,'volcarona',5,636,324,9,13,NULL,4,15,70,0,40,0,1,0,638,174),
 (638,'cobalion',5,NULL,325,2,8,NULL,-1,3,35,0,80,0,1,0,639,NULL),
 (639,'terrakion',5,NULL,326,4,8,NULL,-1,3,35,0,80,0,1,0,640,191),
 (640,'virizion',5,NULL,327,5,8,NULL,-1,3,35,0,80,0,1,0,641,NULL),
 (641,'tornadus',5,NULL,328,5,4,NULL,0,3,90,0,120,0,1,1,642,NULL),
 (642,'thundurus',5,NULL,329,2,4,NULL,0,3,90,0,120,0,1,1,643,NULL),
 (643,'reshiram',5,NULL,330,9,9,NULL,-1,45,0,0,120,0,1,0,644,197),
 (644,'zekrom',5,NULL,331,1,6,NULL,-1,45,0,0,120,0,1,0,645,198),
 (645,'landorus',5,NULL,332,3,4,NULL,0,3,90,0,120,0,1,1,646,NULL),
 (646,'kyurem',5,NULL,333,4,6,NULL,-1,3,0,0,120,0,1,1,647,NULL),
 (647,'keldeo',5,NULL,334,10,8,NULL,-1,3,35,0,80,0,1,1,648,NULL),
 (648,'meloetta',5,NULL,335,9,12,NULL,-1,3,100,0,120,0,1,1,649,NULL),
 (649,'genesect',5,NULL,336,7,12,NULL,-1,3,0,0,120,0,1,1,650,NULL),
 (650,'chespin',6,NULL,337,5,6,NULL,1,45,70,0,20,0,4,0,651,NULL),
 (651,'quilladin',6,650,337,5,6,NULL,1,45,70,0,20,0,4,0,652,NULL),
 (652,'chesnaught',6,651,337,5,6,NULL,1,45,70,0,20,0,4,0,653,NULL),
 (653,'fennekin',6,NULL,338,8,8,NULL,1,45,70,0,20,0,4,0,654,NULL),
 (654,'braixen',6,653,338,8,6,NULL,1,45,70,0,20,0,4,0,655,NULL),
 (655,'delphox',6,654,338,8,6,NULL,1,45,70,0,20,0,4,0,656,NULL),
 (656,'froakie',6,NULL,339,2,8,NULL,1,45,70,0,20,0,4,0,657,NULL),
 (657,'frogadier',6,656,339,2,12,NULL,1,45,70,0,20,0,4,0,658,NULL),
 (658,'greninja',6,657,339,2,12,NULL,1,45,70,0,20,0,4,0,659,NULL),
 (659,'bunnelby',6,NULL,340,3,6,NULL,4,255,70,0,15,0,2,0,660,NULL),
 (660,'diggersby',6,659,340,3,6,NULL,4,127,70,0,15,0,2,0,661,NULL),
 (661,'fletchling',6,NULL,341,8,9,NULL,4,255,70,0,15,0,4,0,662,NULL),
 (662,'fletchinder',6,661,341,8,9,NULL,4,120,70,0,15,0,4,0,663,NULL),
 (663,'talonflame',6,662,341,8,9,NULL,4,45,70,0,15,0,4,0,664,NULL),
 (664,'scatterbug',6,NULL,342,1,14,NULL,4,255,70,0,15,0,2,0,665,NULL),
 (665,'spewpa',6,664,342,1,5,NULL,4,120,70,0,15,0,2,0,666,NULL),
 (666,'vivillon',6,665,342,1,13,NULL,4,45,70,0,15,0,2,0,667,NULL),
 (667,'litleo',6,NULL,343,3,8,NULL,7,220,70,0,20,0,4,0,668,NULL),
 (668,'pyroar',6,667,343,3,8,NULL,7,65,70,0,20,1,4,0,669,NULL),
 (669,'flabebe',6,NULL,344,9,4,NULL,8,225,70,0,20,0,2,0,670,NULL),
 (670,'floette',6,669,344,9,4,NULL,8,120,70,0,20,0,2,0,671,NULL),
 (671,'florges',6,670,344,9,4,NULL,8,45,70,0,20,0,2,0,672,NULL),
 (672,'skiddo',6,NULL,345,3,8,NULL,4,200,70,0,20,0,2,0,673,NULL),
 (673,'gogoat',6,672,345,3,8,NULL,4,45,70,0,20,0,2,0,674,NULL),
 (674,'pancham',6,NULL,346,9,6,NULL,4,220,70,0,25,0,2,0,675,NULL),
 (675,'pangoro',6,674,346,9,12,NULL,4,65,70,0,25,0,2,0,676,NULL),
 (676,'furfrou',6,NULL,347,9,8,NULL,4,160,70,0,20,0,2,1,677,NULL),
 (677,'espurr',6,NULL,348,4,6,NULL,4,190,70,0,20,0,2,0,678,NULL),
 (678,'meowstic',6,677,348,9,6,NULL,4,75,70,0,20,1,2,0,679,NULL),
 (679,'honedge',6,NULL,349,3,5,NULL,4,180,70,0,20,0,2,0,680,NULL),
 (680,'doublade',6,679,349,3,11,NULL,4,90,70,0,20,0,2,0,681,NULL),
 (681,'aegislash',6,680,349,3,5,NULL,4,45,70,0,20,0,2,1,682,NULL),
 (682,'spritzee',6,NULL,350,6,4,NULL,4,200,70,0,20,0,2,0,683,NULL),
 (683,'aromatisse',6,682,350,6,12,NULL,4,140,70,0,20,0,2,0,684,NULL),
 (684,'swirlix',6,NULL,351,9,7,NULL,4,200,70,0,20,0,2,0,685,NULL),
 (685,'slurpuff',6,684,351,9,12,NULL,4,140,70,0,20,0,2,0,686,NULL),
 (686,'inkay',6,NULL,352,2,10,NULL,4,190,70,0,20,0,2,0,687,NULL),
 (687,'malamar',6,686,352,2,5,NULL,4,80,70,0,20,0,2,0,688,NULL),
 (688,'binacle',6,NULL,353,3,11,NULL,4,120,70,0,20,0,2,0,689,NULL),
 (689,'barbaracle',6,688,353,3,11,NULL,4,45,70,0,20,0,2,0,690,NULL),
 (690,'skrelp',6,NULL,354,3,5,NULL,4,225,70,0,20,0,2,0,691,NULL),
 (691,'dragalge',6,690,354,3,5,NULL,4,55,70,0,20,0,2,0,692,NULL),
 (692,'clauncher',6,NULL,355,2,14,NULL,4,225,70,0,15,0,1,0,693,NULL),
 (693,'clawitzer',6,692,355,2,2,NULL,4,55,70,0,15,0,1,0,694,NULL),
 (694,'helioptile',6,NULL,356,10,6,NULL,4,190,70,0,20,0,2,0,695,NULL),
 (695,'heliolisk',6,694,356,10,6,NULL,4,75,70,0,20,0,2,0,696,NULL),
 (696,'tyrunt',6,NULL,357,3,6,NULL,1,45,70,0,30,0,2,0,697,NULL),
 (697,'tyrantrum',6,696,357,8,6,NULL,1,45,70,0,30,0,2,0,698,NULL),
 (698,'amaura',6,NULL,358,2,8,NULL,1,45,70,0,30,0,2,0,699,NULL),
 (699,'aurorus',6,698,358,2,8,NULL,1,45,70,0,30,0,2,0,700,NULL),
 (700,'sylveon',6,133,67,6,8,NULL,1,45,70,0,35,0,2,0,165,NULL),
 (701,'hawlucha',6,NULL,359,5,12,NULL,4,100,70,0,20,0,2,0,701,NULL),
 (702,'dedenne',6,NULL,360,10,6,NULL,4,180,70,0,20,0,2,0,702,NULL),
 (703,'carbink',6,NULL,361,4,1,NULL,-1,60,70,0,25,0,1,0,703,NULL),
 (704,'goomy',6,NULL,362,7,2,NULL,4,45,35,0,40,0,1,0,704,NULL),
 (705,'sliggoo',6,704,362,7,2,NULL,4,45,35,0,40,0,1,0,705,NULL),
 (706,'goodra',6,705,362,7,6,NULL,4,45,35,0,40,0,1,0,706,NULL),
 (707,'klefki',6,NULL,363,4,1,NULL,4,75,70,0,20,0,3,0,707,NULL),
 (708,'phantump',6,NULL,364,3,4,NULL,4,120,70,0,20,0,2,0,708,NULL),
 (709,'trevenant',6,708,364,3,10,NULL,4,60,70,0,20,0,2,0,709,NULL),
 (710,'pumpkaboo',6,NULL,365,3,1,NULL,4,120,70,0,20,0,2,0,710,NULL),
 (711,'gourgeist',6,710,365,3,5,NULL,4,60,70,0,20,0,2,0,711,NULL),
 (712,'bergmite',6,NULL,366,2,8,NULL,4,190,70,0,20,0,2,0,712,NULL),
 (713,'avalugg',6,712,366,2,8,NULL,4,55,70,0,20,0,2,0,713,NULL),
 (714,'noibat',6,NULL,367,7,9,NULL,4,190,70,0,20,0,2,0,714,NULL),
 (715,'noivern',6,714,367,7,9,NULL,4,45,70,0,20,0,2,0,715,NULL),
 (716,'xerneas',6,NULL,368,2,8,NULL,-1,45,0,0,120,0,1,1,716,NULL),
 (717,'yveltal',6,NULL,369,8,9,NULL,-1,45,0,0,120,0,1,0,717,NULL),
 (718,'zygarde',6,NULL,370,5,2,NULL,-1,3,0,0,120,0,1,0,718,NULL),
 (719,'diancie',6,NULL,371,6,4,NULL,-1,3,70,0,25,0,1,1,719,NULL),
 (720,'hoopa',6,NULL,372,7,1,NULL,-1,3,100,0,120,0,1,0,720,NULL),
 (721,'volcanion',6,NULL,373,3,1,NULL,-1,3,100,0,120,0,1,0,721,NULL);
--GO
--DROP TABLE IF EXISTS pokemon;
CREATE TABLE pokemon (
	id INT NOT NULL, 
	identifier VARCHAR(79) NOT NULL, 
	species_id INT, 
	height INT NOT NULL, 
	[weight] INT NOT NULL, 
	base_experience INT NOT NULL, 
	[order] INT NOT NULL, 
	is_default BIT NOT NULL, 
	PRIMARY KEY (id), 
	FOREIGN KEY(species_id) REFERENCES pokemon_species (id) ON UPDATE CASCADE ON DELETE NO ACTION, 
	CHECK (is_default IN (0, 1))
);
INSERT INTO [pokemon] (id,identifier,species_id,height,[weight],base_experience,[order],is_default) VALUES (1,'bulbasaur',1,7,69,64,1,1),
 (2,'ivysaur',2,10,130,142,2,1),
 (3,'venusaur',3,20,1000,236,3,1),
 (4,'charmander',4,6,85,62,5,1),
 (5,'charmeleon',5,11,190,142,6,1),
 (6,'charizard',6,17,905,240,7,1),
 (7,'squirtle',7,5,90,63,10,1),
 (8,'wartortle',8,10,225,142,11,1),
 (9,'blastoise',9,16,855,239,12,1),
 (10,'caterpie',10,3,29,39,14,1),
 (11,'metapod',11,7,99,72,15,1),
 (12,'butterfree',12,11,320,178,16,1),
 (13,'weedle',13,3,32,39,17,1),
 (14,'kakuna',14,6,100,72,18,1),
 (15,'beedrill',15,10,295,178,19,1),
 (16,'pidgey',16,3,18,50,21,1),
 (17,'pidgeotto',17,11,300,122,22,1),
 (18,'pidgeot',18,15,395,216,23,1),
 (19,'rattata',19,3,35,51,25,1),
 (20,'raticate',20,7,185,145,26,1),
 (21,'spearow',21,3,20,52,27,1),
 (22,'fearow',22,12,380,155,28,1),
 (23,'ekans',23,20,69,58,29,1),
 (24,'arbok',24,35,650,153,30,1),
 (25,'pikachu',25,4,60,112,32,1),
 (26,'raichu',26,8,300,218,39,1),
 (27,'sandshrew',27,6,120,60,40,1),
 (28,'sandslash',28,10,295,158,41,1),
 (29,'nidoran-f',29,4,70,55,42,1),
 (30,'nidorina',30,8,200,128,43,1),
 (31,'nidoqueen',31,13,600,227,44,1),
 (32,'nidoran-m',32,5,90,55,45,1),
 (33,'nidorino',33,9,195,128,46,1),
 (34,'nidoking',34,14,620,227,47,1),
 (35,'clefairy',35,6,75,113,49,1),
 (36,'clefable',36,13,400,217,50,1),
 (37,'vulpix',37,6,99,60,51,1),
 (38,'ninetales',38,11,199,177,52,1),
 (39,'jigglypuff',39,5,55,95,54,1),
 (40,'wigglytuff',40,10,120,196,55,1),
 (41,'zubat',41,8,75,49,56,1),
 (42,'golbat',42,16,550,159,57,1),
 (43,'oddish',43,5,54,64,59,1),
 (44,'gloom',44,8,86,138,60,1),
 (45,'vileplume',45,12,186,221,61,1),
 (46,'paras',46,3,54,57,63,1),
 (47,'parasect',47,10,295,142,64,1),
 (48,'venonat',48,10,300,61,65,1),
 (49,'venomoth',49,15,125,158,66,1),
 (50,'diglett',50,2,8,53,67,1),
 (51,'dugtrio',51,7,333,142,68,1),
 (52,'meowth',52,4,42,58,69,1),
 (53,'persian',53,10,320,154,70,1),
 (54,'psyduck',54,8,196,64,71,1),
 (55,'golduck',55,17,766,175,72,1),
 (56,'mankey',56,5,280,61,73,1),
 (57,'primeape',57,10,320,159,74,1),
 (58,'growlithe',58,7,190,70,75,1),
 (59,'arcanine',59,19,1550,194,76,1),
 (60,'poliwag',60,6,124,60,77,1),
 (61,'poliwhirl',61,10,200,135,78,1),
 (62,'poliwrath',62,13,540,230,79,1),
 (63,'abra',63,9,195,62,81,1),
 (64,'kadabra',64,13,565,140,82,1),
 (65,'alakazam',65,15,480,225,83,1),
 (66,'machop',66,8,195,61,85,1),
 (67,'machoke',67,15,705,142,86,1),
 (68,'machamp',68,16,1300,227,87,1),
 (69,'bellsprout',69,7,40,60,88,1),
 (70,'weepinbell',70,10,64,137,89,1),
 (71,'victreebel',71,17,155,221,90,1),
 (72,'tentacool',72,9,455,67,91,1),
 (73,'tentacruel',73,16,550,180,92,1),
 (74,'geodude',74,4,200,60,93,1),
 (75,'graveler',75,10,1050,137,94,1),
 (76,'golem',76,14,3000,223,95,1),
 (77,'ponyta',77,10,300,82,96,1),
 (78,'rapidash',78,17,950,175,97,1),
 (79,'slowpoke',79,12,360,63,98,1),
 (80,'slowbro',80,16,785,172,99,1),
 (81,'magnemite',81,3,60,65,102,1),
 (82,'magneton',82,10,600,163,103,1),
 (83,'farfetchd',83,8,150,123,105,1),
 (84,'doduo',84,14,392,62,106,1),
 (85,'dodrio',85,18,852,161,107,1),
 (86,'seel',86,11,900,65,108,1),
 (87,'dewgong',87,17,1200,166,109,1),
 (88,'grimer',88,9,300,65,110,1),
 (89,'muk',89,12,300,175,111,1),
 (90,'shellder',90,3,40,61,112,1),
 (91,'cloyster',91,15,1325,184,113,1),
 (92,'gastly',92,13,1,62,114,1),
 (93,'haunter',93,16,1,142,115,1),
 (94,'gengar',94,15,405,225,116,1),
 (95,'onix',95,88,2100,77,118,1),
 (96,'drowzee',96,10,324,66,121,1),
 (97,'hypno',97,16,756,169,122,1),
 (98,'krabby',98,4,65,65,123,1),
 (99,'kingler',99,13,600,166,124,1),
 (100,'voltorb',100,5,104,66,125,1),
 (101,'electrode',101,12,666,168,126,1),
 (102,'exeggcute',102,4,25,65,127,1),
 (103,'exeggutor',103,20,1200,182,128,1),
 (104,'cubone',104,4,65,64,129,1),
 (105,'marowak',105,10,450,149,130,1),
 (106,'hitmonlee',106,15,498,159,132,1),
 (107,'hitmonchan',107,14,502,159,133,1),
 (108,'lickitung',108,12,655,77,135,1),
 (109,'koffing',109,6,10,68,137,1),
 (110,'weezing',110,12,95,172,138,1),
 (111,'rhyhorn',111,10,1150,69,139,1),
 (112,'rhydon',112,19,1200,170,140,1),
 (113,'chansey',113,11,346,395,143,1),
 (114,'tangela',114,10,350,87,145,1),
 (115,'kangaskhan',115,22,800,172,147,1),
 (116,'horsea',116,4,80,59,149,1),
 (117,'seadra',117,12,250,154,150,1),
 (118,'goldeen',118,6,150,64,152,1),
 (119,'seaking',119,13,390,158,153,1),
 (120,'staryu',120,8,345,68,154,1),
 (121,'starmie',121,11,800,182,155,1),
 (122,'mr-mime',122,13,545,161,157,1),
 (123,'scyther',123,15,560,100,158,1),
 (124,'jynx',124,14,406,159,162,1),
 (125,'electabuzz',125,11,300,172,164,1),
 (126,'magmar',126,13,445,173,167,1),
 (127,'pinsir',127,15,550,175,169,1),
 (128,'tauros',128,14,884,172,171,1),
 (129,'magikarp',129,9,100,40,172,1),
 (130,'gyarados',130,65,2350,189,173,1),
 (131,'lapras',131,25,2200,187,175,1),
 (132,'ditto',132,3,40,101,176,1),
 (133,'eevee',133,3,65,65,177,1),
 (134,'vaporeon',134,10,290,184,178,1),
 (135,'jolteon',135,8,245,184,179,1),
 (136,'flareon',136,9,250,184,180,1),
 (137,'porygon',137,8,365,79,186,1),
 (138,'omanyte',138,4,75,71,189,1),
 (139,'omastar',139,10,350,173,190,1),
 (140,'kabuto',140,5,115,71,191,1),
 (141,'kabutops',141,13,405,173,192,1),
 (142,'aerodactyl',142,18,590,180,193,1),
 (143,'snorlax',143,21,4600,189,196,1),
 (144,'articuno',144,17,554,261,197,1),
 (145,'zapdos',145,16,526,261,198,1),
 (146,'moltres',146,20,600,261,199,1),
 (147,'dratini',147,18,33,60,200,1),
 (148,'dragonair',148,40,165,147,201,1),
 (149,'dragonite',149,22,2100,270,202,1),
 (150,'mewtwo',150,20,1220,306,203,1),
 (151,'mew',151,4,40,270,206,1),
 (152,'chikorita',152,9,64,64,207,1),
 (153,'bayleef',153,12,158,142,208,1),
 (154,'meganium',154,18,1005,236,209,1),
 (155,'cyndaquil',155,5,79,62,210,1),
 (156,'quilava',156,9,190,142,211,1),
 (157,'typhlosion',157,17,795,240,212,1),
 (158,'totodile',158,6,95,63,213,1),
 (159,'croconaw',159,11,250,142,214,1),
 (160,'feraligatr',160,23,888,239,215,1),
 (161,'sentret',161,8,60,43,216,1),
 (162,'furret',162,18,325,145,217,1),
 (163,'hoothoot',163,7,212,52,218,1),
 (164,'noctowl',164,16,408,155,219,1),
 (165,'ledyba',165,10,108,53,220,1),
 (166,'ledian',166,14,356,137,221,1),
 (167,'spinarak',167,5,85,50,222,1),
 (168,'ariados',168,11,335,137,223,1),
 (169,'crobat',169,18,750,241,58,1),
 (170,'chinchou',170,5,120,66,224,1),
 (171,'lanturn',171,12,225,161,225,1),
 (172,'pichu',172,3,20,41,31,1),
 (173,'cleffa',173,3,30,44,48,1),
 (174,'igglybuff',174,3,10,42,53,1),
 (175,'togepi',175,3,15,49,226,1),
 (176,'togetic',176,6,32,142,227,1),
 (177,'natu',177,2,20,64,229,1),
 (178,'xatu',178,15,150,165,230,1),
 (179,'mareep',179,6,78,56,231,1),
 (180,'flaaffy',180,8,133,128,232,1),
 (181,'ampharos',181,14,615,230,233,1),
 (182,'bellossom',182,4,58,221,62,1),
 (183,'marill',183,4,85,88,236,1),
 (184,'azumarill',184,8,285,189,237,1),
 (185,'sudowoodo',185,12,380,144,239,1),
 (186,'politoed',186,11,339,225,80,1),
 (187,'hoppip',187,4,5,50,240,1),
 (188,'skiploom',188,6,10,119,241,1),
 (189,'jumpluff',189,8,30,207,242,1),
 (190,'aipom',190,8,115,72,243,1),
 (191,'sunkern',191,3,18,36,245,1),
 (192,'sunflora',192,8,85,149,246,1),
 (193,'yanma',193,12,380,78,247,1),
 (194,'wooper',194,4,85,42,249,1),
 (195,'quagsire',195,14,750,151,250,1),
 (196,'espeon',196,9,265,184,181,1),
 (197,'umbreon',197,10,270,184,182,1),
 (198,'murkrow',198,5,21,81,251,1),
 (199,'slowking',199,20,795,172,101,1),
 (200,'misdreavus',200,7,10,87,253,1),
 (201,'unown',201,5,50,118,255,1),
 (202,'wobbuffet',202,13,285,142,257,1),
 (203,'girafarig',203,15,415,159,258,1),
 (204,'pineco',204,6,72,58,259,1),
 (205,'forretress',205,12,1258,163,260,1),
 (206,'dunsparce',206,15,140,145,261,1),
 (207,'gligar',207,11,648,86,262,1),
 (208,'steelix',208,92,4000,179,119,1),
 (209,'snubbull',209,6,78,60,264,1),
 (210,'granbull',210,14,487,158,265,1),
 (211,'qwilfish',211,5,39,86,266,1),
 (212,'scizor',212,18,1180,175,159,1),
 (213,'shuckle',213,6,205,177,267,1),
 (214,'heracross',214,15,540,175,268,1),
 (215,'sneasel',215,9,280,86,270,1),
 (216,'teddiursa',216,6,88,66,272,1),
 (217,'ursaring',217,18,1258,175,273,1),
 (218,'slugma',218,7,350,50,274,1),
 (219,'magcargo',219,8,550,144,275,1),
 (220,'swinub',220,4,65,50,276,1),
 (221,'piloswine',221,11,558,158,277,1),
 (222,'corsola',222,6,50,133,279,1),
 (223,'remoraid',223,6,120,60,280,1),
 (224,'octillery',224,9,285,168,281,1),
 (225,'delibird',225,9,160,116,282,1),
 (226,'mantine',226,21,2200,163,284,1),
 (227,'skarmory',227,17,505,163,285,1),
 (228,'houndour',228,6,108,66,286,1),
 (229,'houndoom',229,14,350,175,287,1),
 (230,'kingdra',230,18,1520,243,151,1),
 (231,'phanpy',231,5,335,66,289,1),
 (232,'donphan',232,11,1200,175,290,1),
 (233,'porygon2',233,6,325,180,187,1),
 (234,'stantler',234,14,712,163,291,1),
 (235,'smeargle',235,12,580,88,292,1),
 (236,'tyrogue',236,7,210,42,131,1),
 (237,'hitmontop',237,14,480,159,134,1),
 (238,'smoochum',238,4,60,61,161,1),
 (239,'elekid',239,6,235,72,163,1),
 (240,'magby',240,7,214,73,166,1),
 (241,'miltank',241,12,755,172,293,1),
 (242,'blissey',242,15,468,608,144,1),
 (243,'raikou',243,19,1780,261,294,1),
 (244,'entei',244,21,1980,261,295,1),
 (245,'suicune',245,20,1870,261,296,1),
 (246,'larvitar',246,6,720,60,297,1),
 (247,'pupitar',247,12,1520,144,298,1),
 (248,'tyranitar',248,20,2020,270,299,1),
 (249,'lugia',249,52,2160,306,301,1),
 (250,'ho-oh',250,38,1990,306,302,1),
 (251,'celebi',251,6,50,270,303,1),
 (252,'treecko',252,5,50,62,304,1),
 (253,'grovyle',253,9,216,142,305,1),
 (254,'sceptile',254,17,522,239,306,1),
 (255,'torchic',255,4,25,62,308,1),
 (256,'combusken',256,9,195,142,309,1),
 (257,'blaziken',257,19,520,239,310,1),
 (258,'mudkip',258,4,76,62,312,1),
 (259,'marshtomp',259,7,280,142,313,1),
 (260,'swampert',260,15,819,241,314,1),
 (261,'poochyena',261,5,136,44,316,1),
 (262,'mightyena',262,10,370,147,317,1),
 (263,'zigzagoon',263,4,175,48,318,1),
 (264,'linoone',264,5,325,147,319,1),
 (265,'wurmple',265,3,36,39,320,1),
 (266,'silcoon',266,6,100,72,321,1),
 (267,'beautifly',267,10,284,178,322,1),
 (268,'cascoon',268,7,115,41,323,1),
 (269,'dustox',269,12,316,135,324,1),
 (270,'lotad',270,5,26,44,325,1),
 (271,'lombre',271,12,325,119,326,1),
 (272,'ludicolo',272,15,550,216,327,1),
 (273,'seedot',273,5,40,44,328,1),
 (274,'nuzleaf',274,10,280,119,329,1),
 (275,'shiftry',275,13,596,216,330,1),
 (276,'taillow',276,3,23,54,331,1),
 (277,'swellow',277,7,198,151,332,1),
 (278,'wingull',278,6,95,54,333,1),
 (279,'pelipper',279,12,280,151,334,1),
 (280,'ralts',280,4,66,40,335,1),
 (281,'kirlia',281,8,202,97,336,1),
 (282,'gardevoir',282,16,484,233,337,1),
 (283,'surskit',283,5,17,54,341,1),
 (284,'masquerain',284,8,36,145,342,1),
 (285,'shroomish',285,4,45,59,343,1),
 (286,'breloom',286,12,392,161,344,1),
 (287,'slakoth',287,8,240,56,345,1),
 (288,'vigoroth',288,14,465,154,346,1),
 (289,'slaking',289,20,1305,252,347,1),
 (290,'nincada',290,5,55,53,348,1),
 (291,'ninjask',291,8,120,160,349,1),
 (292,'shedinja',292,8,12,83,350,1),
 (293,'whismur',293,6,163,48,351,1),
 (294,'loudred',294,10,405,126,352,1),
 (295,'exploud',295,15,840,221,353,1),
 (296,'makuhita',296,10,864,47,354,1),
 (297,'hariyama',297,23,2538,166,355,1),
 (298,'azurill',298,2,20,38,235,1),
 (299,'nosepass',299,10,970,75,356,1),
 (300,'skitty',300,6,110,52,358,1),
 (301,'delcatty',301,11,326,133,359,1),
 (302,'sableye',302,5,110,133,360,1),
 (303,'mawile',303,6,115,133,362,1),
 (304,'aron',304,4,600,66,364,1),
 (305,'lairon',305,9,1200,151,365,1),
 (306,'aggron',306,21,3600,239,366,1),
 (307,'meditite',307,6,112,56,368,1),
 (308,'medicham',308,13,315,144,369,1),
 (309,'electrike',309,6,152,59,371,1),
 (310,'manectric',310,15,402,166,372,1),
 (311,'plusle',311,4,42,142,374,1),
 (312,'minun',312,4,42,142,375,1),
 (313,'volbeat',313,7,177,140,376,1),
 (314,'illumise',314,6,177,140,377,1),
 (315,'roselia',315,3,20,140,379,1),
 (316,'gulpin',316,4,103,60,381,1),
 (317,'swalot',317,17,800,163,382,1),
 (318,'carvanha',318,8,208,61,383,1),
 (319,'sharpedo',319,18,888,161,384,1),
 (320,'wailmer',320,20,1300,80,386,1),
 (321,'wailord',321,145,3980,175,387,1),
 (322,'numel',322,7,240,61,388,1),
 (323,'camerupt',323,19,2200,161,389,1),
 (324,'torkoal',324,5,804,165,391,1),
 (325,'spoink',325,7,306,66,392,1),
 (326,'grumpig',326,9,715,165,393,1),
 (327,'spinda',327,11,50,126,394,1),
 (328,'trapinch',328,7,150,58,395,1),
 (329,'vibrava',329,11,153,119,396,1),
 (330,'flygon',330,20,820,234,397,1),
 (331,'cacnea',331,4,513,67,398,1),
 (332,'cacturne',332,13,774,166,399,1),
 (333,'swablu',333,4,12,62,400,1),
 (334,'altaria',334,11,206,172,401,1),
 (335,'zangoose',335,13,403,160,403,1),
 (336,'seviper',336,27,525,160,404,1),
 (337,'lunatone',337,10,1680,154,405,1),
 (338,'solrock',338,12,1540,154,406,1),
 (339,'barboach',339,4,19,58,407,1),
 (340,'whiscash',340,9,236,164,408,1),
 (341,'corphish',341,6,115,62,409,1),
 (342,'crawdaunt',342,11,328,164,410,1),
 (343,'baltoy',343,5,215,60,411,1),
 (344,'claydol',344,15,1080,175,412,1),
 (345,'lileep',345,10,238,71,413,1),
 (346,'cradily',346,15,604,173,414,1),
 (347,'anorith',347,7,125,71,415,1),
 (348,'armaldo',348,15,682,173,416,1),
 (349,'feebas',349,6,74,40,417,1),
 (350,'milotic',350,62,1620,189,418,1),
 (351,'castform',351,3,8,147,419,1),
 (352,'kecleon',352,10,220,154,423,1),
 (353,'shuppet',353,6,23,59,424,1),
 (354,'banette',354,11,125,159,425,1),
 (355,'duskull',355,8,150,59,427,1),
 (356,'dusclops',356,16,306,159,428,1),
 (357,'tropius',357,20,1000,161,430,1),
 (358,'chimecho',358,6,10,149,432,1),
 (359,'absol',359,12,470,163,433,1),
 (360,'wynaut',360,6,140,52,256,1),
 (361,'snorunt',361,7,168,60,435,1),
 (362,'glalie',362,15,2565,168,436,1),
 (363,'spheal',363,8,395,58,439,1),
 (364,'sealeo',364,11,876,144,440,1),
 (365,'walrein',365,14,1506,239,441,1),
 (366,'clamperl',366,4,525,69,442,1),
 (367,'huntail',367,17,270,170,443,1),
 (368,'gorebyss',368,18,226,170,444,1),
 (369,'relicanth',369,10,234,170,445,1),
 (370,'luvdisc',370,6,87,116,446,1),
 (371,'bagon',371,6,421,60,447,1),
 (372,'shelgon',372,11,1105,147,448,1),
 (373,'salamence',373,15,1026,270,449,1),
 (374,'beldum',374,6,952,60,451,1),
 (375,'metang',375,12,2025,147,452,1),
 (376,'metagross',376,16,5500,270,453,1),
 (377,'regirock',377,17,2300,261,455,1),
 (378,'regice',378,18,1750,261,456,1),
 (379,'registeel',379,19,2050,261,457,1),
 (380,'latias',380,14,400,270,458,1),
 (381,'latios',381,20,600,270,460,1),
 (382,'kyogre',382,45,3520,302,462,1),
 (383,'groudon',383,35,9500,302,464,1),
 (384,'rayquaza',384,70,2065,306,466,1),
 (385,'jirachi',385,3,11,270,468,1),
 (386,'deoxys-normal',386,17,608,270,469,1),
 (387,'turtwig',387,4,102,64,473,1),
 (388,'grotle',388,11,970,142,474,1),
 (389,'torterra',389,22,3100,236,475,1),
 (390,'chimchar',390,5,62,62,476,1),
 (391,'monferno',391,9,220,142,477,1),
 (392,'infernape',392,12,550,240,478,1),
 (393,'piplup',393,4,52,63,479,1),
 (394,'prinplup',394,8,230,142,480,1),
 (395,'empoleon',395,17,845,239,481,1),
 (396,'starly',396,3,20,49,482,1),
 (397,'staravia',397,6,155,119,483,1),
 (398,'staraptor',398,12,249,218,484,1),
 (399,'bidoof',399,5,200,50,485,1),
 (400,'bibarel',400,10,315,144,486,1),
 (401,'kricketot',401,3,22,39,487,1),
 (402,'kricketune',402,10,255,134,488,1),
 (403,'shinx',403,5,95,53,489,1),
 (404,'luxio',404,9,305,127,490,1),
 (405,'luxray',405,14,420,235,491,1),
 (406,'budew',406,2,12,56,378,1),
 (407,'roserade',407,9,145,232,380,1),
 (408,'cranidos',408,9,315,70,492,1),
 (409,'rampardos',409,16,1025,173,493,1),
 (410,'shieldon',410,5,570,70,494,1),
 (411,'bastiodon',411,13,1495,173,495,1),
 (412,'burmy',412,2,34,45,496,1),
 (413,'wormadam-plant',413,5,65,148,497,1),
 (414,'mothim',414,9,233,148,500,1),
 (415,'combee',415,3,55,49,501,1),
 (416,'vespiquen',416,12,385,166,502,1),
 (417,'pachirisu',417,4,39,142,503,1),
 (418,'buizel',418,7,295,66,504,1),
 (419,'floatzel',419,11,335,173,505,1),
 (420,'cherubi',420,4,33,55,506,1),
 (421,'cherrim',421,5,93,158,507,1),
 (422,'shellos',422,3,63,65,508,1),
 (423,'gastrodon',423,9,299,166,509,1),
 (424,'ambipom',424,12,203,169,244,1),
 (425,'drifloon',425,4,12,70,510,1),
 (426,'drifblim',426,12,150,174,511,1),
 (427,'buneary',427,4,55,70,512,1),
 (428,'lopunny',428,12,333,168,513,1),
 (429,'mismagius',429,9,44,173,254,1),
 (430,'honchkrow',430,9,273,177,252,1),
 (431,'glameow',431,5,39,62,515,1),
 (432,'purugly',432,10,438,158,516,1),
 (433,'chingling',433,2,6,57,431,1),
 (434,'stunky',434,4,192,66,517,1),
 (435,'skuntank',435,10,380,168,518,1),
 (436,'bronzor',436,5,605,60,519,1),
 (437,'bronzong',437,13,1870,175,520,1),
 (438,'bonsly',438,5,150,58,238,1),
 (439,'mime-jr',439,6,130,62,156,1),
 (440,'happiny',440,6,244,110,142,1),
 (441,'chatot',441,5,19,144,521,1),
 (442,'spiritomb',442,10,1080,170,522,1),
 (443,'gible',443,7,205,60,523,1),
 (444,'gabite',444,14,560,144,524,1),
 (445,'garchomp',445,19,950,270,525,1),
 (446,'munchlax',446,6,1050,78,195,1),
 (447,'riolu',447,7,202,57,527,1),
 (448,'lucario',448,12,540,184,528,1),
 (449,'hippopotas',449,8,495,66,530,1),
 (450,'hippowdon',450,20,3000,184,531,1),
 (451,'skorupi',451,8,120,66,532,1),
 (452,'drapion',452,13,615,175,533,1),
 (453,'croagunk',453,7,230,60,534,1),
 (454,'toxicroak',454,13,444,172,535,1),
 (455,'carnivine',455,14,270,159,536,1),
 (456,'finneon',456,4,70,66,537,1),
 (457,'lumineon',457,12,240,161,538,1),
 (458,'mantyke',458,10,650,69,283,1),
 (459,'snover',459,10,505,67,539,1),
 (460,'abomasnow',460,22,1355,173,540,1),
 (461,'weavile',461,11,340,179,271,1),
 (462,'magnezone',462,12,1800,241,104,1),
 (463,'lickilicky',463,17,1400,180,136,1),
 (464,'rhyperior',464,24,2828,241,141,1),
 (465,'tangrowth',465,20,1286,187,146,1),
 (466,'electivire',466,18,1386,243,165,1),
 (467,'magmortar',467,16,680,243,168,1),
 (468,'togekiss',468,15,380,245,228,1),
 (469,'yanmega',469,19,515,180,248,1),
 (470,'leafeon',470,10,255,184,183,1),
 (471,'glaceon',471,8,259,184,184,1),
 (472,'gliscor',472,20,425,179,263,1),
 (473,'mamoswine',473,25,2910,239,278,1),
 (474,'porygon-z',474,9,340,241,188,1),
 (475,'gallade',475,16,520,233,339,1),
 (476,'probopass',476,14,3400,184,357,1),
 (477,'dusknoir',477,22,1066,236,429,1),
 (478,'froslass',478,13,266,168,438,1),
 (479,'rotom',479,3,3,154,542,1),
 (480,'uxie',480,3,3,261,548,1),
 (481,'mesprit',481,3,3,261,549,1),
 (482,'azelf',482,3,3,261,550,1),
 (483,'dialga',483,54,6830,306,551,1),
 (484,'palkia',484,42,3360,306,552,1),
 (485,'heatran',485,17,4300,270,553,1),
 (486,'regigigas',486,37,4200,302,554,1),
 (487,'giratina-altered',487,45,7500,306,555,1),
 (488,'cresselia',488,15,856,270,557,1),
 (489,'phione',489,4,31,216,558,1),
 (490,'manaphy',490,3,14,270,559,1),
 (491,'darkrai',491,15,505,270,560,1),
 (492,'shaymin-land',492,2,21,270,561,1),
 (493,'arceus',493,32,3200,324,563,1),
 (494,'victini',494,4,40,270,564,1),
 (495,'snivy',495,6,81,62,565,1),
 (496,'servine',496,8,160,145,566,1),
 (497,'serperior',497,33,630,238,567,1),
 (498,'tepig',498,5,99,62,568,1),
 (499,'pignite',499,10,555,146,569,1),
 (500,'emboar',500,16,1500,238,570,1),
 (501,'oshawott',501,5,59,62,571,1),
 (502,'dewott',502,8,245,145,572,1),
 (503,'samurott',503,15,946,238,573,1),
 (504,'patrat',504,5,116,51,574,1),
 (505,'watchog',505,11,270,147,575,1),
 (506,'lillipup',506,4,41,55,576,1),
 (507,'herdier',507,9,147,130,577,1),
 (508,'stoutland',508,12,610,225,578,1),
 (509,'purrloin',509,4,101,56,579,1),
 (510,'liepard',510,11,375,156,580,1),
 (511,'pansage',511,6,105,63,581,1),
 (512,'simisage',512,11,305,174,582,1),
 (513,'pansear',513,6,110,63,583,1),
 (514,'simisear',514,10,280,174,584,1),
 (515,'panpour',515,6,135,63,585,1),
 (516,'simipour',516,10,290,174,586,1),
 (517,'munna',517,6,233,58,587,1),
 (518,'musharna',518,11,605,170,588,1),
 (519,'pidove',519,3,21,53,589,1),
 (520,'tranquill',520,6,150,125,590,1),
 (521,'unfezant',521,12,290,220,591,1),
 (522,'blitzle',522,8,298,59,592,1),
 (523,'zebstrika',523,16,795,174,593,1),
 (524,'roggenrola',524,4,180,56,594,1),
 (525,'boldore',525,9,1020,137,595,1),
 (526,'gigalith',526,17,2600,232,596,1),
 (527,'woobat',527,4,21,63,597,1),
 (528,'swoobat',528,9,105,149,598,1),
 (529,'drilbur',529,3,85,66,599,1),
 (530,'excadrill',530,7,404,178,600,1),
 (531,'audino',531,11,310,390,601,1),
 (532,'timburr',532,6,125,61,603,1),
 (533,'gurdurr',533,12,400,142,604,1),
 (534,'conkeldurr',534,14,870,227,605,1),
 (535,'tympole',535,5,45,59,606,1),
 (536,'palpitoad',536,8,170,134,607,1),
 (537,'seismitoad',537,15,620,229,608,1),
 (538,'throh',538,13,555,163,609,1),
 (539,'sawk',539,14,510,163,610,1),
 (540,'sewaddle',540,3,25,62,611,1),
 (541,'swadloon',541,5,73,133,612,1),
 (542,'leavanny',542,12,205,225,613,1),
 (543,'venipede',543,4,53,52,614,1),
 (544,'whirlipede',544,12,585,126,615,1),
 (545,'scolipede',545,25,2005,218,616,1),
 (546,'cottonee',546,3,6,56,617,1),
 (547,'whimsicott',547,7,66,168,618,1),
 (548,'petilil',548,5,66,56,619,1),
 (549,'lilligant',549,11,163,168,620,1),
 (550,'basculin-red-striped',550,10,180,161,621,1),
 (551,'sandile',551,7,152,58,623,1),
 (552,'krokorok',552,10,334,123,624,1),
 (553,'krookodile',553,15,963,234,625,1),
 (554,'darumaka',554,6,375,63,626,1),
 (555,'darmanitan-standard',555,13,929,168,627,1),
 (556,'maractus',556,10,280,161,629,1),
 (557,'dwebble',557,3,145,65,630,1),
 (558,'crustle',558,14,2000,166,631,1),
 (559,'scraggy',559,6,118,70,632,1),
 (560,'scrafty',560,11,300,171,633,1),
 (561,'sigilyph',561,14,140,172,634,1),
 (562,'yamask',562,5,15,61,635,1),
 (563,'cofagrigus',563,17,765,169,636,1),
 (564,'tirtouga',564,7,165,71,637,1),
 (565,'carracosta',565,12,810,173,638,1),
 (566,'archen',566,5,95,71,639,1),
 (567,'archeops',567,14,320,177,640,1),
 (568,'trubbish',568,6,310,66,641,1),
 (569,'garbodor',569,19,1073,166,642,1),
 (570,'zorua',570,7,125,66,643,1),
 (571,'zoroark',571,16,811,179,644,1),
 (572,'minccino',572,4,58,60,645,1),
 (573,'cinccino',573,5,75,165,646,1),
 (574,'gothita',574,4,58,58,647,1),
 (575,'gothorita',575,7,180,137,648,1),
 (576,'gothitelle',576,15,440,221,649,1),
 (577,'solosis',577,3,10,58,650,1),
 (578,'duosion',578,6,80,130,651,1),
 (579,'reuniclus',579,10,201,221,652,1),
 (580,'ducklett',580,5,55,61,653,1),
 (581,'swanna',581,13,242,166,654,1),
 (582,'vanillite',582,4,57,61,655,1),
 (583,'vanillish',583,11,410,138,656,1),
 (584,'vanilluxe',584,13,575,241,657,1),
 (585,'deerling',585,6,195,67,658,1),
 (586,'sawsbuck',586,19,925,166,659,1),
 (587,'emolga',587,4,50,150,660,1),
 (588,'karrablast',588,5,59,63,661,1),
 (589,'escavalier',589,10,330,173,662,1),
 (590,'foongus',590,2,10,59,663,1),
 (591,'amoonguss',591,6,105,162,664,1),
 (592,'frillish',592,12,330,67,665,1),
 (593,'jellicent',593,22,1350,168,666,1),
 (594,'alomomola',594,12,316,165,667,1),
 (595,'joltik',595,1,6,64,668,1),
 (596,'galvantula',596,8,143,165,669,1),
 (597,'ferroseed',597,6,188,61,670,1),
 (598,'ferrothorn',598,10,1100,171,671,1),
 (599,'klink',599,3,210,60,672,1),
 (600,'klang',600,6,510,154,673,1),
 (601,'klinklang',601,6,810,234,674,1),
 (602,'tynamo',602,2,3,55,675,1),
 (603,'eelektrik',603,12,220,142,676,1),
 (604,'eelektross',604,21,805,232,677,1),
 (605,'elgyem',605,5,90,67,678,1),
 (606,'beheeyem',606,10,345,170,679,1),
 (607,'litwick',607,3,31,55,680,1),
 (608,'lampent',608,6,130,130,681,1),
 (609,'chandelure',609,10,343,234,682,1),
 (610,'axew',610,6,180,64,683,1),
 (611,'fraxure',611,10,360,144,684,1),
 (612,'haxorus',612,18,1055,243,685,1),
 (613,'cubchoo',613,5,85,61,686,1),
 (614,'beartic',614,26,2600,170,687,1),
 (615,'cryogonal',615,11,1480,170,688,1),
 (616,'shelmet',616,4,77,61,689,1),
 (617,'accelgor',617,8,253,173,690,1),
 (618,'stunfisk',618,7,110,165,691,1),
 (619,'mienfoo',619,9,200,70,692,1),
 (620,'mienshao',620,14,355,179,693,1),
 (621,'druddigon',621,16,1390,170,694,1),
 (622,'golett',622,10,920,61,695,1),
 (623,'golurk',623,28,3300,169,696,1),
 (624,'pawniard',624,5,102,68,697,1),
 (625,'bisharp',625,16,700,172,698,1),
 (626,'bouffalant',626,16,946,172,699,1),
 (627,'rufflet',627,5,105,70,700,1),
 (628,'braviary',628,15,410,179,701,1),
 (629,'vullaby',629,5,90,74,702,1),
 (630,'mandibuzz',630,12,395,179,703,1),
 (631,'heatmor',631,14,580,169,704,1),
 (632,'durant',632,3,330,169,705,1),
 (633,'deino',633,8,173,60,706,1),
 (634,'zweilous',634,14,500,147,707,1),
 (635,'hydreigon',635,18,1600,270,708,1),
 (636,'larvesta',636,11,288,72,709,1),
 (637,'volcarona',637,16,460,248,710,1),
 (638,'cobalion',638,21,2500,261,711,1),
 (639,'terrakion',639,19,2600,261,712,1),
 (640,'virizion',640,20,2000,261,713,1),
 (641,'tornadus-incarnate',641,15,630,261,714,1),
 (642,'thundurus-incarnate',642,15,610,261,716,1),
 (643,'reshiram',643,32,3300,306,718,1),
 (644,'zekrom',644,29,3450,306,719,1),
 (645,'landorus-incarnate',645,15,680,270,720,1),
 (646,'kyurem',646,30,3250,297,722,1),
 (647,'keldeo-ordinary',647,14,485,261,725,1),
 (648,'meloetta-aria',648,6,65,270,727,1),
 (649,'genesect',649,15,825,270,729,1),
 (650,'chespin',650,4,90,63,730,1),
 (651,'quilladin',651,7,290,142,731,1),
 (652,'chesnaught',652,16,900,239,732,1),
 (653,'fennekin',653,4,94,61,733,1),
 (654,'braixen',654,10,145,143,734,1),
 (655,'delphox',655,15,390,240,735,1),
 (656,'froakie',656,3,70,63,736,1),
 (657,'frogadier',657,6,109,142,737,1),
 (658,'greninja',658,15,400,239,738,1),
 (659,'bunnelby',659,4,50,47,739,1),
 (660,'diggersby',660,10,424,148,740,1),
 (661,'fletchling',661,3,17,56,741,1),
 (662,'fletchinder',662,7,160,134,742,1),
 (663,'talonflame',663,12,245,175,743,1),
 (664,'scatterbug',664,3,25,40,744,1),
 (665,'spewpa',665,3,84,75,745,1),
 (666,'vivillon',666,12,170,185,746,1),
 (667,'litleo',667,6,135,74,747,1),
 (668,'pyroar',668,15,815,177,748,1),
 (669,'flabebe',669,1,1,61,749,1),
 (670,'floette',670,2,9,130,750,1),
 (671,'florges',671,11,100,248,752,1),
 (672,'skiddo',672,9,310,70,753,1),
 (673,'gogoat',673,17,910,186,754,1),
 (674,'pancham',674,6,80,70,755,1),
 (675,'pangoro',675,21,1360,173,756,1),
 (676,'furfrou',676,12,280,165,757,1),
 (677,'espurr',677,3,35,71,758,1),
 (678,'meowstic-male',678,6,85,163,759,1),
 (679,'honedge',679,8,20,65,761,1),
 (680,'doublade',680,8,45,157,762,1),
 (681,'aegislash-shield',681,17,530,234,763,1),
 (682,'spritzee',682,2,5,68,765,1),
 (683,'aromatisse',683,8,155,162,766,1),
 (684,'swirlix',684,4,35,68,767,1),
 (685,'slurpuff',685,8,50,168,768,1),
 (686,'inkay',686,4,35,58,769,1),
 (687,'malamar',687,15,470,169,770,1),
 (688,'binacle',688,5,310,61,771,1),
 (689,'barbaracle',689,13,960,175,772,1),
 (690,'skrelp',690,5,73,64,773,1),
 (691,'dragalge',691,18,815,173,774,1),
 (692,'clauncher',692,5,83,66,775,1),
 (693,'clawitzer',693,13,353,100,776,1),
 (694,'helioptile',694,5,60,58,777,1),
 (695,'heliolisk',695,10,210,168,778,1),
 (696,'tyrunt',696,8,260,72,779,1),
 (697,'tyrantrum',697,25,2700,182,780,1),
 (698,'amaura',698,13,252,72,781,1),
 (699,'aurorus',699,27,2250,104,782,1),
 (700,'sylveon',700,10,235,184,185,1),
 (701,'hawlucha',701,8,215,175,783,1),
 (702,'dedenne',702,2,22,151,784,1),
 (703,'carbink',703,3,57,100,785,1),
 (704,'goomy',704,3,28,60,786,1),
 (705,'sliggoo',705,8,175,158,787,1),
 (706,'goodra',706,20,1505,270,788,1),
 (707,'klefki',707,2,30,165,789,1),
 (708,'phantump',708,4,70,62,790,1),
 (709,'trevenant',709,15,710,166,791,1),
 (710,'pumpkaboo-average',710,4,50,67,793,1),
 (711,'gourgeist-average',711,9,125,173,797,1),
 (712,'bergmite',712,10,995,61,800,1),
 (713,'avalugg',713,20,5050,180,801,1),
 (714,'noibat',714,5,80,49,802,1),
 (715,'noivern',715,15,850,187,803,1),
 (716,'xerneas',716,30,2150,306,804,1),
 (717,'yveltal',717,58,2030,306,805,1),
 (718,'zygarde',718,50,3050,270,806,1),
 (719,'diancie',719,7,88,270,807,1),
 (720,'hoopa',720,5,90,270,809,1),
 (721,'volcanion',721,17,1950,270,811,1),
 (10001,'deoxys-attack',386,17,608,270,470,0),
 (10002,'deoxys-defense',386,17,608,270,471,0),
 (10003,'deoxys-speed',386,17,608,270,472,0),
 (10004,'wormadam-sandy',413,5,65,148,498,0),
 (10005,'wormadam-trash',413,5,65,148,499,0),
 (10006,'shaymin-sky',492,4,52,270,562,0),
 (10007,'giratina-origin',487,69,6500,306,556,0),
 (10008,'rotom-heat',479,3,3,182,543,0),
 (10009,'rotom-wash',479,3,3,182,544,0),
 (10010,'rotom-frost',479,3,3,182,545,0),
 (10011,'rotom-fan',479,3,3,182,546,0),
 (10012,'rotom-mow',479,3,3,182,547,0),
 (10013,'castform-sunny',351,3,8,147,420,0),
 (10014,'castform-rainy',351,3,8,147,421,0),
 (10015,'castform-snowy',351,3,8,147,422,0),
 (10016,'basculin-blue-striped',550,10,180,161,622,0),
 (10017,'darmanitan-zen',555,13,929,189,628,0),
 (10018,'meloetta-pirouette',648,6,65,270,728,0),
 (10019,'tornadus-therian',641,14,630,261,715,0),
 (10020,'thundurus-therian',642,30,610,261,717,0),
 (10021,'landorus-therian',645,13,680,270,721,0),
 (10022,'kyurem-black',646,33,3250,315,723,0),
 (10023,'kyurem-white',646,36,3250,315,724,0),
 (10024,'keldeo-resolute',647,14,485,261,726,0),
 (10025,'meowstic-female',678,6,85,163,760,0),
 (10026,'aegislash-blade',681,17,530,234,764,0),
 (10027,'pumpkaboo-small',710,3,35,67,792,0),
 (10028,'pumpkaboo-large',710,5,75,67,794,0),
 (10029,'pumpkaboo-super',710,8,150,67,795,0),
 (10030,'gourgeist-small',711,7,95,173,796,0),
 (10031,'gourgeist-large',711,11,140,173,798,0),
 (10032,'gourgeist-super',711,17,390,173,799,0),
 (10033,'venusaur-mega',3,24,1555,281,4,0),
 (10034,'charizard-mega-x',6,17,1105,285,8,0),
 (10035,'charizard-mega-y',6,17,1005,285,9,0),
 (10036,'blastoise-mega',9,16,1011,284,13,0),
 (10037,'alakazam-mega',65,12,480,266,84,0),
 (10038,'gengar-mega',94,14,405,270,117,0),
 (10039,'kangaskhan-mega',115,22,1000,207,148,0),
 (10040,'pinsir-mega',127,17,590,210,170,0),
 (10041,'gyarados-mega',130,65,3050,224,174,0),
 (10042,'aerodactyl-mega',142,21,790,215,194,0),
 (10043,'mewtwo-mega-x',150,23,1270,351,204,0),
 (10044,'mewtwo-mega-y',150,15,330,351,205,0),
 (10045,'ampharos-mega',181,14,615,275,234,0),
 (10046,'scizor-mega',212,20,1250,210,160,0),
 (10047,'heracross-mega',214,17,625,210,269,0),
 (10048,'houndoom-mega',229,19,495,210,288,0),
 (10049,'tyranitar-mega',248,25,2550,315,300,0),
 (10050,'blaziken-mega',257,19,520,284,311,0),
 (10051,'gardevoir-mega',282,16,484,278,338,0),
 (10052,'mawile-mega',303,10,235,168,363,0),
 (10053,'aggron-mega',306,22,3950,284,367,0),
 (10054,'medicham-mega',308,13,315,179,370,0),
 (10055,'manectric-mega',310,18,440,201,373,0),
 (10056,'banette-mega',354,12,130,194,426,0),
 (10057,'absol-mega',359,12,490,198,434,0),
 (10058,'garchomp-mega',445,19,950,315,526,0),
 (10059,'lucario-mega',448,13,575,219,529,0),
 (10060,'abomasnow-mega',460,27,1850,208,541,0),
 (10061,'floette-eternal',670,2,9,243,751,0),
 (10062,'latias-mega',380,18,520,315,459,0),
 (10063,'latios-mega',381,23,700,315,461,0),
 (10064,'swampert-mega',260,19,1020,286,315,0),
 (10065,'sceptile-mega',254,19,552,284,307,0),
 (10066,'sableye-mega',302,5,1610,168,361,0),
 (10067,'altaria-mega',334,15,206,207,402,0),
 (10068,'gallade-mega',475,16,564,278,340,0),
 (10069,'audino-mega',531,15,320,425,602,0),
 (10070,'sharpedo-mega',319,25,1303,196,385,0),
 (10071,'slowbro-mega',80,20,1200,207,100,0),
 (10072,'steelix-mega',208,105,7400,214,120,0),
 (10073,'pidgeot-mega',18,22,505,261,24,0),
 (10074,'glalie-mega',362,21,3502,203,437,0),
 (10075,'diancie-mega',719,11,278,315,808,0),
 (10076,'metagross-mega',376,25,9429,315,454,0),
 (10077,'kyogre-primal',382,98,4300,347,463,0),
 (10078,'groudon-primal',383,50,9997,347,465,0),
 (10079,'rayquaza-mega',384,108,3920,351,467,0),
 (10080,'pikachu-rock-star',25,4,60,112,34,0),
 (10081,'pikachu-belle',25,4,60,112,35,0),
 (10082,'pikachu-pop-star',25,4,60,112,36,0),
 (10083,'pikachu-phd',25,4,60,112,37,0),
 (10084,'pikachu-libre',25,4,60,112,38,0),
 (10085,'pikachu-cosplay',25,4,60,112,33,0),
 (10086,'hoopa-unbound',720,65,4900,306,810,0),
 (10087,'camerupt-mega',323,25,3205,196,390,0),
 (10088,'lopunny-mega',428,13,283,203,514,0),
 (10089,'salamence-mega',373,18,1126,315,450,0),
 (10090,'beedrill-mega',15,14,405,223,20,0);
--GO
--DROP TABLE IF EXISTS pokemon_types;
CREATE TABLE pokemon_types (
	pokemon_id INT NOT NULL, 
	[type_id] INT NOT NULL, 
	slot INT NOT NULL, 
	PRIMARY KEY (pokemon_id, slot), 
	FOREIGN KEY(pokemon_id) REFERENCES pokemon (id) ON UPDATE CASCADE ON DELETE NO ACTION, 
	FOREIGN KEY([type_id]) REFERENCES [types] (id) ON UPDATE NO ACTION ON DELETE NO ACTION
);
INSERT INTO [pokemon_types] (pokemon_id,[type_id],slot) VALUES (1,12,1),
 (1,4,2),
 (2,12,1),
 (2,4,2),
 (3,12,1),
 (3,4,2),
 (4,10,1),
 (5,10,1),
 (6,10,1),
 (6,3,2),
 (7,11,1),
 (8,11,1),
 (9,11,1),
 (10,7,1),
 (11,7,1),
 (12,7,1),
 (12,3,2),
 (13,7,1),
 (13,4,2),
 (14,7,1),
 (14,4,2),
 (15,7,1),
 (15,4,2),
 (16,1,1),
 (16,3,2),
 (17,1,1),
 (17,3,2),
 (18,1,1),
 (18,3,2),
 (19,1,1),
 (20,1,1),
 (21,1,1),
 (21,3,2),
 (22,1,1),
 (22,3,2),
 (23,4,1),
 (24,4,1),
 (25,13,1),
 (26,13,1),
 (27,5,1),
 (28,5,1),
 (29,4,1),
 (30,4,1),
 (31,4,1),
 (31,5,2),
 (32,4,1),
 (33,4,1),
 (34,4,1),
 (34,5,2),
 (35,18,1),
 (36,18,1),
 (37,10,1),
 (38,10,1),
 (39,1,1),
 (39,18,2),
 (40,1,1),
 (40,18,2),
 (41,4,1),
 (41,3,2),
 (42,4,1),
 (42,3,2),
 (43,12,1),
 (43,4,2),
 (44,12,1),
 (44,4,2),
 (45,12,1),
 (45,4,2),
 (46,7,1),
 (46,12,2),
 (47,7,1),
 (47,12,2),
 (48,7,1),
 (48,4,2),
 (49,7,1),
 (49,4,2),
 (50,5,1),
 (51,5,1),
 (52,1,1),
 (53,1,1),
 (54,11,1),
 (55,11,1),
 (56,2,1),
 (57,2,1),
 (58,10,1),
 (59,10,1),
 (60,11,1),
 (61,11,1),
 (62,11,1),
 (62,2,2),
 (63,14,1),
 (64,14,1),
 (65,14,1),
 (66,2,1),
 (67,2,1),
 (68,2,1),
 (69,12,1),
 (69,4,2),
 (70,12,1),
 (70,4,2),
 (71,12,1),
 (71,4,2),
 (72,11,1),
 (72,4,2),
 (73,11,1),
 (73,4,2),
 (74,6,1),
 (74,5,2),
 (75,6,1),
 (75,5,2),
 (76,6,1),
 (76,5,2),
 (77,10,1),
 (78,10,1),
 (79,11,1),
 (79,14,2),
 (80,11,1),
 (80,14,2),
 (81,13,1),
 (81,9,2),
 (82,13,1),
 (82,9,2),
 (83,1,1),
 (83,3,2),
 (84,1,1),
 (84,3,2),
 (85,1,1),
 (85,3,2),
 (86,11,1),
 (87,11,1),
 (87,15,2),
 (88,4,1),
 (89,4,1),
 (90,11,1),
 (91,11,1),
 (91,15,2),
 (92,8,1),
 (92,4,2),
 (93,8,1),
 (93,4,2),
 (94,8,1),
 (94,4,2),
 (95,6,1),
 (95,5,2),
 (96,14,1),
 (97,14,1),
 (98,11,1),
 (99,11,1),
 (100,13,1),
 (101,13,1),
 (102,12,1),
 (102,14,2),
 (103,12,1),
 (103,14,2),
 (104,5,1),
 (105,5,1),
 (106,2,1),
 (107,2,1),
 (108,1,1),
 (109,4,1),
 (110,4,1),
 (111,5,1),
 (111,6,2),
 (112,5,1),
 (112,6,2),
 (113,1,1),
 (114,12,1),
 (115,1,1),
 (116,11,1),
 (117,11,1),
 (118,11,1),
 (119,11,1),
 (120,11,1),
 (121,11,1),
 (121,14,2),
 (122,14,1),
 (122,18,2),
 (123,7,1),
 (123,3,2),
 (124,15,1),
 (124,14,2),
 (125,13,1),
 (126,10,1),
 (127,7,1),
 (128,1,1),
 (129,11,1),
 (130,11,1),
 (130,3,2),
 (131,11,1),
 (131,15,2),
 (132,1,1),
 (133,1,1),
 (134,11,1),
 (135,13,1),
 (136,10,1),
 (137,1,1),
 (138,6,1),
 (138,11,2),
 (139,6,1),
 (139,11,2),
 (140,6,1),
 (140,11,2),
 (141,6,1),
 (141,11,2),
 (142,6,1),
 (142,3,2),
 (143,1,1),
 (144,15,1),
 (144,3,2),
 (145,13,1),
 (145,3,2),
 (146,10,1),
 (146,3,2),
 (147,16,1),
 (148,16,1),
 (149,16,1),
 (149,3,2),
 (150,14,1),
 (151,14,1),
 (152,12,1),
 (153,12,1),
 (154,12,1),
 (155,10,1),
 (156,10,1),
 (157,10,1),
 (158,11,1),
 (159,11,1),
 (160,11,1),
 (161,1,1),
 (162,1,1),
 (163,1,1),
 (163,3,2),
 (164,1,1),
 (164,3,2),
 (165,7,1),
 (165,3,2),
 (166,7,1),
 (166,3,2),
 (167,7,1),
 (167,4,2),
 (168,7,1),
 (168,4,2),
 (169,4,1),
 (169,3,2),
 (170,11,1),
 (170,13,2),
 (171,11,1),
 (171,13,2),
 (172,13,1),
 (173,18,1),
 (174,1,1),
 (174,18,2),
 (175,18,1),
 (176,18,1),
 (176,3,2),
 (177,14,1),
 (177,3,2),
 (178,14,1),
 (178,3,2),
 (179,13,1),
 (180,13,1),
 (181,13,1),
 (182,12,1),
 (183,11,1),
 (183,18,2),
 (184,11,1),
 (184,18,2),
 (185,6,1),
 (186,11,1),
 (187,12,1),
 (187,3,2),
 (188,12,1),
 (188,3,2),
 (189,12,1),
 (189,3,2),
 (190,1,1),
 (191,12,1),
 (192,12,1),
 (193,7,1),
 (193,3,2),
 (194,11,1),
 (194,5,2),
 (195,11,1),
 (195,5,2),
 (196,14,1),
 (197,17,1),
 (198,17,1),
 (198,3,2),
 (199,11,1),
 (199,14,2),
 (200,8,1),
 (201,14,1),
 (202,14,1),
 (203,1,1),
 (203,14,2),
 (204,7,1),
 (205,7,1),
 (205,9,2),
 (206,1,1),
 (207,5,1),
 (207,3,2),
 (208,9,1),
 (208,5,2),
 (209,18,1),
 (210,18,1),
 (211,11,1),
 (211,4,2),
 (212,7,1),
 (212,9,2),
 (213,7,1),
 (213,6,2),
 (214,7,1),
 (214,2,2),
 (215,17,1),
 (215,15,2),
 (216,1,1),
 (217,1,1),
 (218,10,1),
 (219,10,1),
 (219,6,2),
 (220,15,1),
 (220,5,2),
 (221,15,1),
 (221,5,2),
 (222,11,1),
 (222,6,2),
 (223,11,1),
 (224,11,1),
 (225,15,1),
 (225,3,2),
 (226,11,1),
 (226,3,2),
 (227,9,1),
 (227,3,2),
 (228,17,1),
 (228,10,2),
 (229,17,1),
 (229,10,2),
 (230,11,1),
 (230,16,2),
 (231,5,1),
 (232,5,1),
 (233,1,1),
 (234,1,1),
 (235,1,1),
 (236,2,1),
 (237,2,1),
 (238,15,1),
 (238,14,2),
 (239,13,1),
 (240,10,1),
 (241,1,1),
 (242,1,1),
 (243,13,1),
 (244,10,1),
 (245,11,1),
 (246,6,1),
 (246,5,2),
 (247,6,1),
 (247,5,2),
 (248,6,1),
 (248,17,2),
 (249,14,1),
 (249,3,2),
 (250,10,1),
 (250,3,2),
 (251,14,1),
 (251,12,2),
 (252,12,1),
 (253,12,1),
 (254,12,1),
 (255,10,1),
 (256,10,1),
 (256,2,2),
 (257,10,1),
 (257,2,2),
 (258,11,1),
 (259,11,1),
 (259,5,2),
 (260,11,1),
 (260,5,2),
 (261,17,1),
 (262,17,1),
 (263,1,1),
 (264,1,1),
 (265,7,1),
 (266,7,1),
 (267,7,1),
 (267,3,2),
 (268,7,1),
 (269,7,1),
 (269,4,2),
 (270,11,1),
 (270,12,2),
 (271,11,1),
 (271,12,2),
 (272,11,1),
 (272,12,2),
 (273,12,1),
 (274,12,1),
 (274,17,2),
 (275,12,1),
 (275,17,2),
 (276,1,1),
 (276,3,2),
 (277,1,1),
 (277,3,2),
 (278,11,1),
 (278,3,2),
 (279,11,1),
 (279,3,2),
 (280,14,1),
 (280,18,2),
 (281,14,1),
 (281,18,2),
 (282,14,1),
 (282,18,2),
 (283,7,1),
 (283,11,2),
 (284,7,1),
 (284,3,2),
 (285,12,1),
 (286,12,1),
 (286,2,2),
 (287,1,1),
 (288,1,1),
 (289,1,1),
 (290,7,1),
 (290,5,2),
 (291,7,1),
 (291,3,2),
 (292,7,1),
 (292,8,2),
 (293,1,1),
 (294,1,1),
 (295,1,1),
 (296,2,1),
 (297,2,1),
 (298,1,1),
 (298,18,2),
 (299,6,1),
 (300,1,1),
 (301,1,1),
 (302,17,1),
 (302,8,2),
 (303,9,1),
 (303,18,2),
 (304,9,1),
 (304,6,2),
 (305,9,1),
 (305,6,2),
 (306,9,1),
 (306,6,2),
 (307,2,1),
 (307,14,2),
 (308,2,1),
 (308,14,2),
 (309,13,1),
 (310,13,1),
 (311,13,1),
 (312,13,1),
 (313,7,1),
 (314,7,1),
 (315,12,1),
 (315,4,2),
 (316,4,1),
 (317,4,1),
 (318,11,1),
 (318,17,2),
 (319,11,1),
 (319,17,2),
 (320,11,1),
 (321,11,1),
 (322,10,1),
 (322,5,2),
 (323,10,1),
 (323,5,2),
 (324,10,1),
 (325,14,1),
 (326,14,1),
 (327,1,1),
 (328,5,1),
 (329,5,1),
 (329,16,2),
 (330,5,1),
 (330,16,2),
 (331,12,1),
 (332,12,1),
 (332,17,2),
 (333,1,1),
 (333,3,2),
 (334,16,1),
 (334,3,2),
 (335,1,1),
 (336,4,1),
 (337,6,1),
 (337,14,2),
 (338,6,1),
 (338,14,2),
 (339,11,1),
 (339,5,2),
 (340,11,1),
 (340,5,2),
 (341,11,1),
 (342,11,1),
 (342,17,2),
 (343,5,1),
 (343,14,2),
 (344,5,1),
 (344,14,2),
 (345,6,1),
 (345,12,2),
 (346,6,1),
 (346,12,2),
 (347,6,1),
 (347,7,2),
 (348,6,1),
 (348,7,2),
 (349,11,1),
 (350,11,1),
 (351,1,1),
 (352,1,1),
 (353,8,1),
 (354,8,1),
 (355,8,1),
 (356,8,1),
 (357,12,1),
 (357,3,2),
 (358,14,1),
 (359,17,1),
 (360,14,1),
 (361,15,1),
 (362,15,1),
 (363,15,1),
 (363,11,2),
 (364,15,1),
 (364,11,2),
 (365,15,1),
 (365,11,2),
 (366,11,1),
 (367,11,1),
 (368,11,1),
 (369,11,1),
 (369,6,2),
 (370,11,1),
 (371,16,1),
 (372,16,1),
 (373,16,1),
 (373,3,2),
 (374,9,1),
 (374,14,2),
 (375,9,1),
 (375,14,2),
 (376,9,1),
 (376,14,2),
 (377,6,1),
 (378,15,1),
 (379,9,1),
 (380,16,1),
 (380,14,2),
 (381,16,1),
 (381,14,2),
 (382,11,1),
 (383,5,1),
 (384,16,1),
 (384,3,2),
 (385,9,1),
 (385,14,2),
 (386,14,1),
 (387,12,1),
 (388,12,1),
 (389,12,1),
 (389,5,2),
 (390,10,1),
 (391,10,1),
 (391,2,2),
 (392,10,1),
 (392,2,2),
 (393,11,1),
 (394,11,1),
 (395,11,1),
 (395,9,2),
 (396,1,1),
 (396,3,2),
 (397,1,1),
 (397,3,2),
 (398,1,1),
 (398,3,2),
 (399,1,1),
 (400,1,1),
 (400,11,2),
 (401,7,1),
 (402,7,1),
 (403,13,1),
 (404,13,1),
 (405,13,1),
 (406,12,1),
 (406,4,2),
 (407,12,1),
 (407,4,2),
 (408,6,1),
 (409,6,1),
 (410,6,1),
 (410,9,2),
 (411,6,1),
 (411,9,2),
 (412,7,1),
 (413,7,1),
 (413,12,2),
 (414,7,1),
 (414,3,2),
 (415,7,1),
 (415,3,2),
 (416,7,1),
 (416,3,2),
 (417,13,1),
 (418,11,1),
 (419,11,1),
 (420,12,1),
 (421,12,1),
 (422,11,1),
 (423,11,1),
 (423,5,2),
 (424,1,1),
 (425,8,1),
 (425,3,2),
 (426,8,1),
 (426,3,2),
 (427,1,1),
 (428,1,1),
 (429,8,1),
 (430,17,1),
 (430,3,2),
 (431,1,1),
 (432,1,1),
 (433,14,1),
 (434,4,1),
 (434,17,2),
 (435,4,1),
 (435,17,2),
 (436,9,1),
 (436,14,2),
 (437,9,1),
 (437,14,2),
 (438,6,1),
 (439,14,1),
 (439,18,2),
 (440,1,1),
 (441,1,1),
 (441,3,2),
 (442,8,1),
 (442,17,2),
 (443,16,1),
 (443,5,2),
 (444,16,1),
 (444,5,2),
 (445,16,1),
 (445,5,2),
 (446,1,1),
 (447,2,1),
 (448,2,1),
 (448,9,2),
 (449,5,1),
 (450,5,1),
 (451,4,1),
 (451,7,2),
 (452,4,1),
 (452,17,2),
 (453,4,1),
 (453,2,2),
 (454,4,1),
 (454,2,2),
 (455,12,1),
 (456,11,1),
 (457,11,1),
 (458,11,1),
 (458,3,2),
 (459,12,1),
 (459,15,2),
 (460,12,1),
 (460,15,2),
 (461,17,1),
 (461,15,2),
 (462,13,1),
 (462,9,2),
 (463,1,1),
 (464,5,1),
 (464,6,2),
 (465,12,1),
 (466,13,1),
 (467,10,1),
 (468,18,1),
 (468,3,2),
 (469,7,1),
 (469,3,2),
 (470,12,1),
 (471,15,1),
 (472,5,1),
 (472,3,2),
 (473,15,1),
 (473,5,2),
 (474,1,1),
 (475,14,1),
 (475,2,2),
 (476,6,1),
 (476,9,2),
 (477,8,1),
 (478,15,1),
 (478,8,2),
 (479,13,1),
 (479,8,2),
 (480,14,1),
 (481,14,1),
 (482,14,1),
 (483,9,1),
 (483,16,2),
 (484,11,1),
 (484,16,2),
 (485,10,1),
 (485,9,2),
 (486,1,1),
 (487,8,1),
 (487,16,2),
 (488,14,1),
 (489,11,1),
 (490,11,1),
 (491,17,1),
 (492,12,1),
 (493,1,1),
 (494,14,1),
 (494,10,2),
 (495,12,1),
 (496,12,1),
 (497,12,1),
 (498,10,1),
 (499,10,1),
 (499,2,2),
 (500,10,1),
 (500,2,2),
 (501,11,1),
 (502,11,1),
 (503,11,1),
 (504,1,1),
 (505,1,1),
 (506,1,1),
 (507,1,1),
 (508,1,1),
 (509,17,1),
 (510,17,1),
 (511,12,1),
 (512,12,1),
 (513,10,1),
 (514,10,1),
 (515,11,1),
 (516,11,1),
 (517,14,1),
 (518,14,1),
 (519,1,1),
 (519,3,2),
 (520,1,1),
 (520,3,2),
 (521,1,1),
 (521,3,2),
 (522,13,1),
 (523,13,1),
 (524,6,1),
 (525,6,1),
 (526,6,1),
 (527,14,1),
 (527,3,2),
 (528,14,1),
 (528,3,2),
 (529,5,1),
 (530,5,1),
 (530,9,2),
 (531,1,1),
 (532,2,1),
 (533,2,1),
 (534,2,1),
 (535,11,1),
 (536,11,1),
 (536,5,2),
 (537,11,1),
 (537,5,2),
 (538,2,1),
 (539,2,1),
 (540,7,1),
 (540,12,2),
 (541,7,1),
 (541,12,2),
 (542,7,1),
 (542,12,2),
 (543,7,1),
 (543,4,2),
 (544,7,1),
 (544,4,2),
 (545,7,1),
 (545,4,2),
 (546,12,1),
 (546,18,2),
 (547,12,1),
 (547,18,2),
 (548,12,1),
 (549,12,1),
 (550,11,1),
 (551,5,1),
 (551,17,2),
 (552,5,1),
 (552,17,2),
 (553,5,1),
 (553,17,2),
 (554,10,1),
 (555,10,1),
 (556,12,1),
 (557,7,1),
 (557,6,2),
 (558,7,1),
 (558,6,2),
 (559,17,1),
 (559,2,2),
 (560,17,1),
 (560,2,2),
 (561,14,1),
 (561,3,2),
 (562,8,1),
 (563,8,1),
 (564,11,1),
 (564,6,2),
 (565,11,1),
 (565,6,2),
 (566,6,1),
 (566,3,2),
 (567,6,1),
 (567,3,2),
 (568,4,1),
 (569,4,1),
 (570,17,1),
 (571,17,1),
 (572,1,1),
 (573,1,1),
 (574,14,1),
 (575,14,1),
 (576,14,1),
 (577,14,1),
 (578,14,1),
 (579,14,1),
 (580,11,1),
 (580,3,2),
 (581,11,1),
 (581,3,2),
 (582,15,1),
 (583,15,1),
 (584,15,1),
 (585,1,1),
 (585,12,2),
 (586,1,1),
 (586,12,2),
 (587,13,1),
 (587,3,2),
 (588,7,1),
 (589,7,1),
 (589,9,2),
 (590,12,1),
 (590,4,2),
 (591,12,1),
 (591,4,2),
 (592,11,1),
 (592,8,2),
 (593,11,1),
 (593,8,2),
 (594,11,1),
 (595,7,1),
 (595,13,2),
 (596,7,1),
 (596,13,2),
 (597,12,1),
 (597,9,2),
 (598,12,1),
 (598,9,2),
 (599,9,1),
 (600,9,1),
 (601,9,1),
 (602,13,1),
 (603,13,1),
 (604,13,1),
 (605,14,1),
 (606,14,1),
 (607,8,1),
 (607,10,2),
 (608,8,1),
 (608,10,2),
 (609,8,1),
 (609,10,2),
 (610,16,1),
 (611,16,1),
 (612,16,1),
 (613,15,1),
 (614,15,1),
 (615,15,1),
 (616,7,1),
 (617,7,1),
 (618,5,1),
 (618,13,2),
 (619,2,1),
 (620,2,1),
 (621,16,1),
 (622,5,1),
 (622,8,2),
 (623,5,1),
 (623,8,2),
 (624,17,1),
 (624,9,2),
 (625,17,1),
 (625,9,2),
 (626,1,1),
 (627,1,1),
 (627,3,2),
 (628,1,1),
 (628,3,2),
 (629,17,1),
 (629,3,2),
 (630,17,1),
 (630,3,2),
 (631,10,1),
 (632,7,1),
 (632,9,2),
 (633,17,1),
 (633,16,2),
 (634,17,1),
 (634,16,2),
 (635,17,1),
 (635,16,2),
 (636,7,1),
 (636,10,2),
 (637,7,1),
 (637,10,2),
 (638,9,1),
 (638,2,2),
 (639,6,1),
 (639,2,2),
 (640,12,1),
 (640,2,2),
 (641,3,1),
 (642,13,1),
 (642,3,2),
 (643,16,1),
 (643,10,2),
 (644,16,1),
 (644,13,2),
 (645,5,1),
 (645,3,2),
 (646,16,1),
 (646,15,2),
 (647,11,1),
 (647,2,2),
 (648,1,1),
 (648,14,2),
 (649,7,1),
 (649,9,2),
 (650,12,1),
 (651,12,1),
 (652,12,1),
 (652,2,2),
 (653,10,1),
 (654,10,1),
 (655,10,1),
 (655,14,2),
 (656,11,1),
 (657,11,1),
 (658,11,1),
 (658,17,2),
 (659,1,1),
 (660,1,1),
 (660,5,2),
 (661,1,1),
 (661,3,2),
 (662,10,1),
 (662,3,2),
 (663,10,1),
 (663,3,2),
 (664,7,1),
 (665,7,1),
 (666,7,1),
 (666,3,2),
 (667,10,1),
 (667,1,2),
 (668,10,1),
 (668,1,2),
 (669,18,1),
 (670,18,1),
 (671,18,1),
 (672,12,1),
 (673,12,1),
 (674,2,1),
 (675,2,1),
 (675,17,2),
 (676,1,1),
 (677,14,1),
 (678,14,1),
 (679,9,1),
 (679,8,2);
INSERT INTO [pokemon_types] (pokemon_id,[type_id],slot) VALUES
 (680,9,1),
 (680,8,2),
 (681,9,1),
 (681,8,2),
 (682,18,1),
 (683,18,1),
 (684,18,1),
 (685,18,1),
 (686,17,1),
 (686,14,2),
 (687,17,1),
 (687,14,2),
 (688,6,1),
 (688,11,2),
 (689,6,1),
 (689,11,2),
 (690,4,1),
 (690,11,2),
 (691,4,1),
 (691,16,2),
 (692,11,1),
 (693,11,1),
 (694,13,1),
 (694,1,2),
 (695,13,1),
 (695,1,2),
 (696,6,1),
 (696,16,2),
 (697,6,1),
 (697,16,2),
 (698,6,1),
 (698,15,2),
 (699,6,1),
 (699,15,2),
 (700,18,1),
 (701,2,1),
 (701,3,2),
 (702,13,1),
 (702,18,2),
 (703,6,1),
 (703,18,2),
 (704,16,1),
 (705,16,1),
 (706,16,1),
 (707,9,1),
 (707,18,2),
 (708,8,1),
 (708,12,2),
 (709,8,1),
 (709,12,2),
 (710,8,1),
 (710,12,2),
 (711,8,1),
 (711,12,2),
 (712,15,1),
 (713,15,1),
 (714,3,1),
 (714,16,2),
 (715,3,1),
 (715,16,2),
 (716,18,1),
 (717,17,1),
 (717,3,2),
 (718,16,1),
 (718,5,2),
 (719,6,1),
 (719,18,2),
 (720,14,1),
 (720,8,2),
 (721,10,1),
 (721,11,2),
 (10001,14,1),
 (10002,14,1),
 (10003,14,1),
 (10004,7,1),
 (10004,5,2),
 (10005,7,1),
 (10005,9,2),
 (10006,12,1),
 (10006,3,2),
 (10007,8,1),
 (10007,16,2),
 (10008,13,1),
 (10008,10,2),
 (10009,13,1),
 (10009,11,2),
 (10010,13,1),
 (10010,15,2),
 (10011,13,1),
 (10011,3,2),
 (10012,13,1),
 (10012,12,2),
 (10013,10,1),
 (10014,11,1),
 (10015,15,1),
 (10016,11,1),
 (10017,10,1),
 (10017,14,2),
 (10018,1,1),
 (10018,2,2),
 (10019,3,1),
 (10020,13,1),
 (10020,3,2),
 (10021,5,1),
 (10021,3,2),
 (10022,16,1),
 (10022,15,2),
 (10023,16,1),
 (10023,15,2),
 (10024,11,1),
 (10024,2,2),
 (10025,14,1),
 (10026,9,1),
 (10026,8,2),
 (10027,8,1),
 (10027,12,2),
 (10028,8,1),
 (10028,12,2),
 (10029,8,1),
 (10029,12,2),
 (10030,8,1),
 (10030,12,2),
 (10031,8,1),
 (10031,12,2),
 (10032,8,1),
 (10032,12,2),
 (10033,12,1),
 (10033,4,2),
 (10034,10,1),
 (10034,16,2),
 (10035,10,1),
 (10035,3,2),
 (10036,11,1),
 (10037,14,1),
 (10038,8,1),
 (10038,4,2),
 (10039,1,1),
 (10040,7,1),
 (10040,3,2),
 (10041,11,1),
 (10041,17,2),
 (10042,6,1),
 (10042,3,2),
 (10043,14,1),
 (10043,2,2),
 (10044,14,1),
 (10045,13,1),
 (10045,16,2),
 (10046,7,1),
 (10046,9,2),
 (10047,7,1),
 (10047,2,2),
 (10048,17,1),
 (10048,10,2),
 (10049,6,1),
 (10049,17,2),
 (10050,10,1),
 (10050,2,2),
 (10051,14,1),
 (10051,18,2),
 (10052,9,1),
 (10052,18,2),
 (10053,9,1),
 (10054,2,1),
 (10054,14,2),
 (10055,13,1),
 (10056,8,1),
 (10057,17,1),
 (10058,16,1),
 (10058,5,2),
 (10059,2,1),
 (10059,9,2),
 (10060,12,1),
 (10060,15,2),
 (10061,18,1),
 (10062,16,1),
 (10062,14,2),
 (10063,16,1),
 (10063,14,2),
 (10064,11,1),
 (10064,5,2),
 (10065,12,1),
 (10065,16,2),
 (10066,17,1),
 (10066,8,2),
 (10067,16,1),
 (10067,18,2),
 (10068,14,1),
 (10068,2,2),
 (10069,1,1),
 (10069,18,2),
 (10070,11,1),
 (10070,17,2),
 (10071,11,1),
 (10071,14,2),
 (10072,9,1),
 (10072,5,2),
 (10073,1,1),
 (10073,3,2),
 (10074,15,1),
 (10075,6,1),
 (10075,18,2),
 (10076,9,1),
 (10076,14,2),
 (10077,11,1),
 (10078,5,1),
 (10078,10,2),
 (10079,16,1),
 (10079,3,2),
 (10080,13,1),
 (10081,13,1),
 (10082,13,1),
 (10083,13,1),
 (10084,13,1),
 (10085,13,1),
 (10086,14,1),
 (10086,17,2),
 (10087,10,1),
 (10087,5,2),
 (10088,1,1),
 (10088,2,2),
 (10089,16,1),
 (10089,3,2),
 (10090,7,1),
 (10090,4,2);
--GO
--DROP TABLE IF EXISTS pokemon_forms;
CREATE TABLE pokemon_forms (
	id INT NOT NULL, 
	identifier VARCHAR(79) NOT NULL, 
	form_identifier VARCHAR(79), 
	pokemon_id INT NOT NULL, 
	introduced_in_version_group_id INT, 
	is_default BIT NOT NULL, 
	is_battle_only BIT NOT NULL, 
	is_mega BIT NOT NULL, 
	form_order INT NOT NULL, 
	[order] INT NOT NULL, 
	PRIMARY KEY (id), 
	FOREIGN KEY(pokemon_id) REFERENCES pokemon (id) ON UPDATE CASCADE ON DELETE NO ACTION, 
	FOREIGN KEY(introduced_in_version_group_id) REFERENCES version_groups (id) ON UPDATE NO ACTION ON DELETE NO ACTION, 
	CHECK (is_default IN (0, 1)), 
	CHECK (is_battle_only IN (0, 1)), 
	CHECK (is_mega IN (0, 1))
);
INSERT INTO [pokemon_forms] (id,identifier,form_identifier,pokemon_id,introduced_in_version_group_id,is_default,is_battle_only,is_mega,form_order,[order]) VALUES (1,'bulbasaur',NULL,1,1,1,0,0,1,1),
 (2,'ivysaur',NULL,2,1,1,0,0,1,2),
 (3,'venusaur',NULL,3,1,1,0,0,1,3),
 (4,'charmander',NULL,4,1,1,0,0,1,5),
 (5,'charmeleon',NULL,5,1,1,0,0,1,6),
 (6,'charizard',NULL,6,1,1,0,0,1,7),
 (7,'squirtle',NULL,7,1,1,0,0,1,10),
 (8,'wartortle',NULL,8,1,1,0,0,1,11),
 (9,'blastoise',NULL,9,1,1,0,0,1,12),
 (10,'caterpie',NULL,10,1,1,0,0,1,14),
 (11,'metapod',NULL,11,1,1,0,0,1,15),
 (12,'butterfree',NULL,12,1,1,0,0,1,16),
 (13,'weedle',NULL,13,1,1,0,0,1,17),
 (14,'kakuna',NULL,14,1,1,0,0,1,18),
 (15,'beedrill',NULL,15,1,1,0,0,1,19),
 (16,'pidgey',NULL,16,1,1,0,0,1,21),
 (17,'pidgeotto',NULL,17,1,1,0,0,1,22),
 (18,'pidgeot',NULL,18,1,1,0,0,1,23),
 (19,'rattata',NULL,19,1,1,0,0,1,25),
 (20,'raticate',NULL,20,1,1,0,0,1,26),
 (21,'spearow',NULL,21,1,1,0,0,1,27),
 (22,'fearow',NULL,22,1,1,0,0,1,28),
 (23,'ekans',NULL,23,1,1,0,0,1,29),
 (24,'arbok',NULL,24,1,1,0,0,1,30),
 (25,'pikachu',NULL,25,1,1,0,0,1,33),
 (26,'raichu',NULL,26,1,1,0,0,1,40),
 (27,'sandshrew',NULL,27,1,1,0,0,1,41),
 (28,'sandslash',NULL,28,1,1,0,0,1,42),
 (29,'nidoran-f',NULL,29,1,1,0,0,1,43),
 (30,'nidorina',NULL,30,1,1,0,0,1,44),
 (31,'nidoqueen',NULL,31,1,1,0,0,1,45),
 (32,'nidoran-m',NULL,32,1,1,0,0,1,46),
 (33,'nidorino',NULL,33,1,1,0,0,1,47),
 (34,'nidoking',NULL,34,1,1,0,0,1,48),
 (35,'clefairy',NULL,35,1,1,0,0,1,50),
 (36,'clefable',NULL,36,1,1,0,0,1,51),
 (37,'vulpix',NULL,37,1,1,0,0,1,52),
 (38,'ninetales',NULL,38,1,1,0,0,1,53),
 (39,'jigglypuff',NULL,39,1,1,0,0,1,55),
 (40,'wigglytuff',NULL,40,1,1,0,0,1,56),
 (41,'zubat',NULL,41,1,1,0,0,1,57),
 (42,'golbat',NULL,42,1,1,0,0,1,58),
 (43,'oddish',NULL,43,1,1,0,0,1,60),
 (44,'gloom',NULL,44,1,1,0,0,1,61),
 (45,'vileplume',NULL,45,1,1,0,0,1,62),
 (46,'paras',NULL,46,1,1,0,0,1,64),
 (47,'parasect',NULL,47,1,1,0,0,1,65),
 (48,'venonat',NULL,48,1,1,0,0,1,66),
 (49,'venomoth',NULL,49,1,1,0,0,1,67),
 (50,'diglett',NULL,50,1,1,0,0,1,68),
 (51,'dugtrio',NULL,51,1,1,0,0,1,69),
 (52,'meowth',NULL,52,1,1,0,0,1,70),
 (53,'persian',NULL,53,1,1,0,0,1,71),
 (54,'psyduck',NULL,54,1,1,0,0,1,72),
 (55,'golduck',NULL,55,1,1,0,0,1,73),
 (56,'mankey',NULL,56,1,1,0,0,1,74),
 (57,'primeape',NULL,57,1,1,0,0,1,75),
 (58,'growlithe',NULL,58,1,1,0,0,1,76),
 (59,'arcanine',NULL,59,1,1,0,0,1,77),
 (60,'poliwag',NULL,60,1,1,0,0,1,78),
 (61,'poliwhirl',NULL,61,1,1,0,0,1,79),
 (62,'poliwrath',NULL,62,1,1,0,0,1,80),
 (63,'abra',NULL,63,1,1,0,0,1,82),
 (64,'kadabra',NULL,64,1,1,0,0,1,83),
 (65,'alakazam',NULL,65,1,1,0,0,1,84),
 (66,'machop',NULL,66,1,1,0,0,1,86),
 (67,'machoke',NULL,67,1,1,0,0,1,87),
 (68,'machamp',NULL,68,1,1,0,0,1,88),
 (69,'bellsprout',NULL,69,1,1,0,0,1,89),
 (70,'weepinbell',NULL,70,1,1,0,0,1,90),
 (71,'victreebel',NULL,71,1,1,0,0,1,91),
 (72,'tentacool',NULL,72,1,1,0,0,1,92),
 (73,'tentacruel',NULL,73,1,1,0,0,1,93),
 (74,'geodude',NULL,74,1,1,0,0,1,94),
 (75,'graveler',NULL,75,1,1,0,0,1,95),
 (76,'golem',NULL,76,1,1,0,0,1,96),
 (77,'ponyta',NULL,77,1,1,0,0,1,97),
 (78,'rapidash',NULL,78,1,1,0,0,1,98),
 (79,'slowpoke',NULL,79,1,1,0,0,1,99),
 (80,'slowbro',NULL,80,1,1,0,0,1,100),
 (81,'magnemite',NULL,81,1,1,0,0,1,103),
 (82,'magneton',NULL,82,1,1,0,0,1,104),
 (83,'farfetchd',NULL,83,1,1,0,0,1,106),
 (84,'doduo',NULL,84,1,1,0,0,1,107),
 (85,'dodrio',NULL,85,1,1,0,0,1,108),
 (86,'seel',NULL,86,1,1,0,0,1,109),
 (87,'dewgong',NULL,87,1,1,0,0,1,110),
 (88,'grimer',NULL,88,1,1,0,0,1,111),
 (89,'muk',NULL,89,1,1,0,0,1,112),
 (90,'shellder',NULL,90,1,1,0,0,1,113),
 (91,'cloyster',NULL,91,1,1,0,0,1,114),
 (92,'gastly',NULL,92,1,1,0,0,1,115),
 (93,'haunter',NULL,93,1,1,0,0,1,116),
 (94,'gengar',NULL,94,1,1,0,0,1,117),
 (95,'onix',NULL,95,1,1,0,0,1,119),
 (96,'drowzee',NULL,96,1,1,0,0,1,122),
 (97,'hypno',NULL,97,1,1,0,0,1,123),
 (98,'krabby',NULL,98,1,1,0,0,1,124),
 (99,'kingler',NULL,99,1,1,0,0,1,125),
 (100,'voltorb',NULL,100,1,1,0,0,1,126),
 (101,'electrode',NULL,101,1,1,0,0,1,127),
 (102,'exeggcute',NULL,102,1,1,0,0,1,128),
 (103,'exeggutor',NULL,103,1,1,0,0,1,129),
 (104,'cubone',NULL,104,1,1,0,0,1,130),
 (105,'marowak',NULL,105,1,1,0,0,1,131),
 (106,'hitmonlee',NULL,106,1,1,0,0,1,133),
 (107,'hitmonchan',NULL,107,1,1,0,0,1,134),
 (108,'lickitung',NULL,108,1,1,0,0,1,136),
 (109,'koffing',NULL,109,1,1,0,0,1,138),
 (110,'weezing',NULL,110,1,1,0,0,1,139),
 (111,'rhyhorn',NULL,111,1,1,0,0,1,140),
 (112,'rhydon',NULL,112,1,1,0,0,1,141),
 (113,'chansey',NULL,113,1,1,0,0,1,144),
 (114,'tangela',NULL,114,1,1,0,0,1,146),
 (115,'kangaskhan',NULL,115,1,1,0,0,1,148),
 (116,'horsea',NULL,116,1,1,0,0,1,150),
 (117,'seadra',NULL,117,1,1,0,0,1,151),
 (118,'goldeen',NULL,118,1,1,0,0,1,153),
 (119,'seaking',NULL,119,1,1,0,0,1,154),
 (120,'staryu',NULL,120,1,1,0,0,1,155),
 (121,'starmie',NULL,121,1,1,0,0,1,156),
 (122,'mr-mime',NULL,122,1,1,0,0,1,158),
 (123,'scyther',NULL,123,1,1,0,0,1,159),
 (124,'jynx',NULL,124,1,1,0,0,1,163),
 (125,'electabuzz',NULL,125,1,1,0,0,1,165),
 (126,'magmar',NULL,126,1,1,0,0,1,168),
 (127,'pinsir',NULL,127,1,1,0,0,1,170),
 (128,'tauros',NULL,128,1,1,0,0,1,172),
 (129,'magikarp',NULL,129,1,1,0,0,1,173),
 (130,'gyarados',NULL,130,1,1,0,0,1,174),
 (131,'lapras',NULL,131,1,1,0,0,1,176),
 (132,'ditto',NULL,132,1,1,0,0,1,177),
 (133,'eevee',NULL,133,1,1,0,0,1,178),
 (134,'vaporeon',NULL,134,1,1,0,0,1,179),
 (135,'jolteon',NULL,135,1,1,0,0,1,180),
 (136,'flareon',NULL,136,1,1,0,0,1,181),
 (137,'porygon',NULL,137,1,1,0,0,1,187),
 (138,'omanyte',NULL,138,1,1,0,0,1,190),
 (139,'omastar',NULL,139,1,1,0,0,1,191),
 (140,'kabuto',NULL,140,1,1,0,0,1,192),
 (141,'kabutops',NULL,141,1,1,0,0,1,193),
 (142,'aerodactyl',NULL,142,1,1,0,0,1,194),
 (143,'snorlax',NULL,143,1,1,0,0,1,197),
 (144,'articuno',NULL,144,1,1,0,0,1,198),
 (145,'zapdos',NULL,145,1,1,0,0,1,199),
 (146,'moltres',NULL,146,1,1,0,0,1,200),
 (147,'dratini',NULL,147,1,1,0,0,1,201),
 (148,'dragonair',NULL,148,1,1,0,0,1,202),
 (149,'dragonite',NULL,149,1,1,0,0,1,203),
 (150,'mewtwo',NULL,150,1,1,0,0,1,204),
 (151,'mew',NULL,151,1,1,0,0,1,207),
 (152,'chikorita',NULL,152,3,1,0,0,1,208),
 (153,'bayleef',NULL,153,3,1,0,0,1,209),
 (154,'meganium',NULL,154,3,1,0,0,1,210),
 (155,'cyndaquil',NULL,155,3,1,0,0,1,211),
 (156,'quilava',NULL,156,3,1,0,0,1,212),
 (157,'typhlosion',NULL,157,3,1,0,0,1,213),
 (158,'totodile',NULL,158,3,1,0,0,1,214),
 (159,'croconaw',NULL,159,3,1,0,0,1,215),
 (160,'feraligatr',NULL,160,3,1,0,0,1,216),
 (161,'sentret',NULL,161,3,1,0,0,1,217),
 (162,'furret',NULL,162,3,1,0,0,1,218),
 (163,'hoothoot',NULL,163,3,1,0,0,1,219),
 (164,'noctowl',NULL,164,3,1,0,0,1,220),
 (165,'ledyba',NULL,165,3,1,0,0,1,221),
 (166,'ledian',NULL,166,3,1,0,0,1,222),
 (167,'spinarak',NULL,167,3,1,0,0,1,223),
 (168,'ariados',NULL,168,3,1,0,0,1,224),
 (169,'crobat',NULL,169,3,1,0,0,1,59),
 (170,'chinchou',NULL,170,3,1,0,0,1,225),
 (171,'lanturn',NULL,171,3,1,0,0,1,226),
 (172,'pichu',NULL,172,3,1,0,0,1,31),
 (173,'cleffa',NULL,173,3,1,0,0,1,49),
 (174,'igglybuff',NULL,174,3,1,0,0,1,54),
 (175,'togepi',NULL,175,3,1,0,0,1,227),
 (176,'togetic',NULL,176,3,1,0,0,1,228),
 (177,'natu',NULL,177,3,1,0,0,1,230),
 (178,'xatu',NULL,178,3,1,0,0,1,231),
 (179,'mareep',NULL,179,3,1,0,0,1,232),
 (180,'flaaffy',NULL,180,3,1,0,0,1,233),
 (181,'ampharos',NULL,181,3,1,0,0,1,234),
 (182,'bellossom',NULL,182,3,1,0,0,1,63),
 (183,'marill',NULL,183,3,1,0,0,1,237),
 (184,'azumarill',NULL,184,3,1,0,0,1,238),
 (185,'sudowoodo',NULL,185,3,1,0,0,1,240),
 (186,'politoed',NULL,186,3,1,0,0,1,81),
 (187,'hoppip',NULL,187,3,1,0,0,1,241),
 (188,'skiploom',NULL,188,3,1,0,0,1,242),
 (189,'jumpluff',NULL,189,3,1,0,0,1,243),
 (190,'aipom',NULL,190,3,1,0,0,1,244),
 (191,'sunkern',NULL,191,3,1,0,0,1,246),
 (192,'sunflora',NULL,192,3,1,0,0,1,247),
 (193,'yanma',NULL,193,3,1,0,0,1,248),
 (194,'wooper',NULL,194,3,1,0,0,1,250),
 (195,'quagsire',NULL,195,3,1,0,0,1,251),
 (196,'espeon',NULL,196,3,1,0,0,1,182),
 (197,'umbreon',NULL,197,3,1,0,0,1,183),
 (198,'murkrow',NULL,198,3,1,0,0,1,252),
 (199,'slowking',NULL,199,3,1,0,0,1,102),
 (200,'misdreavus',NULL,200,3,1,0,0,1,254),
 (201,'unown-a','a',201,3,1,0,0,1,256),
 (202,'wobbuffet',NULL,202,3,1,0,0,1,284),
 (203,'girafarig',NULL,203,3,1,0,0,1,285),
 (204,'pineco',NULL,204,3,1,0,0,1,286),
 (205,'forretress',NULL,205,3,1,0,0,1,287),
 (206,'dunsparce',NULL,206,3,1,0,0,1,288),
 (207,'gligar',NULL,207,3,1,0,0,1,289),
 (208,'steelix',NULL,208,3,1,0,0,1,120),
 (209,'snubbull',NULL,209,3,1,0,0,1,291),
 (210,'granbull',NULL,210,3,1,0,0,1,292),
 (211,'qwilfish',NULL,211,3,1,0,0,1,293),
 (212,'scizor',NULL,212,3,1,0,0,1,160),
 (213,'shuckle',NULL,213,3,1,0,0,1,294),
 (214,'heracross',NULL,214,3,1,0,0,1,295),
 (215,'sneasel',NULL,215,3,1,0,0,1,297),
 (216,'teddiursa',NULL,216,3,1,0,0,1,299),
 (217,'ursaring',NULL,217,3,1,0,0,1,300),
 (218,'slugma',NULL,218,3,1,0,0,1,301),
 (219,'magcargo',NULL,219,3,1,0,0,1,302),
 (220,'swinub',NULL,220,3,1,0,0,1,303),
 (221,'piloswine',NULL,221,3,1,0,0,1,304),
 (222,'corsola',NULL,222,3,1,0,0,1,306),
 (223,'remoraid',NULL,223,3,1,0,0,1,307),
 (224,'octillery',NULL,224,3,1,0,0,1,308),
 (225,'delibird',NULL,225,3,1,0,0,1,309),
 (226,'mantine',NULL,226,3,1,0,0,1,311),
 (227,'skarmory',NULL,227,3,1,0,0,1,312),
 (228,'houndour',NULL,228,3,1,0,0,1,313),
 (229,'houndoom',NULL,229,3,1,0,0,1,314),
 (230,'kingdra',NULL,230,3,1,0,0,1,152),
 (231,'phanpy',NULL,231,3,1,0,0,1,316),
 (232,'donphan',NULL,232,3,1,0,0,1,317),
 (233,'porygon2',NULL,233,3,1,0,0,1,188),
 (234,'stantler',NULL,234,3,1,0,0,1,318),
 (235,'smeargle',NULL,235,3,1,0,0,1,319),
 (236,'tyrogue',NULL,236,3,1,0,0,1,132),
 (237,'hitmontop',NULL,237,3,1,0,0,1,135),
 (238,'smoochum',NULL,238,3,1,0,0,1,162),
 (239,'elekid',NULL,239,3,1,0,0,1,164),
 (240,'magby',NULL,240,3,1,0,0,1,167),
 (241,'miltank',NULL,241,3,1,0,0,1,320),
 (242,'blissey',NULL,242,3,1,0,0,1,145),
 (243,'raikou',NULL,243,3,1,0,0,1,321),
 (244,'entei',NULL,244,3,1,0,0,1,322),
 (245,'suicune',NULL,245,3,1,0,0,1,323),
 (246,'larvitar',NULL,246,3,1,0,0,1,324),
 (247,'pupitar',NULL,247,3,1,0,0,1,325),
 (248,'tyranitar',NULL,248,3,1,0,0,1,326),
 (249,'lugia',NULL,249,3,1,0,0,1,328),
 (250,'ho-oh',NULL,250,3,1,0,0,1,329),
 (251,'celebi',NULL,251,3,1,0,0,1,330),
 (252,'treecko',NULL,252,5,1,0,0,1,331),
 (253,'grovyle',NULL,253,5,1,0,0,1,332),
 (254,'sceptile',NULL,254,5,1,0,0,1,333),
 (255,'torchic',NULL,255,5,1,0,0,1,335),
 (256,'combusken',NULL,256,5,1,0,0,1,336),
 (257,'blaziken',NULL,257,5,1,0,0,1,337),
 (258,'mudkip',NULL,258,5,1,0,0,1,339),
 (259,'marshtomp',NULL,259,5,1,0,0,1,340),
 (260,'swampert',NULL,260,5,1,0,0,1,341),
 (261,'poochyena',NULL,261,5,1,0,0,1,343),
 (262,'mightyena',NULL,262,5,1,0,0,1,344),
 (263,'zigzagoon',NULL,263,5,1,0,0,1,345),
 (264,'linoone',NULL,264,5,1,0,0,1,346),
 (265,'wurmple',NULL,265,5,1,0,0,1,347),
 (266,'silcoon',NULL,266,5,1,0,0,1,348),
 (267,'beautifly',NULL,267,5,1,0,0,1,349),
 (268,'cascoon',NULL,268,5,1,0,0,1,350),
 (269,'dustox',NULL,269,5,1,0,0,1,351),
 (270,'lotad',NULL,270,5,1,0,0,1,352),
 (271,'lombre',NULL,271,5,1,0,0,1,353),
 (272,'ludicolo',NULL,272,5,1,0,0,1,354),
 (273,'seedot',NULL,273,5,1,0,0,1,355),
 (274,'nuzleaf',NULL,274,5,1,0,0,1,356),
 (275,'shiftry',NULL,275,5,1,0,0,1,357),
 (276,'taillow',NULL,276,5,1,0,0,1,358),
 (277,'swellow',NULL,277,5,1,0,0,1,359),
 (278,'wingull',NULL,278,5,1,0,0,1,360),
 (279,'pelipper',NULL,279,5,1,0,0,1,361),
 (280,'ralts',NULL,280,5,1,0,0,1,362),
 (281,'kirlia',NULL,281,5,1,0,0,1,363),
 (282,'gardevoir',NULL,282,5,1,0,0,1,364),
 (283,'surskit',NULL,283,5,1,0,0,1,368),
 (284,'masquerain',NULL,284,5,1,0,0,1,369),
 (285,'shroomish',NULL,285,5,1,0,0,1,370),
 (286,'breloom',NULL,286,5,1,0,0,1,371),
 (287,'slakoth',NULL,287,5,1,0,0,1,372),
 (288,'vigoroth',NULL,288,5,1,0,0,1,373),
 (289,'slaking',NULL,289,5,1,0,0,1,374),
 (290,'nincada',NULL,290,5,1,0,0,1,375),
 (291,'ninjask',NULL,291,5,1,0,0,1,376),
 (292,'shedinja',NULL,292,5,1,0,0,1,377),
 (293,'whismur',NULL,293,5,1,0,0,1,378),
 (294,'loudred',NULL,294,5,1,0,0,1,379),
 (295,'exploud',NULL,295,5,1,0,0,1,380),
 (296,'makuhita',NULL,296,5,1,0,0,1,381),
 (297,'hariyama',NULL,297,5,1,0,0,1,382),
 (298,'azurill',NULL,298,5,1,0,0,1,236),
 (299,'nosepass',NULL,299,5,1,0,0,1,383),
 (300,'skitty',NULL,300,5,1,0,0,1,385),
 (301,'delcatty',NULL,301,5,1,0,0,1,386),
 (302,'sableye',NULL,302,5,1,0,0,1,387),
 (303,'mawile',NULL,303,5,1,0,0,1,389),
 (304,'aron',NULL,304,5,1,0,0,1,391),
 (305,'lairon',NULL,305,5,1,0,0,1,392),
 (306,'aggron',NULL,306,5,1,0,0,1,393),
 (307,'meditite',NULL,307,5,1,0,0,1,395),
 (308,'medicham',NULL,308,5,1,0,0,1,396),
 (309,'electrike',NULL,309,5,1,0,0,1,398),
 (310,'manectric',NULL,310,5,1,0,0,1,399),
 (311,'plusle',NULL,311,5,1,0,0,1,401),
 (312,'minun',NULL,312,5,1,0,0,1,402),
 (313,'volbeat',NULL,313,5,1,0,0,1,403),
 (314,'illumise',NULL,314,5,1,0,0,1,404),
 (315,'roselia',NULL,315,5,1,0,0,1,406),
 (316,'gulpin',NULL,316,5,1,0,0,1,408),
 (317,'swalot',NULL,317,5,1,0,0,1,409),
 (318,'carvanha',NULL,318,5,1,0,0,1,410),
 (319,'sharpedo',NULL,319,5,1,0,0,1,411),
 (320,'wailmer',NULL,320,5,1,0,0,1,413),
 (321,'wailord',NULL,321,5,1,0,0,1,414),
 (322,'numel',NULL,322,5,1,0,0,1,415),
 (323,'camerupt',NULL,323,5,1,0,0,1,416),
 (324,'torkoal',NULL,324,5,1,0,0,1,418),
 (325,'spoink',NULL,325,5,1,0,0,1,419),
 (326,'grumpig',NULL,326,5,1,0,0,1,420),
 (327,'spinda',NULL,327,5,1,0,0,1,421),
 (328,'trapinch',NULL,328,5,1,0,0,1,422),
 (329,'vibrava',NULL,329,5,1,0,0,1,423),
 (330,'flygon',NULL,330,5,1,0,0,1,424),
 (331,'cacnea',NULL,331,5,1,0,0,1,425),
 (332,'cacturne',NULL,332,5,1,0,0,1,426),
 (333,'swablu',NULL,333,5,1,0,0,1,427),
 (334,'altaria',NULL,334,5,1,0,0,1,428),
 (335,'zangoose',NULL,335,5,1,0,0,1,430),
 (336,'seviper',NULL,336,5,1,0,0,1,431),
 (337,'lunatone',NULL,337,5,1,0,0,1,432),
 (338,'solrock',NULL,338,5,1,0,0,1,433),
 (339,'barboach',NULL,339,5,1,0,0,1,434),
 (340,'whiscash',NULL,340,5,1,0,0,1,435),
 (341,'corphish',NULL,341,5,1,0,0,1,436),
 (342,'crawdaunt',NULL,342,5,1,0,0,1,437),
 (343,'baltoy',NULL,343,5,1,0,0,1,438),
 (344,'claydol',NULL,344,5,1,0,0,1,439),
 (345,'lileep',NULL,345,5,1,0,0,1,440),
 (346,'cradily',NULL,346,5,1,0,0,1,441),
 (347,'anorith',NULL,347,5,1,0,0,1,442),
 (348,'armaldo',NULL,348,5,1,0,0,1,443),
 (349,'feebas',NULL,349,5,1,0,0,1,444),
 (350,'milotic',NULL,350,5,1,0,0,1,445),
 (351,'castform',NULL,351,5,1,0,0,1,446),
 (352,'kecleon',NULL,352,5,1,0,0,1,450),
 (353,'shuppet',NULL,353,5,1,0,0,1,451),
 (354,'banette',NULL,354,5,1,0,0,1,452),
 (355,'duskull',NULL,355,5,1,0,0,1,454),
 (356,'dusclops',NULL,356,5,1,0,0,1,455),
 (357,'tropius',NULL,357,5,1,0,0,1,457),
 (358,'chimecho',NULL,358,5,1,0,0,1,459),
 (359,'absol',NULL,359,5,1,0,0,1,460),
 (360,'wynaut',NULL,360,5,1,0,0,1,283),
 (361,'snorunt',NULL,361,5,1,0,0,1,462),
 (362,'glalie',NULL,362,5,1,0,0,1,463),
 (363,'spheal',NULL,363,5,1,0,0,1,466),
 (364,'sealeo',NULL,364,5,1,0,0,1,467),
 (365,'walrein',NULL,365,5,1,0,0,1,468),
 (366,'clamperl',NULL,366,5,1,0,0,1,469),
 (367,'huntail',NULL,367,5,1,0,0,1,470),
 (368,'gorebyss',NULL,368,5,1,0,0,1,471),
 (369,'relicanth',NULL,369,5,1,0,0,1,472),
 (370,'luvdisc',NULL,370,5,1,0,0,1,473),
 (371,'bagon',NULL,371,5,1,0,0,1,474),
 (372,'shelgon',NULL,372,5,1,0,0,1,475),
 (373,'salamence',NULL,373,5,1,0,0,1,476),
 (374,'beldum',NULL,374,5,1,0,0,1,478),
 (375,'metang',NULL,375,5,1,0,0,1,479),
 (376,'metagross',NULL,376,5,1,0,0,1,480),
 (377,'regirock',NULL,377,5,1,0,0,1,482),
 (378,'regice',NULL,378,5,1,0,0,1,483),
 (379,'registeel',NULL,379,5,1,0,0,1,484),
 (380,'latias',NULL,380,5,1,0,0,1,485),
 (381,'latios',NULL,381,5,1,0,0,1,487),
 (382,'kyogre',NULL,382,5,1,0,0,1,489),
 (383,'groudon',NULL,383,5,1,0,0,1,491),
 (384,'rayquaza',NULL,384,5,1,0,0,1,493),
 (385,'jirachi',NULL,385,5,1,0,0,1,495),
 (386,'deoxys-normal','normal',386,5,1,0,0,1,496),
 (387,'turtwig',NULL,387,8,1,0,0,1,500),
 (388,'grotle',NULL,388,8,1,0,0,1,501),
 (389,'torterra',NULL,389,8,1,0,0,1,502),
 (390,'chimchar',NULL,390,8,1,0,0,1,503),
 (391,'monferno',NULL,391,8,1,0,0,1,504),
 (392,'infernape',NULL,392,8,1,0,0,1,505),
 (393,'piplup',NULL,393,8,1,0,0,1,506),
 (394,'prinplup',NULL,394,8,1,0,0,1,507),
 (395,'empoleon',NULL,395,8,1,0,0,1,508),
 (396,'starly',NULL,396,8,1,0,0,1,509),
 (397,'staravia',NULL,397,8,1,0,0,1,510),
 (398,'staraptor',NULL,398,8,1,0,0,1,511),
 (399,'bidoof',NULL,399,8,1,0,0,1,512),
 (400,'bibarel',NULL,400,8,1,0,0,1,513),
 (401,'kricketot',NULL,401,8,1,0,0,1,514),
 (402,'kricketune',NULL,402,8,1,0,0,1,515),
 (403,'shinx',NULL,403,8,1,0,0,1,516),
 (404,'luxio',NULL,404,8,1,0,0,1,517),
 (405,'luxray',NULL,405,8,1,0,0,1,518),
 (406,'budew',NULL,406,8,1,0,0,1,405),
 (407,'roserade',NULL,407,8,1,0,0,1,407),
 (408,'cranidos',NULL,408,8,1,0,0,1,519),
 (409,'rampardos',NULL,409,8,1,0,0,1,520),
 (410,'shieldon',NULL,410,8,1,0,0,1,521),
 (411,'bastiodon',NULL,411,8,1,0,0,1,522),
 (412,'burmy-plant','plant',412,8,1,0,0,1,523),
 (413,'wormadam-plant','plant',413,8,1,0,0,1,526),
 (414,'mothim',NULL,414,8,1,0,0,1,529),
 (415,'combee',NULL,415,8,1,0,0,1,530),
 (416,'vespiquen',NULL,416,8,1,0,0,1,531),
 (417,'pachirisu',NULL,417,8,1,0,0,1,532),
 (418,'buizel',NULL,418,8,1,0,0,1,533),
 (419,'floatzel',NULL,419,8,1,0,0,1,534),
 (420,'cherubi',NULL,420,8,1,0,0,1,535),
 (421,'cherrim-overcast','overcast',421,8,1,0,0,1,536),
 (422,'shellos-west','west',422,8,1,0,0,1,538),
 (423,'gastrodon-west','west',423,8,1,0,0,1,540),
 (424,'ambipom',NULL,424,8,1,0,0,1,245),
 (425,'drifloon',NULL,425,8,1,0,0,1,542),
 (426,'drifblim',NULL,426,8,1,0,0,1,543),
 (427,'buneary',NULL,427,8,1,0,0,1,544),
 (428,'lopunny',NULL,428,8,1,0,0,1,545),
 (429,'mismagius',NULL,429,8,1,0,0,1,255),
 (430,'honchkrow',NULL,430,8,1,0,0,1,253),
 (431,'glameow',NULL,431,8,1,0,0,1,547),
 (432,'purugly',NULL,432,8,1,0,0,1,548),
 (433,'chingling',NULL,433,8,1,0,0,1,458),
 (434,'stunky',NULL,434,8,1,0,0,1,549),
 (435,'skuntank',NULL,435,8,1,0,0,1,550),
 (436,'bronzor',NULL,436,8,1,0,0,1,551),
 (437,'bronzong',NULL,437,8,1,0,0,1,552),
 (438,'bonsly',NULL,438,8,1,0,0,1,239),
 (439,'mime-jr',NULL,439,8,1,0,0,1,157),
 (440,'happiny',NULL,440,8,1,0,0,1,143),
 (441,'chatot',NULL,441,8,1,0,0,1,553),
 (442,'spiritomb',NULL,442,8,1,0,0,1,554),
 (443,'gible',NULL,443,8,1,0,0,1,555),
 (444,'gabite',NULL,444,8,1,0,0,1,556),
 (445,'garchomp',NULL,445,8,1,0,0,1,557),
 (446,'munchlax',NULL,446,8,1,0,0,1,196),
 (447,'riolu',NULL,447,8,1,0,0,1,559),
 (448,'lucario',NULL,448,8,1,0,0,1,560),
 (449,'hippopotas',NULL,449,8,1,0,0,1,562),
 (450,'hippowdon',NULL,450,8,1,0,0,1,563),
 (451,'skorupi',NULL,451,8,1,0,0,1,564),
 (452,'drapion',NULL,452,8,1,0,0,1,565),
 (453,'croagunk',NULL,453,8,1,0,0,1,566),
 (454,'toxicroak',NULL,454,8,1,0,0,1,567),
 (455,'carnivine',NULL,455,8,1,0,0,1,568),
 (456,'finneon',NULL,456,8,1,0,0,1,569),
 (457,'lumineon',NULL,457,8,1,0,0,1,570),
 (458,'mantyke',NULL,458,8,1,0,0,1,310),
 (459,'snover',NULL,459,8,1,0,0,1,571),
 (460,'abomasnow',NULL,460,8,1,0,0,1,572),
 (461,'weavile',NULL,461,8,1,0,0,1,298),
 (462,'magnezone',NULL,462,8,1,0,0,1,105),
 (463,'lickilicky',NULL,463,8,1,0,0,1,137),
 (464,'rhyperior',NULL,464,8,1,0,0,1,142),
 (465,'tangrowth',NULL,465,8,1,0,0,1,147),
 (466,'electivire',NULL,466,8,1,0,0,1,166),
 (467,'magmortar',NULL,467,8,1,0,0,1,169),
 (468,'togekiss',NULL,468,8,1,0,0,1,229),
 (469,'yanmega',NULL,469,8,1,0,0,1,249),
 (470,'leafeon',NULL,470,8,1,0,0,1,184),
 (471,'glaceon',NULL,471,8,1,0,0,1,185),
 (472,'gliscor',NULL,472,8,1,0,0,1,290),
 (473,'mamoswine',NULL,473,8,1,0,0,1,305),
 (474,'porygon-z',NULL,474,8,1,0,0,1,189),
 (475,'gallade',NULL,475,8,1,0,0,1,366),
 (476,'probopass',NULL,476,8,1,0,0,1,384),
 (477,'dusknoir',NULL,477,8,1,0,0,1,456),
 (478,'froslass',NULL,478,8,1,0,0,1,465),
 (479,'rotom',NULL,479,8,1,0,0,1,574),
 (480,'uxie',NULL,480,8,1,0,0,1,580),
 (481,'mesprit',NULL,481,8,1,0,0,1,581),
 (482,'azelf',NULL,482,8,1,0,0,1,582),
 (483,'dialga',NULL,483,8,1,0,0,1,583),
 (484,'palkia',NULL,484,8,1,0,0,1,584),
 (485,'heatran',NULL,485,8,1,0,0,1,585),
 (486,'regigigas',NULL,486,8,1,0,0,1,586),
 (487,'giratina-altered','altered',487,8,1,0,0,1,587),
 (488,'cresselia',NULL,488,8,1,0,0,1,589),
 (489,'phione',NULL,489,8,1,0,0,1,590),
 (490,'manaphy',NULL,490,8,1,0,0,1,591),
 (491,'darkrai',NULL,491,8,1,0,0,1,592),
 (492,'shaymin-land','land',492,8,1,0,0,1,593),
 (493,'arceus-normal','normal',493,8,1,0,0,1,595),
 (494,'victini',NULL,494,11,1,0,0,1,598),
 (495,'snivy',NULL,495,11,1,0,0,1,599),
 (496,'servine',NULL,496,11,1,0,0,1,600),
 (497,'serperior',NULL,497,11,1,0,0,1,601),
 (498,'tepig',NULL,498,11,1,0,0,1,602),
 (499,'pignite',NULL,499,11,1,0,0,1,603),
 (500,'emboar',NULL,500,11,1,0,0,1,604),
 (501,'oshawott',NULL,501,11,1,0,0,1,605),
 (502,'dewott',NULL,502,11,1,0,0,1,606),
 (503,'samurott',NULL,503,11,1,0,0,1,607),
 (504,'patrat',NULL,504,11,1,0,0,1,608),
 (505,'watchog',NULL,505,11,1,0,0,1,609),
 (506,'lillipup',NULL,506,11,1,0,0,1,610),
 (507,'herdier',NULL,507,11,1,0,0,1,611),
 (508,'stoutland',NULL,508,11,1,0,0,1,612),
 (509,'purrloin',NULL,509,11,1,0,0,1,613),
 (510,'liepard',NULL,510,11,1,0,0,1,614),
 (511,'pansage',NULL,511,11,1,0,0,1,615),
 (512,'simisage',NULL,512,11,1,0,0,1,616),
 (513,'pansear',NULL,513,11,1,0,0,1,617),
 (514,'simisear',NULL,514,11,1,0,0,1,618),
 (515,'panpour',NULL,515,11,1,0,0,1,619),
 (516,'simipour',NULL,516,11,1,0,0,1,620),
 (517,'munna',NULL,517,11,1,0,0,1,621),
 (518,'musharna',NULL,518,11,1,0,0,1,622),
 (519,'pidove',NULL,519,11,1,0,0,1,623),
 (520,'tranquill',NULL,520,11,1,0,0,1,624),
 (521,'unfezant',NULL,521,11,1,0,0,1,625),
 (522,'blitzle',NULL,522,11,1,0,0,1,626),
 (523,'zebstrika',NULL,523,11,1,0,0,1,627),
 (524,'roggenrola',NULL,524,11,1,0,0,1,628),
 (525,'boldore',NULL,525,11,1,0,0,1,629),
 (526,'gigalith',NULL,526,11,1,0,0,1,630),
 (527,'woobat',NULL,527,11,1,0,0,1,631),
 (528,'swoobat',NULL,528,11,1,0,0,1,632),
 (529,'drilbur',NULL,529,11,1,0,0,1,633),
 (530,'excadrill',NULL,530,11,1,0,0,1,634),
 (531,'audino',NULL,531,11,1,0,0,1,635),
 (532,'timburr',NULL,532,11,1,0,0,1,637),
 (533,'gurdurr',NULL,533,11,1,0,0,1,638),
 (534,'conkeldurr',NULL,534,11,1,0,0,1,639),
 (535,'tympole',NULL,535,11,1,0,0,1,640),
 (536,'palpitoad',NULL,536,11,1,0,0,1,641),
 (537,'seismitoad',NULL,537,11,1,0,0,1,642),
 (538,'throh',NULL,538,11,1,0,0,1,643),
 (539,'sawk',NULL,539,11,1,0,0,1,644),
 (540,'sewaddle',NULL,540,11,1,0,0,1,645),
 (541,'swadloon',NULL,541,11,1,0,0,1,646),
 (542,'leavanny',NULL,542,11,1,0,0,1,647),
 (543,'venipede',NULL,543,11,1,0,0,1,648),
 (544,'whirlipede',NULL,544,11,1,0,0,1,649),
 (545,'scolipede',NULL,545,11,1,0,0,1,650),
 (546,'cottonee',NULL,546,11,1,0,0,1,651),
 (547,'whimsicott',NULL,547,11,1,0,0,1,652),
 (548,'petilil',NULL,548,11,1,0,0,1,653),
 (549,'lilligant',NULL,549,11,1,0,0,1,654),
 (550,'basculin-red-striped','red-striped',550,11,1,0,0,1,655),
 (551,'sandile',NULL,551,11,1,0,0,1,657),
 (552,'krokorok',NULL,552,11,1,0,0,1,658),
 (553,'krookodile',NULL,553,11,1,0,0,1,659),
 (554,'darumaka',NULL,554,11,1,0,0,1,660),
 (555,'darmanitan-standard','standard',555,11,1,0,0,1,661),
 (556,'maractus',NULL,556,11,1,0,0,1,663),
 (557,'dwebble',NULL,557,11,1,0,0,1,664),
 (558,'crustle',NULL,558,11,1,0,0,1,665),
 (559,'scraggy',NULL,559,11,1,0,0,1,666),
 (560,'scrafty',NULL,560,11,1,0,0,1,667),
 (561,'sigilyph',NULL,561,11,1,0,0,1,668),
 (562,'yamask',NULL,562,11,1,0,0,1,669),
 (563,'cofagrigus',NULL,563,11,1,0,0,1,670),
 (564,'tirtouga',NULL,564,11,1,0,0,1,671),
 (565,'carracosta',NULL,565,11,1,0,0,1,672),
 (566,'archen',NULL,566,11,1,0,0,1,673),
 (567,'archeops',NULL,567,11,1,0,0,1,674),
 (568,'trubbish',NULL,568,11,1,0,0,1,675),
 (569,'garbodor',NULL,569,11,1,0,0,1,676),
 (570,'zorua',NULL,570,11,1,0,0,1,677),
 (571,'zoroark',NULL,571,11,1,0,0,1,678),
 (572,'minccino',NULL,572,11,1,0,0,1,679),
 (573,'cinccino',NULL,573,11,1,0,0,1,680),
 (574,'gothita',NULL,574,11,1,0,0,1,681),
 (575,'gothorita',NULL,575,11,1,0,0,1,682),
 (576,'gothitelle',NULL,576,11,1,0,0,1,683),
 (577,'solosis',NULL,577,11,1,0,0,1,684),
 (578,'duosion',NULL,578,11,1,0,0,1,685),
 (579,'reuniclus',NULL,579,11,1,0,0,1,686),
 (580,'ducklett',NULL,580,11,1,0,0,1,687),
 (581,'swanna',NULL,581,11,1,0,0,1,688),
 (582,'vanillite',NULL,582,11,1,0,0,1,689),
 (583,'vanillish',NULL,583,11,1,0,0,1,690),
 (584,'vanilluxe',NULL,584,11,1,0,0,1,691),
 (585,'deerling-spring','spring',585,11,1,0,0,1,692),
 (586,'sawsbuck-spring','spring',586,11,1,0,0,1,696),
 (587,'emolga',NULL,587,11,1,0,0,1,700),
 (588,'karrablast',NULL,588,11,1,0,0,1,701),
 (589,'escavalier',NULL,589,11,1,0,0,1,702),
 (590,'foongus',NULL,590,11,1,0,0,1,703),
 (591,'amoonguss',NULL,591,11,1,0,0,1,704),
 (592,'frillish',NULL,592,11,1,0,0,1,705),
 (593,'jellicent',NULL,593,11,1,0,0,1,706),
 (594,'alomomola',NULL,594,11,1,0,0,1,707),
 (595,'joltik',NULL,595,11,1,0,0,1,708),
 (596,'galvantula',NULL,596,11,1,0,0,1,709),
 (597,'ferroseed',NULL,597,11,1,0,0,1,710),
 (598,'ferrothorn',NULL,598,11,1,0,0,1,711),
 (599,'klink',NULL,599,11,1,0,0,1,712),
 (600,'klang',NULL,600,11,1,0,0,1,713),
 (601,'klinklang',NULL,601,11,1,0,0,1,714),
 (602,'tynamo',NULL,602,11,1,0,0,1,715),
 (603,'eelektrik',NULL,603,11,1,0,0,1,716),
 (604,'eelektross',NULL,604,11,1,0,0,1,717),
 (605,'elgyem',NULL,605,11,1,0,0,1,718),
 (606,'beheeyem',NULL,606,11,1,0,0,1,719),
 (607,'litwick',NULL,607,11,1,0,0,1,720),
 (608,'lampent',NULL,608,11,1,0,0,1,721),
 (609,'chandelure',NULL,609,11,1,0,0,1,722),
 (610,'axew',NULL,610,11,1,0,0,1,723),
 (611,'fraxure',NULL,611,11,1,0,0,1,724),
 (612,'haxorus',NULL,612,11,1,0,0,1,725),
 (613,'cubchoo',NULL,613,11,1,0,0,1,726),
 (614,'beartic',NULL,614,11,1,0,0,1,727),
 (615,'cryogonal',NULL,615,11,1,0,0,1,728),
 (616,'shelmet',NULL,616,11,1,0,0,1,729),
 (617,'accelgor',NULL,617,11,1,0,0,1,730),
 (618,'stunfisk',NULL,618,11,1,0,0,1,731),
 (619,'mienfoo',NULL,619,11,1,0,0,1,732),
 (620,'mienshao',NULL,620,11,1,0,0,1,733),
 (621,'druddigon',NULL,621,11,1,0,0,1,734),
 (622,'golett',NULL,622,11,1,0,0,1,735),
 (623,'golurk',NULL,623,11,1,0,0,1,736),
 (624,'pawniard',NULL,624,11,1,0,0,1,737),
 (625,'bisharp',NULL,625,11,1,0,0,1,738),
 (626,'bouffalant',NULL,626,11,1,0,0,1,739),
 (627,'rufflet',NULL,627,11,1,0,0,1,740),
 (628,'braviary',NULL,628,11,1,0,0,1,741),
 (629,'vullaby',NULL,629,11,1,0,0,1,742),
 (630,'mandibuzz',NULL,630,11,1,0,0,1,743),
 (631,'heatmor',NULL,631,11,1,0,0,1,744),
 (632,'durant',NULL,632,11,1,0,0,1,745),
 (633,'deino',NULL,633,11,1,0,0,1,746),
 (634,'zweilous',NULL,634,11,1,0,0,1,747),
 (635,'hydreigon',NULL,635,11,1,0,0,1,748),
 (636,'larvesta',NULL,636,11,1,0,0,1,749),
 (637,'volcarona',NULL,637,11,1,0,0,1,750),
 (638,'cobalion',NULL,638,11,1,0,0,1,751),
 (639,'terrakion',NULL,639,11,1,0,0,1,752),
 (640,'virizion',NULL,640,11,1,0,0,1,753),
 (641,'tornadus-incarnate','incarnate',641,11,1,0,0,1,754),
 (642,'thundurus-incarnate','incarnate',642,11,1,0,0,1,756),
 (643,'reshiram',NULL,643,11,1,0,0,1,758),
 (644,'zekrom',NULL,644,11,1,0,0,1,759),
 (645,'landorus-incarnate','incarnate',645,11,1,0,0,1,760),
 (646,'kyurem',NULL,646,11,1,0,0,1,762),
 (647,'keldeo-ordinary','ordinary',647,11,1,0,0,1,765),
 (648,'meloetta-aria','aria',648,11,1,0,0,1,767),
 (649,'genesect',NULL,649,11,1,0,0,1,769),
 (650,'chespin',NULL,650,15,1,0,0,1,771),
 (651,'quilladin',NULL,651,15,1,0,0,1,772),
 (652,'chesnaught',NULL,652,15,1,0,0,1,773),
 (653,'fennekin',NULL,653,15,1,0,0,1,774),
 (654,'braixen',NULL,654,15,1,0,0,1,775),
 (655,'delphox',NULL,655,15,1,0,0,1,776),
 (656,'froakie',NULL,656,15,1,0,0,1,777),
 (657,'frogadier',NULL,657,15,1,0,0,1,778),
 (658,'greninja',NULL,658,15,1,0,0,1,779),
 (659,'bunnelby',NULL,659,15,1,0,0,1,780),
 (660,'diggersby',NULL,660,15,1,0,0,1,781),
 (661,'fletchling',NULL,661,15,1,0,0,1,782),
 (662,'fletchinder',NULL,662,15,1,0,0,1,783),
 (663,'talonflame',NULL,663,15,1,0,0,1,784),
 (664,'scatterbug',NULL,664,15,1,0,0,1,785),
 (665,'spewpa',NULL,665,15,1,0,0,1,786),
 (666,'vivillon-meadow','meadow',666,15,1,0,0,7,793),
 (667,'litleo',NULL,667,15,1,0,0,1,807),
 (668,'pyroar',NULL,668,15,1,0,0,1,808),
 (669,'flabebe-red','red',669,15,1,0,0,1,809),
 (670,'floette-red','red',670,15,1,0,0,1,814),
 (671,'florges-red','red',671,15,1,0,0,1,820),
 (672,'skiddo',NULL,672,15,1,0,0,1,825),
 (673,'gogoat',NULL,673,15,1,0,0,1,826),
 (674,'pancham',NULL,674,15,1,0,0,1,827),
 (675,'pangoro',NULL,675,15,1,0,0,1,828),
 (676,'furfrou-natural','natural',676,15,1,0,0,1,829),
 (677,'espurr',NULL,677,15,1,0,0,1,839),
 (678,'meowstic-male','male',678,15,1,0,0,1,840),
 (679,'honedge',NULL,679,15,1,0,0,1,842),
 (680,'doublade',NULL,680,15,1,0,0,1,843),
 (681,'aegislash-shield','shield',681,15,1,0,0,1,844),
 (682,'spritzee',NULL,682,15,1,0,0,1,846),
 (683,'aromatisse',NULL,683,15,1,0,0,1,847),
 (684,'swirlix',NULL,684,15,1,0,0,1,848),
 (685,'slurpuff',NULL,685,15,1,0,0,1,849),
 (686,'inkay',NULL,686,15,1,0,0,1,850),
 (687,'malamar',NULL,687,15,1,0,0,1,851),
 (688,'binacle',NULL,688,15,1,0,0,1,852),
 (689,'barbaracle',NULL,689,15,1,0,0,1,853),
 (690,'skrelp',NULL,690,15,1,0,0,1,854),
 (691,'dragalge',NULL,691,15,1,0,0,1,855),
 (692,'clauncher',NULL,692,15,1,0,0,1,856),
 (693,'clawitzer',NULL,693,15,1,0,0,1,857),
 (694,'helioptile',NULL,694,15,1,0,0,1,858),
 (695,'heliolisk',NULL,695,15,1,0,0,1,859),
 (696,'tyrunt',NULL,696,15,1,0,0,1,860),
 (697,'tyrantrum',NULL,697,15,1,0,0,1,861),
 (698,'amaura',NULL,698,15,1,0,0,1,862),
 (699,'aurorus',NULL,699,15,1,0,0,1,863),
 (700,'sylveon',NULL,700,15,1,0,0,1,186),
 (701,'hawlucha',NULL,701,15,1,0,0,1,864),
 (702,'dedenne',NULL,702,15,1,0,0,1,865),
 (703,'carbink',NULL,703,15,1,0,0,1,866),
 (704,'goomy',NULL,704,15,1,0,0,1,867),
 (705,'sliggoo',NULL,705,15,1,0,0,1,868),
 (706,'goodra',NULL,706,15,1,0,0,1,869),
 (707,'klefki',NULL,707,15,1,0,0,1,870),
 (708,'phantump',NULL,708,15,1,0,0,1,871),
 (709,'trevenant',NULL,709,15,1,0,0,1,872),
 (710,'pumpkaboo-average','average',710,15,1,0,0,2,874),
 (711,'gourgeist-average','average',711,15,1,0,0,2,878),
 (712,'bergmite',NULL,712,15,1,0,0,1,881),
 (713,'avalugg',NULL,713,15,1,0,0,1,882),
 (714,'noibat',NULL,714,15,1,0,0,1,883),
 (715,'noivern',NULL,715,15,1,0,0,1,884),
 (716,'xerneas-active','active',716,15,1,1,0,2,886),
 (717,'yveltal',NULL,717,15,1,0,0,1,887),
 (718,'zygarde',NULL,718,15,1,0,0,1,888),
 (719,'diancie',NULL,719,15,1,0,0,1,889),
 (720,'hoopa',NULL,720,15,1,0,0,1,891),
 (721,'volcanion',NULL,721,15,1,0,0,1,893),
 (10001,'unown-b','b',201,3,0,0,0,2,257),
 (10002,'unown-c','c',201,3,0,0,0,3,258),
 (10003,'unown-d','d',201,3,0,0,0,4,259),
 (10004,'unown-e','e',201,3,0,0,0,5,260),
 (10005,'unown-f','f',201,3,0,0,0,6,261),
 (10006,'unown-g','g',201,3,0,0,0,7,262),
 (10007,'unown-h','h',201,3,0,0,0,8,263),
 (10008,'unown-i','i',201,3,0,0,0,9,264),
 (10009,'unown-j','j',201,3,0,0,0,10,265),
 (10010,'unown-k','k',201,3,0,0,0,11,266),
 (10011,'unown-l','l',201,3,0,0,0,12,267),
 (10012,'unown-m','m',201,3,0,0,0,13,268),
 (10013,'unown-n','n',201,3,0,0,0,14,269),
 (10014,'unown-o','o',201,3,0,0,0,15,270),
 (10015,'unown-p','p',201,3,0,0,0,16,271),
 (10016,'unown-q','q',201,3,0,0,0,17,272),
 (10017,'unown-r','r',201,3,0,0,0,18,273),
 (10018,'unown-s','s',201,3,0,0,0,19,274),
 (10019,'unown-t','t',201,3,0,0,0,20,275),
 (10020,'unown-u','u',201,3,0,0,0,21,276),
 (10021,'unown-v','v',201,3,0,0,0,22,277),
 (10022,'unown-w','w',201,3,0,0,0,23,278),
 (10023,'unown-x','x',201,3,0,0,0,24,279),
 (10024,'unown-y','y',201,3,0,0,0,25,280),
 (10025,'unown-z','z',201,3,0,0,0,26,281),
 (10026,'unown-exclamation','exclamation',201,5,0,0,0,27,282),
 (10027,'unown-question','question',201,5,0,0,0,27,282),
 (10028,'castform-sunny','sunny',10013,5,1,1,0,2,447),
 (10029,'castform-rainy','rainy',10014,5,1,1,0,3,448),
 (10030,'castform-snowy','snowy',10015,5,1,1,0,4,449),
 (10031,'deoxys-attack','attack',10001,7,1,0,0,2,497),
 (10032,'deoxys-defense','defense',10002,7,1,0,0,3,498),
 (10033,'deoxys-speed','speed',10003,6,1,0,0,4,499),
 (10034,'burmy-sandy','sandy',412,8,0,0,0,2,524),
 (10035,'burmy-trash','trash',412,8,0,0,0,3,525),
 (10036,'wormadam-sandy','sandy',10004,8,1,0,0,2,527),
 (10037,'wormadam-trash','trash',10005,8,1,0,0,3,528),
 (10038,'cherrim-sunshine','sunshine',421,8,0,1,0,2,537),
 (10039,'shellos-east','east',422,8,0,0,0,2,539),
 (10040,'gastrodon-east','east',423,8,0,0,0,2,541),
 (10041,'arceus-bug','bug',493,8,0,0,0,2,596),
 (10042,'arceus-dark','dark',493,8,0,0,0,2,596),
 (10043,'arceus-dragon','dragon',493,8,0,0,0,2,596),
 (10044,'arceus-electric','electric',493,8,0,0,0,2,596),
 (10045,'arceus-fighting','fighting',493,8,0,0,0,2,596),
 (10046,'arceus-fire','fire',493,8,0,0,0,2,596),
 (10047,'arceus-flying','flying',493,8,0,0,0,2,596),
 (10048,'arceus-ghost','ghost',493,8,0,0,0,2,596),
 (10049,'arceus-grass','grass',493,8,0,0,0,2,596),
 (10050,'arceus-ground','ground',493,8,0,0,0,2,596),
 (10051,'arceus-ice','ice',493,8,0,0,0,2,596),
 (10052,'arceus-poison','poison',493,8,0,0,0,2,596),
 (10053,'arceus-psychic','psychic',493,8,0,0,0,2,596),
 (10054,'arceus-rock','rock',493,8,0,0,0,2,596),
 (10055,'arceus-steel','steel',493,8,0,0,0,2,596),
 (10056,'arceus-water','water',493,8,0,0,0,2,596),
 (10057,'arceus-unknown','unknown',493,8,0,0,0,3,597),
 (10058,'rotom-heat','heat',10008,9,1,0,0,2,575),
 (10059,'rotom-wash','wash',10009,9,1,0,0,3,576),
 (10060,'rotom-frost','frost',10010,9,1,0,0,4,577),
 (10061,'rotom-fan','fan',10011,9,1,0,0,5,578),
 (10062,'rotom-mow','mow',10012,9,1,0,0,6,579),
 (10063,'giratina-origin','origin',10007,9,1,0,0,2,588),
 (10064,'shaymin-sky','sky',10006,9,1,0,0,2,594),
 (10065,'pichu-spiky-eared','spiky-eared',172,10,0,0,0,2,32),
 (10066,'basculin-blue-striped','blue-striped',10016,11,1,0,0,2,656),
 (10067,'darmanitan-zen','zen',10017,11,1,1,0,2,662),
 (10068,'deerling-summer','summer',585,11,0,0,0,2,693),
 (10069,'deerling-autumn','autumn',585,11,0,0,0,3,694),
 (10070,'deerling-winter','winter',585,11,0,0,0,4,695),
 (10071,'sawsbuck-summer','summer',586,11,0,0,0,2,697),
 (10072,'sawsbuck-autumn','autumn',586,11,0,0,0,3,698),
 (10073,'sawsbuck-winter','winter',586,11,0,0,0,4,699),
 (10074,'meloetta-pirouette','pirouette',10018,11,1,1,0,2,768),
 (10075,'genesect-douse','douse',649,11,0,0,0,2,770),
 (10076,'genesect-shock','shock',649,11,0,0,0,2,770),
 (10077,'genesect-burn','burn',649,11,0,0,0,2,770),
 (10078,'genesect-chill','chill',649,11,0,0,0,2,770),
 (10079,'tornadus-therian','therian',10019,14,1,0,0,2,755),
 (10080,'thundurus-therian','therian',10020,14,1,0,0,2,757),
 (10081,'landorus-therian','therian',10021,14,1,0,0,2,761),
 (10082,'kyurem-black','black',10022,14,1,0,0,2,763),
 (10083,'kyurem-white','white',10023,14,1,0,0,3,764),
 (10084,'keldeo-resolute','resolute',10024,14,1,0,0,2,766),
 (10085,'arceus-fairy','fairy',493,15,0,0,0,2,596),
 (10086,'vivillon-icy-snow','icy-snow',666,15,0,0,0,1,787),
 (10087,'vivillon-polar','polar',666,15,0,0,0,2,788),
 (10088,'vivillon-tundra','tundra',666,15,0,0,0,3,789),
 (10089,'vivillon-continental','continental',666,15,0,0,0,4,790),
 (10090,'vivillon-garden','garden',666,15,0,0,0,5,791),
 (10091,'vivillon-elegant','elegant',666,15,0,0,0,6,792),
 (10092,'vivillon-modern','modern',666,15,0,0,0,8,794),
 (10093,'vivillon-marine','marine',666,15,0,0,0,9,795),
 (10094,'vivillon-archipelago','archipelago',666,15,0,0,0,10,796),
 (10095,'vivillon-high-plains','high-plains',666,15,0,0,0,11,797),
 (10096,'vivillon-sandstorm','sandstorm',666,15,0,0,0,12,798),
 (10097,'vivillon-river','river',666,15,0,0,0,13,799),
 (10098,'vivillon-monsoon','monsoon',666,15,0,0,0,14,800),
 (10099,'vivillon-savanna','savanna',666,15,0,0,0,15,801),
 (10100,'vivillon-sun','sun',666,15,0,0,0,16,802),
 (10101,'vivillon-ocean','ocean',666,15,0,0,0,17,803),
 (10102,'vivillon-jungle','jungle',666,15,0,0,0,18,804),
 (10103,'flabebe-yellow','yellow',669,15,0,0,0,2,810),
 (10104,'flabebe-orange','orange',669,15,0,0,0,3,811),
 (10105,'flabebe-blue','blue',669,15,0,0,0,4,812),
 (10106,'flabebe-white','white',669,15,0,0,0,5,813),
 (10107,'floette-yellow','yellow',670,15,0,0,0,2,815),
 (10108,'floette-orange','orange',670,15,0,0,0,3,816),
 (10109,'floette-blue','blue',670,15,0,0,0,4,817),
 (10110,'floette-white','white',670,15,0,0,0,5,818),
 (10111,'florges-yellow','yellow',671,15,0,0,0,2,821),
 (10112,'florges-orange','orange',671,15,0,0,0,3,822),
 (10113,'florges-blue','blue',671,15,0,0,0,4,823),
 (10114,'florges-white','white',671,15,0,0,0,5,824),
 (10115,'furfrou-heart','heart',676,15,0,0,0,2,830),
 (10116,'furfrou-star','star',676,15,0,0,0,3,831),
 (10117,'furfrou-diamond','diamond',676,15,0,0,0,4,832),
 (10118,'furfrou-debutante','debutante',676,15,0,0,0,8,836),
 (10119,'furfrou-matron','matron',676,15,0,0,0,9,837),
 (10120,'furfrou-dandy','dandy',676,15,0,0,0,10,838),
 (10121,'furfrou-la-reine','la-reine',676,15,0,0,0,5,833),
 (10122,'furfrou-kabuki','kabuki',676,15,0,0,0,6,834),
 (10123,'furfrou-pharaoh','pharaoh',676,15,0,0,0,7,835),
 (10124,'meowstic-female','female',10025,15,1,0,0,2,841),
 (10125,'aegislash-blade','blade',10026,15,1,1,0,2,845),
 (10126,'pumpkaboo-small','small',10027,15,1,0,0,1,873),
 (10127,'pumpkaboo-large','large',10028,15,1,0,0,3,875),
 (10128,'pumpkaboo-super','super',10029,15,1,0,0,4,876),
 (10129,'gourgeist-small','small',10030,15,1,0,0,1,877),
 (10130,'gourgeist-large','large',10031,15,1,0,0,3,879),
 (10131,'gourgeist-super','super',10032,15,1,0,0,4,880),
 (10132,'xerneas-neutral','neutral',716,15,0,0,0,1,885),
 (10133,'venusaur-mega','mega',10033,15,1,1,1,2,4),
 (10134,'charizard-mega-x','mega-x',10034,15,1,1,1,2,8),
 (10135,'charizard-mega-y','mega-y',10035,15,1,1,1,3,9),
 (10136,'blastoise-mega','mega',10036,15,1,1,1,2,13),
 (10137,'alakazam-mega','mega',10037,15,1,1,1,2,85),
 (10138,'gengar-mega','mega',10038,15,1,1,1,2,118),
 (10139,'kangaskhan-mega','mega',10039,15,1,1,1,2,149),
 (10140,'pinsir-mega','mega',10040,15,1,1,1,2,171),
 (10141,'gyarados-mega','mega',10041,15,1,1,1,2,175),
 (10142,'aerodactyl-mega','mega',10042,15,1,1,1,2,195),
 (10143,'mewtwo-mega-x','mega-x',10043,15,1,1,1,2,205),
 (10144,'mewtwo-mega-y','mega-y',10044,15,1,1,1,3,206),
 (10145,'ampharos-mega','mega',10045,15,1,1,1,2,235),
 (10146,'scizor-mega','mega',10046,15,1,1,1,2,161),
 (10147,'heracross-mega','mega',10047,15,1,1,1,2,296),
 (10148,'houndoom-mega','mega',10048,15,1,1,1,2,315),
 (10149,'tyranitar-mega','mega',10049,15,1,1,1,2,327),
 (10150,'blaziken-mega','mega',10050,15,1,1,1,2,338),
 (10151,'gardevoir-mega','mega',10051,15,1,1,1,2,365),
 (10152,'mawile-mega','mega',10052,15,1,1,1,2,390),
 (10153,'aggron-mega','mega',10053,15,1,1,1,2,394),
 (10154,'medicham-mega','mega',10054,15,1,1,1,2,397),
 (10155,'manectric-mega','mega',10055,15,1,1,1,2,400),
 (10156,'banette-mega','mega',10056,15,1,1,1,2,453),
 (10157,'absol-mega','mega',10057,15,1,1,1,2,461),
 (10158,'garchomp-mega','mega',10058,15,1,1,1,2,558),
 (10159,'lucario-mega','mega',10059,15,1,1,1,2,561),
 (10160,'abomasnow-mega','mega',10060,15,1,1,1,2,573),
 (10161,'vivillon-fancy','fancy',666,15,0,0,0,19,805),
 (10162,'vivillon-poke-ball','poke-ball',666,15,0,0,0,20,806),
 (10163,'floette-eternal','eternal',10061,15,1,0,0,6,819),
 (10164,'latias-mega','mega',10062,15,1,1,1,2,486),
 (10165,'latios-mega','mega',10063,15,1,1,1,2,488),
 (10166,'swampert-mega','mega',10064,16,1,1,1,2,342),
 (10167,'sceptile-mega','mega',10065,16,1,1,1,2,334),
 (10168,'sableye-mega','mega',10066,16,1,1,1,2,388),
 (10169,'altaria-mega','mega',10067,16,1,1,1,2,429),
 (10170,'gallade-mega','mega',10068,16,1,1,1,2,367),
 (10171,'audino-mega','mega',10069,16,1,1,1,2,636),
 (10172,'sharpedo-mega','mega',10070,16,1,1,1,2,412),
 (10173,'slowbro-mega','mega',10071,16,1,1,1,2,101),
 (10174,'steelix-mega','mega',10072,16,1,1,1,2,121),
 (10175,'pidgeot-mega','mega',10073,16,1,1,1,2,24),
 (10176,'glalie-mega','mega',10074,16,1,1,1,2,464),
 (10177,'diancie-mega','mega',10075,16,1,1,1,2,890),
 (10178,'metagross-mega','mega',10076,16,1,1,1,2,481),
 (10179,'kyogre-primal','primal',10077,16,1,1,0,2,490),
 (10180,'groudon-primal','primal',10078,16,1,1,0,2,492),
 (10181,'rayquaza-mega','mega',10079,16,1,1,1,2,494),
 (10182,'pikachu-rock-star','rock-star',10080,16,1,0,0,3,35),
 (10183,'pikachu-belle','belle',10081,16,1,0,0,4,36),
 (10184,'pikachu-pop-star','pop-star',10082,16,1,0,0,5,37),
 (10185,'pikachu-phd','phd',10083,16,1,0,0,6,38),
 (10186,'pikachu-libre','libre',10084,16,1,0,0,7,39),
 (10187,'pikachu-cosplay','cosplay',10085,16,1,0,0,2,34),
 (10188,'hoopa-unbound','unbound',10086,16,1,0,0,2,892),
 (10189,'camerupt-mega','mega',10087,16,1,1,1,2,417),
 (10190,'lopunny-mega','mega',10088,16,1,1,1,2,546),
 (10191,'salamence-mega','mega',10089,16,1,1,1,2,477),
 (10192,'beedrill-mega','mega',10090,16,1,1,1,2,20);
--GO
--DROP TABLE IF EXISTS pokeathlon_stats;
CREATE TABLE pokeathlon_stats (
	id INT NOT NULL, 
	identifier VARCHAR(79) NOT NULL, 
	PRIMARY KEY (id)
);
INSERT INTO [pokeathlon_stats] (id,identifier) VALUES (1,'speed'),
 (2,'power'),
 (3,'skill'),
 (4,'stamina'),
 (5,'jump');
--GO
--DROP TABLE IF EXISTS pokemon_form_pokeathlon_stats;
CREATE TABLE pokemon_form_pokeathlon_stats (
	pokemon_form_id INT NOT NULL, 
	pokeathlon_stat_id INT NOT NULL, 
	minimum_stat INT NOT NULL, 
	base_stat INT NOT NULL, 
	maximum_stat INT NOT NULL, 
	PRIMARY KEY (pokemon_form_id, pokeathlon_stat_id), 
	FOREIGN KEY(pokemon_form_id) REFERENCES pokemon_forms (id) ON UPDATE CASCADE ON DELETE NO ACTION, 
	FOREIGN KEY(pokeathlon_stat_id) REFERENCES pokeathlon_stats (id) ON UPDATE CASCADE ON DELETE NO ACTION
);
INSERT INTO [pokemon_form_pokeathlon_stats] (pokemon_form_id,pokeathlon_stat_id,minimum_stat,base_stat,maximum_stat) VALUES (1,1,2,2,3),
 (1,2,2,2,3),
 (1,3,1,3,4),
 (1,4,1,3,4),
 (1,5,3,3,3),
 (2,1,2,2,2),
 (2,2,1,2,3),
 (2,3,2,4,5),
 (2,4,2,4,5),
 (2,5,3,3,3),
 (3,1,1,1,2),
 (3,2,1,4,5),
 (3,3,1,3,3),
 (3,4,1,5,5),
 (3,5,2,2,2),
 (4,1,3,3,3),
 (4,2,1,1,5),
 (4,3,1,3,4),
 (4,4,1,1,3),
 (4,5,2,3,3),
 (5,1,3,3,3),
 (5,2,2,2,4),
 (5,3,1,3,4),
 (5,4,1,2,2),
 (5,5,2,3,3),
 (6,1,2,3,3),
 (6,2,1,3,3),
 (6,3,1,2,2),
 (6,4,3,4,5),
 (6,5,4,5,5),
 (7,1,1,3,3),
 (7,2,1,1,3),
 (7,3,2,3,4),
 (7,4,2,4,4),
 (7,5,2,2,2),
 (8,1,1,2,4),
 (8,2,2,2,3),
 (8,3,3,4,5),
 (8,4,1,3,4),
 (8,5,2,3,3),
 (9,1,3,3,3),
 (9,2,2,4,5),
 (9,3,1,2,3),
 (9,4,3,4,5),
 (9,5,2,2,3),
 (10,1,1,2,3),
 (10,2,1,1,3),
 (10,3,1,4,4),
 (10,4,1,2,3),
 (10,5,2,2,2),
 (11,1,1,1,3),
 (11,2,1,1,3),
 (11,3,1,1,1),
 (11,4,3,4,5),
 (11,5,2,2,3),
 (12,1,1,2,4),
 (12,2,1,2,3),
 (12,3,1,2,3),
 (12,4,1,2,3),
 (12,5,4,5,5),
 (13,1,1,1,3),
 (13,2,1,2,4),
 (13,3,1,3,4),
 (13,4,1,1,3),
 (13,5,2,2,2),
 (14,1,1,1,3),
 (14,2,1,1,3),
 (14,3,1,1,1),
 (14,4,3,4,5),
 (14,5,2,2,3),
 (15,1,2,3,4),
 (15,2,1,1,4),
 (15,3,2,3,4),
 (15,4,1,2,2),
 (15,5,4,5,5),
 (16,1,2,3,5),
 (16,2,1,2,3),
 (16,3,1,3,4),
 (16,4,1,2,3),
 (16,5,3,3,5),
 (17,1,1,3,4),
 (17,2,1,2,3),
 (17,3,1,2,3),
 (17,4,2,2,4),
 (17,5,4,5,5),
 (18,1,1,3,4),
 (18,2,2,3,5),
 (18,3,1,2,3),
 (18,4,2,3,4),
 (18,5,4,5,5),
 (19,1,3,5,5),
 (19,2,1,1,3),
 (19,3,1,3,3),
 (19,4,1,1,3),
 (19,5,2,2,3),
 (20,1,2,4,5),
 (20,2,2,3,4),
 (20,3,1,3,3),
 (20,4,1,2,3),
 (20,5,2,3,3),
 (21,1,2,3,5),
 (21,2,1,2,4),
 (21,3,1,1,3),
 (21,4,1,1,3),
 (21,5,3,3,5),
 (22,1,2,4,4),
 (22,2,3,4,5),
 (22,3,1,1,3),
 (22,4,1,2,3),
 (22,5,4,5,5),
 (23,1,2,3,5),
 (23,2,1,3,4),
 (23,3,1,3,3),
 (23,4,1,2,3),
 (23,5,2,2,3),
 (24,1,1,3,4),
 (24,2,3,4,5),
 (24,3,1,3,3),
 (24,4,1,2,4),
 (24,5,2,2,3),
 (25,1,1,3,4),
 (25,2,1,3,4),
 (25,3,2,3,4),
 (25,4,1,3,4),
 (25,5,2,3,4),
 (26,1,1,2,3),
 (26,2,2,4,5),
 (26,3,1,4,5),
 (26,4,1,4,5),
 (26,5,2,2,3),
 (27,1,1,3,4),
 (27,2,1,3,3),
 (27,3,2,3,5),
 (27,4,1,2,3),
 (27,5,2,2,3),
 (28,1,1,2,3),
 (28,2,2,3,4),
 (28,3,3,4,5),
 (28,4,1,3,3),
 (28,5,2,2,2),
 (29,1,2,4,5),
 (29,2,1,2,3),
 (29,3,1,2,3),
 (29,4,1,3,3),
 (29,5,2,2,3),
 (30,1,1,3,4),
 (30,2,2,3,4),
 (30,3,1,2,3),
 (30,4,2,3,4),
 (30,5,2,2,3),
 (31,1,1,2,3),
 (31,2,2,4,5),
 (31,3,1,3,3),
 (31,4,3,5,5),
 (31,5,2,2,2),
 (32,1,2,4,5),
 (32,2,1,2,4),
 (32,3,1,2,3),
 (32,4,1,1,2),
 (32,5,2,2,3),
 (33,1,1,3,4),
 (33,2,2,3,4),
 (33,3,1,2,3),
 (33,4,1,2,3),
 (33,5,2,2,3),
 (34,1,1,2,3),
 (34,2,3,5,5),
 (34,3,1,3,3),
 (34,4,1,3,4),
 (34,5,2,2,2),
 (35,1,1,4,5),
 (35,2,1,1,3),
 (35,3,2,3,5),
 (35,4,1,2,4),
 (35,5,2,2,3),
 (36,1,1,3,3),
 (36,2,1,3,3),
 (36,3,3,4,5),
 (36,4,2,3,5),
 (36,5,2,2,3),
 (37,1,2,4,5),
 (37,2,1,2,3),
 (37,3,2,3,4),
 (37,4,1,2,3),
 (37,5,2,3,3),
 (38,1,2,3,4),
 (38,2,1,2,3),
 (38,3,2,4,5),
 (38,4,1,2,3),
 (38,5,2,3,3),
 (39,1,2,3,5),
 (39,2,1,2,3),
 (39,3,2,2,4),
 (39,4,1,3,5),
 (39,5,2,3,3),
 (40,1,1,2,3),
 (40,2,1,3,4),
 (40,3,2,3,4),
 (40,4,3,4,5),
 (40,5,2,2,3),
 (41,1,4,4,5),
 (41,2,1,1,3),
 (41,3,1,1,4),
 (41,4,1,1,3),
 (41,5,5,5,5),
 (42,1,3,4,5),
 (42,2,1,2,3),
 (42,3,1,1,3),
 (42,4,2,3,4),
 (42,5,3,5,5),
 (43,1,1,3,5),
 (43,2,1,1,3),
 (43,3,1,2,3),
 (43,4,1,4,4),
 (43,5,2,3,3),
 (44,1,1,2,4),
 (44,2,1,1,3),
 (44,3,1,2,4),
 (44,4,2,4,5),
 (44,5,2,3,3),
 (45,1,1,2,2),
 (45,2,1,3,3),
 (45,3,1,3,3),
 (45,4,2,5,5),
 (45,5,2,2,3),
 (46,1,1,2,5),
 (46,2,1,1,3),
 (46,3,1,3,4),
 (46,4,1,3,3),
 (46,5,2,2,3),
 (47,1,1,1,3),
 (47,2,2,2,4),
 (47,3,1,3,4),
 (47,4,2,5,5),
 (47,5,2,2,3),
 (48,1,2,4,5),
 (48,2,1,2,3),
 (48,3,1,2,3),
 (48,4,1,3,4),
 (48,5,2,2,3),
 (49,1,1,3,3),
 (49,2,1,2,4),
 (49,3,1,3,3),
 (49,4,1,1,3),
 (49,5,4,5,5),
 (50,1,3,4,5),
 (50,2,1,1,2),
 (50,3,1,3,4),
 (50,4,1,3,4),
 (50,5,1,1,1),
 (51,1,3,4,5),
 (51,2,3,3,4),
 (51,3,1,2,3),
 (51,4,3,4,4),
 (51,5,1,1,1),
 (52,1,2,4,4),
 (52,2,1,1,2),
 (52,3,1,4,4),
 (52,4,1,1,1),
 (52,5,2,3,4),
 (53,1,2,4,5),
 (53,2,1,2,3),
 (53,3,1,3,5),
 (53,4,1,1,1),
 (53,5,3,4,4),
 (54,1,1,2,5),
 (54,2,1,2,5),
 (54,3,1,2,5),
 (54,4,1,2,5),
 (54,5,2,2,4),
 (55,1,2,3,3),
 (55,2,2,3,4),
 (55,3,2,2,3),
 (55,4,3,4,4),
 (55,5,3,3,4),
 (56,1,2,3,4),
 (56,2,1,2,3),
 (56,3,2,4,5),
 (56,4,1,1,2),
 (56,5,2,2,3),
 (57,1,1,3,3),
 (57,2,3,4,5),
 (57,3,1,1,1),
 (57,4,1,2,3),
 (57,5,2,2,3),
 (58,1,2,3,4),
 (58,2,1,2,4),
 (58,3,2,3,4),
 (58,4,1,2,3),
 (58,5,2,3,4),
 (59,1,3,4,5),
 (59,2,3,4,5),
 (59,3,1,1,2),
 (59,4,1,2,3),
 (59,5,2,2,3),
 (60,1,1,3,4),
 (60,2,1,1,2),
 (60,3,1,2,3),
 (60,4,2,3,5),
 (60,5,2,2,4),
 (61,1,2,2,3),
 (61,2,1,2,3),
 (61,3,2,3,4),
 (61,4,3,3,4),
 (61,5,2,3,4),
 (62,1,1,1,2),
 (62,2,3,5,5),
 (62,3,1,3,4),
 (62,4,1,4,5),
 (62,5,2,2,2),
 (63,1,1,1,5),
 (63,2,1,1,1),
 (63,3,1,4,5),
 (63,4,1,1,4),
 (63,5,2,3,5),
 (64,1,2,3,4),
 (64,2,1,1,3),
 (64,3,3,4,5),
 (64,4,2,2,3),
 (64,5,2,2,3),
 (65,1,1,3,4),
 (65,2,1,1,1),
 (65,3,5,5,5),
 (65,4,1,1,1),
 (65,5,2,2,2),
 (66,1,2,3,4),
 (66,2,2,3,4),
 (66,3,1,1,3),
 (66,4,1,2,3),
 (66,5,2,2,2),
 (67,1,2,2,2),
 (67,2,2,4,4),
 (67,3,2,2,3),
 (67,4,3,3,4),
 (67,5,2,2,2),
 (68,1,1,1,2),
 (68,2,3,5,5),
 (68,3,1,4,4),
 (68,4,1,3,3),
 (68,5,2,2,2),
 (69,1,1,1,2),
 (69,2,1,1,2),
 (69,3,1,2,2),
 (69,4,1,3,5),
 (69,5,2,2,3),
 (70,1,1,1,2),
 (70,2,2,3,3),
 (70,3,1,2,2),
 (70,4,2,4,4),
 (70,5,2,3,3),
 (71,1,1,1,1),
 (71,2,2,4,4),
 (71,3,1,3,4),
 (71,4,2,4,4),
 (71,5,2,3,3),
 (72,1,1,2,3),
 (72,2,1,2,3),
 (72,3,1,3,5),
 (72,4,2,3,4),
 (72,5,2,2,3),
 (73,1,1,1,2),
 (73,2,1,3,3),
 (73,3,2,4,4),
 (73,4,2,3,4),
 (73,5,2,2,3),
 (74,1,1,1,2),
 (74,2,2,3,3),
 (74,3,1,1,2),
 (74,4,2,3,4),
 (74,5,2,2,2),
 (75,1,1,1,2),
 (75,2,2,4,4),
 (75,3,1,2,2),
 (75,4,3,3,4),
 (75,5,2,2,2),
 (76,1,1,2,2),
 (76,2,3,4,4),
 (76,3,1,1,2),
 (76,4,2,4,4),
 (76,5,2,2,2),
 (77,1,2,3,5),
 (77,2,1,2,2),
 (77,3,1,2,2),
 (77,4,2,3,3),
 (77,5,4,4,4),
 (78,1,3,5,5),
 (78,2,1,2,3),
 (78,3,1,2,2),
 (78,4,1,3,4),
 (78,5,3,3,4),
 (79,1,1,1,1),
 (79,2,1,2,2),
 (79,3,1,2,5),
 (79,4,2,4,5),
 (79,5,2,2,2),
 (80,1,1,1,1),
 (80,2,1,3,3),
 (80,3,1,2,5),
 (80,4,3,5,5),
 (80,5,2,2,3),
 (81,1,2,4,4),
 (81,2,1,1,2),
 (81,3,1,3,4),
 (81,4,1,1,2),
 (81,5,2,3,4),
 (82,1,1,3,3),
 (82,2,1,2,3),
 (82,3,3,4,4),
 (82,4,1,3,4),
 (82,5,2,3,4),
 (83,1,1,2,3),
 (83,2,1,2,4),
 (83,3,1,2,3),
 (83,4,2,3,3),
 (83,5,2,3,4),
 (84,1,2,4,5),
 (84,2,1,2,3),
 (84,3,1,2,3),
 (84,4,2,2,4),
 (84,5,2,2,3),
 (85,1,3,4,5),
 (85,2,3,4,4),
 (85,3,1,2,2),
 (85,4,1,2,2),
 (85,5,2,3,3),
 (86,1,1,2,3),
 (86,2,1,2,3),
 (86,3,1,2,2),
 (86,4,2,3,4),
 (86,5,2,2,3),
 (87,1,1,2,2),
 (87,2,1,3,3),
 (87,3,1,2,2),
 (87,4,3,4,5),
 (87,5,2,2,2),
 (88,1,1,1,1),
 (88,2,1,3,4),
 (88,3,1,2,2),
 (88,4,2,4,5),
 (88,5,2,2,2),
 (89,1,1,1,5),
 (89,2,1,4,4),
 (89,3,1,1,5),
 (89,4,1,5,5),
 (89,5,2,2,5),
 (90,1,1,2,3),
 (90,2,1,3,3),
 (90,3,1,2,2),
 (90,4,2,3,4),
 (90,5,2,2,2),
 (91,1,1,1,2),
 (91,2,2,4,5),
 (91,3,1,1,1),
 (91,4,2,4,4),
 (91,5,2,2,2),
 (92,1,2,4,4),
 (92,2,1,1,1),
 (92,3,2,4,4),
 (92,4,1,1,2),
 (92,5,2,3,4),
 (93,1,2,3,4),
 (93,2,1,1,1),
 (93,3,2,4,5),
 (93,4,2,3,4),
 (93,5,2,3,4),
 (94,1,2,2,3),
 (94,2,1,2,3),
 (94,3,4,5,5),
 (94,4,2,4,4),
 (94,5,2,2,3),
 (95,1,2,3,4),
 (95,2,1,2,2),
 (95,3,1,1,2),
 (95,4,2,4,4),
 (95,5,2,2,3),
 (96,1,1,1,2),
 (96,2,2,3,4),
 (96,3,1,2,3),
 (96,4,2,4,5),
 (96,5,2,2,3),
 (97,1,1,2,3),
 (97,2,1,2,3),
 (97,3,2,4,5),
 (97,4,1,3,3),
 (97,5,2,3,3),
 (98,1,1,2,3),
 (98,2,1,4,4),
 (98,3,1,1,3),
 (98,4,1,3,4),
 (98,5,2,2,3),
 (99,1,1,1,2),
 (99,2,3,4,5),
 (99,3,1,2,3),
 (99,4,3,4,5),
 (99,5,2,2,2),
 (100,1,3,5,5),
 (100,2,1,1,2),
 (100,3,1,3,3),
 (100,4,1,1,2),
 (100,5,3,4,5),
 (101,1,5,5,5),
 (101,2,1,2,3),
 (101,3,1,2,3),
 (101,4,1,3,4),
 (101,5,2,2,4),
 (102,1,1,3,3),
 (102,2,1,2,3),
 (102,3,1,2,3),
 (102,4,3,4,4),
 (102,5,2,2,3),
 (103,1,1,2,3),
 (103,2,1,3,4),
 (103,3,2,3,3),
 (103,4,3,4,4),
 (103,5,2,2,3),
 (104,1,2,4,4),
 (104,2,1,2,5),
 (104,3,1,3,3),
 (104,4,1,2,3),
 (104,5,2,3,3),
 (105,1,1,2,3),
 (105,2,1,4,5),
 (105,3,1,3,3),
 (105,4,2,4,4),
 (105,5,2,2,2),
 (106,1,1,3,3),
 (106,2,2,4,4),
 (106,3,1,2,3),
 (106,4,1,2,3),
 (106,5,2,4,4),
 (107,1,1,3,3),
 (107,2,1,3,4),
 (107,3,1,3,5),
 (107,4,2,4,4),
 (107,5,2,2,3),
 (108,1,1,2,3),
 (108,2,1,3,4),
 (108,3,1,2,3),
 (108,4,3,4,5),
 (108,5,2,2,3),
 (109,1,1,2,3),
 (109,2,1,2,3),
 (109,3,1,3,3),
 (109,4,2,4,4),
 (109,5,2,2,3),
 (110,1,1,2,2),
 (110,2,1,3,4),
 (110,3,1,2,3),
 (110,4,2,4,4),
 (110,5,2,2,3),
 (111,1,1,2,5),
 (111,2,1,3,5),
 (111,3,1,1,2),
 (111,4,1,3,4),
 (111,5,2,2,2),
 (112,1,1,2,2),
 (112,2,2,4,5),
 (112,3,1,2,3),
 (112,4,2,4,5),
 (112,5,2,2,3),
 (113,1,1,2,3),
 (113,2,1,1,4),
 (113,3,1,1,4),
 (113,4,3,5,5),
 (113,5,2,3,3),
 (114,1,1,2,3),
 (114,2,1,2,4),
 (114,3,1,4,4),
 (114,4,1,3,4),
 (114,5,2,2,3),
 (115,1,1,2,4),
 (115,2,1,3,5),
 (115,3,1,2,4),
 (115,4,1,3,5),
 (115,5,2,2,2),
 (116,1,2,3,4),
 (116,2,1,1,3),
 (116,3,2,3,3),
 (116,4,1,2,3),
 (116,5,2,3,3),
 (117,1,1,2,3),
 (117,2,1,2,3),
 (117,3,3,4,4),
 (117,4,2,3,4),
 (117,5,2,2,3),
 (118,1,2,3,4),
 (118,2,1,2,4),
 (118,3,1,2,3),
 (118,4,1,1,2),
 (118,5,2,3,3),
 (119,1,2,2,4),
 (119,2,2,3,4),
 (119,3,1,2,3),
 (119,4,1,3,3),
 (119,5,2,2,3),
 (120,1,3,4,5),
 (120,2,1,1,3),
 (120,3,1,3,3),
 (120,4,1,2,3),
 (120,5,2,3,3),
 (121,1,2,4,5),
 (121,2,1,2,5),
 (121,3,1,3,3),
 (121,4,1,2,3),
 (121,5,2,4,4),
 (122,1,1,2,3),
 (122,2,1,2,3),
 (122,3,2,4,5),
 (122,4,2,3,4),
 (122,5,2,3,3),
 (123,1,1,3,4),
 (123,2,1,3,4),
 (123,3,1,3,5),
 (123,4,1,2,2),
 (123,5,4,4,5),
 (124,1,1,2,3),
 (124,2,1,2,3),
 (124,3,2,4,5),
 (124,4,2,3,4),
 (124,5,2,2,3),
 (125,1,1,3,4),
 (125,2,1,3,4),
 (125,3,2,3,4),
 (125,4,2,3,4),
 (125,5,2,3,3),
 (126,1,1,2,2),
 (126,2,1,2,3),
 (126,3,2,4,5),
 (126,4,2,4,5),
 (126,5,2,2,3),
 (127,1,1,2,2),
 (127,2,3,4,5),
 (127,3,1,3,4),
 (127,4,1,4,5),
 (127,5,2,2,3),
 (128,1,1,3,4),
 (128,2,1,4,5),
 (128,3,1,2,2),
 (128,4,1,2,5),
 (128,5,2,2,2),
 (129,1,1,1,5),
 (129,2,1,1,4),
 (129,3,1,1,3),
 (129,4,1,1,5),
 (129,5,2,2,4),
 (130,1,1,2,3),
 (130,2,3,5,5),
 (130,3,1,1,2),
 (130,4,2,3,4),
 (130,5,3,4,5),
 (131,1,1,2,3),
 (131,2,3,3,4),
 (131,3,2,3,4),
 (131,4,4,4,5),
 (131,5,2,3,3),
 (132,1,1,2,5),
 (132,2,1,2,5),
 (132,3,1,2,5),
 (132,4,1,2,5),
 (132,5,2,2,5),
 (133,1,1,2,4),
 (133,2,1,2,4),
 (133,3,1,2,4),
 (133,4,1,2,4),
 (133,5,2,2,3),
 (134,1,1,2,3),
 (134,2,1,1,3),
 (134,3,3,4,5),
 (134,4,3,3,5),
 (134,5,2,3,3),
 (135,1,2,4,5),
 (135,2,1,2,3),
 (135,3,1,4,5),
 (135,4,1,2,2),
 (135,5,2,3,3),
 (136,1,1,3,4),
 (136,2,3,4,5),
 (136,3,1,2,3),
 (136,4,1,2,3),
 (136,5,2,3,3),
 (137,1,1,2,3),
 (137,2,1,2,3),
 (137,3,1,2,3),
 (137,4,2,5,5),
 (137,5,2,2,3),
 (138,1,1,2,3),
 (138,2,1,2,3),
 (138,3,1,3,4),
 (138,4,1,3,4),
 (138,5,2,2,3),
 (139,1,1,2,3),
 (139,2,2,3,4),
 (139,3,1,4,4),
 (139,4,1,2,3),
 (139,5,2,2,2),
 (140,1,1,3,4),
 (140,2,1,2,4),
 (140,3,1,2,3),
 (140,4,1,2,3),
 (140,5,2,2,3),
 (141,1,1,3,5),
 (141,2,1,4,5),
 (141,3,1,2,3),
 (141,4,1,1,3),
 (141,5,2,2,3),
 (142,1,1,5,5),
 (142,2,1,2,3),
 (142,3,1,2,2),
 (142,4,1,2,3),
 (142,5,4,5,5),
 (143,1,1,1,2),
 (143,2,2,4,5),
 (143,3,1,1,3),
 (143,4,3,5,5),
 (143,5,2,2,2),
 (144,1,1,3,4),
 (144,2,1,3,4),
 (144,3,1,5,5),
 (144,4,1,3,3),
 (144,5,4,5,5),
 (145,1,1,5,5),
 (145,2,1,3,5),
 (145,3,1,4,5),
 (145,4,1,2,3),
 (145,5,4,5,5),
 (146,1,1,3,4),
 (146,2,1,3,5),
 (146,3,1,4,5),
 (146,4,1,4,5),
 (146,5,4,5,5),
 (147,1,1,4,5),
 (147,2,1,2,3),
 (147,3,1,2,3),
 (147,4,2,3,4),
 (147,5,2,2,3),
 (148,1,1,3,4),
 (148,2,1,2,3),
 (148,3,1,3,4),
 (148,4,1,3,3),
 (148,5,2,4,5),
 (149,1,1,2,5),
 (149,2,1,5,5),
 (149,3,1,2,3),
 (149,4,1,3,4),
 (149,5,2,5,5),
 (150,1,1,5,5),
 (150,2,1,3,5),
 (150,3,1,5,5),
 (150,4,1,3,4),
 (150,5,2,3,4),
 (151,1,1,4,5),
 (151,2,1,2,5),
 (151,3,1,5,5),
 (151,4,1,4,5),
 (151,5,2,3,5),
 (152,1,1,3,4),
 (152,2,1,2,3),
 (152,3,1,2,4),
 (152,4,2,4,5),
 (152,5,2,3,3),
 (153,1,1,2,3),
 (153,2,1,2,3),
 (153,3,1,4,5),
 (153,4,2,4,5),
 (153,5,2,2,3),
 (154,1,1,2,2),
 (154,2,1,3,5),
 (154,3,1,5,5),
 (154,4,2,5,5),
 (154,5,2,2,2),
 (155,1,2,4,5),
 (155,2,1,2,4),
 (155,3,1,3,3),
 (155,4,1,1,3),
 (155,5,2,3,3),
 (156,1,2,4,5),
 (156,2,1,3,4),
 (156,3,1,2,3),
 (156,4,1,3,4),
 (156,5,2,2,3),
 (157,1,1,2,4),
 (157,2,1,5,5),
 (157,3,1,2,3),
 (157,4,1,4,5),
 (157,5,2,2,3),
 (158,1,1,3,4),
 (158,2,2,4,5),
 (158,3,1,2,3),
 (158,4,1,2,3),
 (158,5,2,3,3),
 (159,1,1,2,3),
 (159,2,2,4,5),
 (159,3,1,2,3),
 (159,4,1,4,5),
 (159,5,2,3,3),
 (160,1,1,4,4),
 (160,2,2,4,5),
 (160,3,1,3,4),
 (160,4,1,3,4),
 (160,5,2,2,2),
 (161,1,2,4,5),
 (161,2,1,2,3),
 (161,3,1,2,4),
 (161,4,1,2,4),
 (161,5,2,3,4),
 (162,1,3,5,5),
 (162,2,1,2,3),
 (162,3,1,2,3),
 (162,4,1,2,3),
 (162,5,2,3,3),
 (163,1,1,2,3),
 (163,2,1,2,3),
 (163,3,1,3,5),
 (163,4,1,2,3),
 (163,5,2,4,4),
 (164,1,1,3,3),
 (164,2,1,2,3),
 (164,3,1,2,3),
 (164,4,1,3,4),
 (164,5,4,4,5),
 (165,1,2,4,5),
 (165,2,1,1,2),
 (165,3,1,3,5),
 (165,4,1,1,3),
 (165,5,3,4,5),
 (166,1,2,4,5),
 (166,2,1,1,2),
 (166,3,1,3,5),
 (166,4,1,2,3),
 (166,5,3,5,5),
 (167,1,1,3,4),
 (167,2,1,2,3),
 (167,3,1,4,4),
 (167,4,1,1,4),
 (167,5,2,2,3),
 (168,1,1,4,4),
 (168,2,1,3,3),
 (168,3,1,3,4),
 (168,4,1,2,4),
 (168,5,2,2,3),
 (169,1,3,5,5),
 (169,2,1,1,3),
 (169,3,1,3,3),
 (169,4,1,2,2),
 (169,5,5,5,5),
 (170,1,1,3,4),
 (170,2,1,2,3),
 (170,3,1,3,5),
 (170,4,1,2,4),
 (170,5,2,2,3),
 (171,1,1,3,3),
 (171,2,1,2,3),
 (171,3,1,3,3),
 (171,4,2,4,4),
 (171,5,2,3,4),
 (172,1,3,4,4),
 (172,2,1,1,3),
 (172,3,1,4,5),
 (172,4,1,1,3),
 (172,5,2,3,3),
 (173,1,2,4,5),
 (173,2,1,1,2),
 (173,3,1,3,4),
 (173,4,1,3,3),
 (173,5,2,2,3),
 (174,1,1,3,4),
 (174,2,1,1,3),
 (174,3,1,2,3),
 (174,4,2,3,4),
 (174,5,2,3,4),
 (175,1,1,4,5),
 (175,2,1,1,3),
 (175,3,1,2,3),
 (175,4,1,4,5),
 (175,5,2,3,4),
 (176,1,1,3,4),
 (176,2,1,2,5),
 (176,3,1,3,3),
 (176,4,1,4,5),
 (176,5,3,4,5),
 (177,1,2,3,4),
 (177,2,1,2,3),
 (177,3,1,2,2),
 (177,4,1,3,4),
 (177,5,2,3,4),
 (178,1,1,2,3),
 (178,2,1,3,3),
 (178,3,1,3,3),
 (178,4,1,4,4),
 (178,5,2,3,4),
 (179,1,1,2,3),
 (179,2,1,3,3),
 (179,3,1,2,3),
 (179,4,2,4,4),
 (179,5,2,2,2),
 (180,1,1,2,3),
 (180,2,1,3,3),
 (180,3,1,3,3),
 (180,4,2,4,4),
 (180,5,2,3,3),
 (181,1,1,1,3),
 (181,2,2,3,4),
 (181,3,1,3,4),
 (181,4,2,4,5),
 (181,5,2,3,3),
 (182,1,1,3,4),
 (182,2,1,2,3),
 (182,3,3,4,5),
 (182,4,1,3,3),
 (182,5,2,3,4),
 (183,1,1,3,4),
 (183,2,2,4,5),
 (183,3,1,2,3),
 (183,4,1,2,3),
 (183,5,2,3,3),
 (184,1,1,2,3),
 (184,2,3,5,5),
 (184,3,1,3,3),
 (184,4,1,3,4),
 (184,5,2,2,2),
 (185,1,1,2,2),
 (185,2,2,3,4),
 (185,3,1,3,4),
 (185,4,4,4,5),
 (185,5,2,2,3),
 (186,1,1,3,3),
 (186,2,1,3,4),
 (186,3,1,3,4),
 (186,4,1,3,4),
 (186,5,2,4,4),
 (187,1,1,3,5),
 (187,2,1,1,2),
 (187,3,1,1,1),
 (187,4,1,1,1),
 (187,5,4,5,5),
 (188,1,1,4,5),
 (188,2,1,2,3),
 (188,3,1,1,1),
 (188,4,1,2,2),
 (188,5,4,5,5),
 (189,1,1,4,5),
 (189,2,1,1,3),
 (189,3,1,2,2),
 (189,4,1,2,2),
 (189,5,4,5,5),
 (190,1,1,4,4),
 (190,2,1,2,3),
 (190,3,1,4,4),
 (190,4,1,2,3),
 (190,5,2,3,4),
 (191,1,1,3,5),
 (191,2,1,1,5),
 (191,3,1,1,5),
 (191,4,1,1,5),
 (191,5,2,2,5),
 (192,1,1,2,2),
 (192,2,2,3,5),
 (192,3,1,3,3),
 (192,4,2,4,5),
 (192,5,2,2,3),
 (193,1,1,3,5),
 (193,2,1,2,2),
 (193,3,1,1,1),
 (193,4,1,2,3),
 (193,5,5,5,5),
 (194,1,1,3,3),
 (194,2,1,2,3),
 (194,3,1,2,3),
 (194,4,1,4,4),
 (194,5,2,2,3),
 (195,1,1,1,2),
 (195,2,1,3,4),
 (195,3,1,3,4),
 (195,4,3,5,5),
 (195,5,2,2,2),
 (196,1,1,3,3),
 (196,2,1,2,3),
 (196,3,1,4,5),
 (196,4,1,2,2),
 (196,5,2,3,4),
 (197,1,1,2,3),
 (197,2,1,4,4),
 (197,3,1,2,2),
 (197,4,1,4,5),
 (197,5,2,3,3),
 (198,1,1,3,4),
 (198,2,1,2,3),
 (198,3,1,3,4),
 (198,4,1,3,4),
 (198,5,3,4,4),
 (199,1,1,2,3),
 (199,2,1,2,3),
 (199,3,5,5,5),
 (199,4,1,2,3),
 (199,5,2,2,3),
 (200,1,1,3,4),
 (200,2,1,1,2),
 (200,3,1,3,3),
 (200,4,1,2,2);
INSERT INTO [pokemon_form_pokeathlon_stats] (pokemon_form_id,pokeathlon_stat_id,minimum_stat,base_stat,maximum_stat) VALUES
 (200,5,5,5,5),
 (201,1,1,2,4),
 (201,2,1,2,3),
 (201,3,1,2,4),
 (201,4,1,2,4),
 (201,5,2,2,5),
 (202,1,1,1,2),
 (202,2,1,3,4),
 (202,3,1,3,5),
 (202,4,3,5,5),
 (202,5,2,2,3),
 (203,1,1,3,4),
 (203,2,1,3,4),
 (203,3,1,3,4),
 (203,4,1,2,3),
 (203,5,2,2,3),
 (204,1,1,2,3),
 (204,2,1,2,5),
 (204,3,1,3,4),
 (204,4,1,3,5),
 (204,5,2,3,3),
 (205,1,1,1,2),
 (205,2,1,4,4),
 (205,3,1,3,4),
 (205,4,1,4,5),
 (205,5,2,2,3),
 (206,1,1,2,3),
 (206,2,1,3,4),
 (206,3,1,1,2),
 (206,4,1,3,4),
 (206,5,2,4,5),
 (207,1,1,3,4),
 (207,2,1,2,3),
 (207,3,1,3,3),
 (207,4,1,2,2),
 (207,5,4,5,5),
 (208,1,1,1,2),
 (208,2,3,5,5),
 (208,3,1,2,2),
 (208,4,3,5,5),
 (208,5,2,2,2),
 (209,1,1,3,3),
 (209,2,1,3,5),
 (209,3,1,4,4),
 (209,4,1,3,3),
 (209,5,2,2,3),
 (210,1,1,2,2),
 (210,2,1,4,5),
 (210,3,1,4,4),
 (210,4,1,3,3),
 (210,5,2,2,2),
 (211,1,1,3,3),
 (211,2,1,3,4),
 (211,3,1,2,3),
 (211,4,1,4,5),
 (211,5,2,2,3),
 (212,1,1,2,2),
 (212,2,3,4,5),
 (212,3,1,2,5),
 (212,4,2,4,5),
 (212,5,2,2,3),
 (213,1,1,1,2),
 (213,2,1,1,4),
 (213,3,1,1,2),
 (213,4,5,5,5),
 (213,5,2,2,2),
 (214,1,1,3,3),
 (214,2,1,4,5),
 (214,3,1,3,3),
 (214,4,1,2,3),
 (214,5,2,2,3),
 (215,1,4,5,5),
 (215,2,1,2,3),
 (215,3,2,4,5),
 (215,4,1,1,1),
 (215,5,2,3,4),
 (216,1,1,3,3),
 (216,2,1,3,3),
 (216,3,1,4,4),
 (216,4,2,4,5),
 (216,5,2,2,3),
 (217,1,1,2,3),
 (217,2,2,4,5),
 (217,3,1,2,3),
 (217,4,3,5,5),
 (217,5,2,2,2),
 (218,1,1,1,2),
 (218,2,1,2,3),
 (218,3,1,2,3),
 (218,4,2,4,4),
 (218,5,2,2,2),
 (219,1,1,1,1),
 (219,2,1,4,4),
 (219,3,1,2,2),
 (219,4,1,4,5),
 (219,5,2,2,2),
 (220,1,1,3,3),
 (220,2,1,2,4),
 (220,3,1,2,2),
 (220,4,2,3,4),
 (220,5,2,2,3),
 (221,1,1,2,2),
 (221,2,1,3,4),
 (221,3,1,1,2),
 (221,4,2,4,5),
 (221,5,2,2,2),
 (222,1,1,4,4),
 (222,2,1,2,3),
 (222,3,1,2,3),
 (222,4,1,3,3),
 (222,5,2,3,3),
 (223,1,1,3,3),
 (223,2,1,2,3),
 (223,3,2,4,5),
 (223,4,1,2,3),
 (223,5,2,3,3),
 (224,1,1,2,2),
 (224,2,1,4,4),
 (224,3,1,3,4),
 (224,4,1,4,5),
 (224,5,2,2,2),
 (225,1,1,3,3),
 (225,2,1,3,3),
 (225,3,1,3,4),
 (225,4,1,4,5),
 (225,5,2,3,3),
 (226,1,1,3,4),
 (226,2,1,3,4),
 (226,3,1,3,3),
 (226,4,2,4,5),
 (226,5,2,2,3),
 (227,1,1,4,5),
 (227,2,1,3,3),
 (227,3,1,1,2),
 (227,4,1,2,4),
 (227,5,3,5,5),
 (228,1,1,4,4),
 (228,2,1,2,3),
 (228,3,1,4,4),
 (228,4,1,3,3),
 (228,5,2,3,4),
 (229,1,1,4,4),
 (229,2,1,3,3),
 (229,3,1,2,2),
 (229,4,1,3,4),
 (229,5,2,3,4),
 (230,1,1,2,5),
 (230,2,1,4,4),
 (230,3,1,3,3),
 (230,4,1,4,5),
 (230,5,2,2,2),
 (231,1,1,3,3),
 (231,2,2,4,5),
 (231,3,1,3,3),
 (231,4,1,3,4),
 (231,5,2,2,3),
 (232,1,1,2,4),
 (232,2,4,5,5),
 (232,3,1,2,2),
 (232,4,1,4,4),
 (232,5,2,2,2),
 (233,1,1,3,4),
 (233,2,1,3,4),
 (233,3,1,4,4),
 (233,4,1,3,4),
 (233,5,2,3,4),
 (234,1,1,3,3),
 (234,2,1,4,4),
 (234,3,1,3,3),
 (234,4,1,3,4),
 (234,5,2,3,3),
 (235,1,1,3,3),
 (235,2,1,2,3),
 (235,3,4,5,5),
 (235,4,1,3,3),
 (235,5,2,3,3),
 (236,1,1,4,4),
 (236,2,1,2,4),
 (236,3,1,4,4),
 (236,4,1,2,2),
 (236,5,2,3,3),
 (237,1,1,3,3),
 (237,2,1,3,3),
 (237,3,1,5,5),
 (237,4,1,3,3),
 (237,5,2,3,3),
 (238,1,1,4,4),
 (238,2,1,1,2),
 (238,3,1,3,4),
 (238,4,1,1,3),
 (238,5,2,3,3),
 (239,1,1,4,4),
 (239,2,1,2,3),
 (239,3,1,3,3),
 (239,4,1,1,2),
 (239,5,2,3,3),
 (240,1,1,3,3),
 (240,2,1,3,3),
 (240,3,1,3,3),
 (240,4,1,2,3),
 (240,5,2,2,3),
 (241,1,1,2,3),
 (241,2,1,4,4),
 (241,3,1,3,4),
 (241,4,1,4,5),
 (241,5,2,2,3),
 (242,1,1,2,3),
 (242,2,1,2,3),
 (242,3,1,3,3),
 (242,4,5,5,5),
 (242,5,2,2,3),
 (243,1,4,5,5),
 (243,2,2,3,4),
 (243,3,1,4,4),
 (243,4,1,3,3),
 (243,5,2,3,3),
 (244,1,1,4,4),
 (244,2,4,5,5),
 (244,3,1,3,3),
 (244,4,1,4,4),
 (244,5,2,2,3),
 (245,1,2,4,5),
 (245,2,2,3,4),
 (245,3,1,4,5),
 (245,4,2,3,3),
 (245,5,2,4,4),
 (246,1,1,3,3),
 (246,2,1,2,4),
 (246,3,1,3,4),
 (246,4,1,3,3),
 (246,5,2,3,3),
 (247,1,1,3,4),
 (247,2,2,4,4),
 (247,3,1,1,1),
 (247,4,1,3,4),
 (247,5,2,2,4),
 (248,1,1,2,2),
 (248,2,4,5,5),
 (248,3,1,4,4),
 (248,4,3,4,5),
 (248,5,2,2,2),
 (249,1,1,4,4),
 (249,2,2,4,5),
 (249,3,1,3,4),
 (249,4,1,3,4),
 (249,5,5,5,5),
 (250,1,1,4,4),
 (250,2,1,3,4),
 (250,3,2,4,5),
 (250,4,1,3,4),
 (250,5,5,5,5),
 (251,1,3,5,5),
 (251,2,1,1,3),
 (251,3,1,5,5),
 (251,4,1,2,3),
 (251,5,5,5,5),
 (252,1,2,5,5),
 (252,2,1,2,3),
 (252,3,1,4,5),
 (252,4,1,2,2),
 (252,5,2,2,3),
 (253,1,3,4,5),
 (253,2,1,2,4),
 (253,3,1,4,5),
 (253,4,1,3,4),
 (253,5,2,4,4),
 (254,1,1,4,4),
 (254,2,1,4,5),
 (254,3,1,4,5),
 (254,4,1,2,4),
 (254,5,2,3,4),
 (255,1,2,4,5),
 (255,2,1,2,4),
 (255,3,1,2,4),
 (255,4,1,2,3),
 (255,5,2,2,4),
 (256,1,1,3,4),
 (256,2,1,4,5),
 (256,3,1,3,4),
 (256,4,1,3,3),
 (256,5,2,3,4),
 (257,1,1,2,2),
 (257,2,3,5,5),
 (257,3,1,3,5),
 (257,4,1,2,4),
 (257,5,2,4,4),
 (258,1,1,2,4),
 (258,2,1,3,4),
 (258,3,1,2,3),
 (258,4,1,4,5),
 (258,5,2,3,3),
 (259,1,1,2,3),
 (259,2,1,4,4),
 (259,3,1,3,4),
 (259,4,1,4,5),
 (259,5,2,3,3),
 (260,1,1,2,3),
 (260,2,2,4,5),
 (260,3,1,2,5),
 (260,4,1,5,5),
 (260,5,2,2,2),
 (261,1,1,3,4),
 (261,2,1,3,4),
 (261,3,1,2,4),
 (261,4,1,4,5),
 (261,5,2,2,3),
 (262,1,1,2,4),
 (262,2,1,4,5),
 (262,3,1,2,3),
 (262,4,3,5,5),
 (262,5,2,2,3),
 (263,1,1,4,4),
 (263,2,1,1,4),
 (263,3,1,3,5),
 (263,4,1,4,4),
 (263,5,2,2,3),
 (264,1,3,4,5),
 (264,2,1,2,4),
 (264,3,1,2,3),
 (264,4,1,4,4),
 (264,5,2,2,3),
 (265,1,1,1,3),
 (265,2,1,2,3),
 (265,3,1,4,5),
 (265,4,1,1,4),
 (265,5,2,2,3),
 (266,1,1,1,3),
 (266,2,1,1,3),
 (266,3,1,1,3),
 (266,4,1,3,5),
 (266,5,2,2,2),
 (267,1,1,3,3),
 (267,2,1,2,4),
 (267,3,1,3,3),
 (267,4,1,4,5),
 (267,5,4,5,5),
 (268,1,1,1,3),
 (268,2,1,2,3),
 (268,3,1,1,4),
 (268,4,1,2,4),
 (268,5,2,2,2),
 (269,1,1,2,4),
 (269,2,1,2,3),
 (269,3,3,4,5),
 (269,4,1,2,3),
 (269,5,4,5,5),
 (270,1,1,2,3),
 (270,2,1,2,4),
 (270,3,1,3,4),
 (270,4,1,3,5),
 (270,5,2,2,2),
 (271,1,1,3,3),
 (271,2,1,3,4),
 (271,3,1,4,5),
 (271,4,1,2,4),
 (271,5,2,2,3),
 (272,1,1,2,4),
 (272,2,1,3,4),
 (272,3,2,3,5),
 (272,4,1,3,5),
 (272,5,2,2,3),
 (273,1,1,3,4),
 (273,2,1,2,3),
 (273,3,1,2,4),
 (273,4,1,2,4),
 (273,5,2,2,3),
 (274,1,1,3,5),
 (274,2,1,3,4),
 (274,3,2,4,4),
 (274,4,1,2,2),
 (274,5,2,3,3),
 (275,1,1,3,4),
 (275,2,1,3,4),
 (275,3,1,3,4),
 (275,4,1,3,4),
 (275,5,2,3,4),
 (276,1,1,3,4),
 (276,2,1,2,4),
 (276,3,1,2,3),
 (276,4,2,4,4),
 (276,5,3,4,5),
 (277,1,1,3,3),
 (277,2,1,3,5),
 (277,3,1,1,2),
 (277,4,1,4,4),
 (277,5,4,5,5),
 (278,1,1,3,4),
 (278,2,1,1,3),
 (278,3,1,2,3),
 (278,4,1,3,4),
 (278,5,4,5,5),
 (279,1,1,2,3),
 (279,2,1,2,4),
 (279,3,1,2,2),
 (279,4,3,4,5),
 (279,5,5,5,5),
 (280,1,1,3,4),
 (280,2,1,1,1),
 (280,3,1,3,5),
 (280,4,1,1,4),
 (280,5,2,2,3),
 (281,1,1,2,3),
 (281,2,1,2,4),
 (281,3,3,4,5),
 (281,4,1,2,3),
 (281,5,2,3,3),
 (282,1,1,3,4),
 (282,2,1,1,3),
 (282,3,5,5,5),
 (282,4,1,2,2),
 (282,5,2,3,4),
 (283,1,2,3,5),
 (283,2,1,1,3),
 (283,3,1,2,3),
 (283,4,1,2,3),
 (283,5,2,2,3),
 (284,1,1,3,4),
 (284,2,1,1,3),
 (284,3,1,3,3),
 (284,4,1,4,4),
 (284,5,5,5,5),
 (285,1,1,2,3),
 (285,2,1,2,3),
 (285,3,1,2,2),
 (285,4,2,4,5),
 (285,5,2,2,3),
 (286,1,1,3,3),
 (286,2,1,4,5),
 (286,3,1,2,5),
 (286,4,1,2,3),
 (286,5,2,2,3),
 (287,1,1,1,2),
 (287,2,1,1,2),
 (287,3,1,1,2),
 (287,4,3,4,5),
 (287,5,2,2,2),
 (288,1,3,4,5),
 (288,2,1,2,3),
 (288,3,1,2,4),
 (288,4,1,3,4),
 (288,5,2,3,4),
 (289,1,1,1,1),
 (289,2,5,5,5),
 (289,3,1,1,2),
 (289,4,1,4,5),
 (289,5,2,2,2),
 (290,1,1,2,3),
 (290,2,1,2,3),
 (290,3,1,3,4),
 (290,4,2,3,5),
 (290,5,2,2,3),
 (291,1,3,5,5),
 (291,2,1,2,3),
 (291,3,1,2,3),
 (291,4,1,2,2),
 (291,5,5,5,5),
 (292,1,1,2,2),
 (292,2,1,1,3),
 (292,3,1,1,3),
 (292,4,2,4,5),
 (292,5,4,5,5),
 (293,1,1,4,5),
 (293,2,1,2,3),
 (293,3,1,2,4),
 (293,4,1,3,3),
 (293,5,2,2,3),
 (294,1,1,3,4),
 (294,2,1,3,4),
 (294,3,1,4,4),
 (294,4,1,3,4),
 (294,5,2,2,3),
 (295,1,1,3,3),
 (295,2,1,4,4),
 (295,3,1,4,4),
 (295,4,1,4,5),
 (295,5,2,2,2),
 (296,1,1,3,3),
 (296,2,1,3,5),
 (296,3,1,3,3),
 (296,4,1,3,4),
 (296,5,2,3,5),
 (297,1,1,2,2),
 (297,2,2,5,5),
 (297,3,1,2,3),
 (297,4,1,3,4),
 (297,5,2,2,5),
 (298,1,1,4,5),
 (298,2,1,1,2),
 (298,3,1,2,3),
 (298,4,1,2,3),
 (298,5,2,3,4),
 (299,1,1,1,2),
 (299,2,1,3,4),
 (299,3,1,2,3),
 (299,4,1,4,5),
 (299,5,2,2,3),
 (300,1,2,4,5),
 (300,2,1,3,3),
 (300,3,1,3,3),
 (300,4,1,2,3),
 (300,5,2,3,4),
 (301,1,3,4,5),
 (301,2,1,2,3),
 (301,3,1,4,4),
 (301,4,1,3,4),
 (301,5,2,3,4),
 (302,1,1,3,4),
 (302,2,1,3,4),
 (302,3,1,3,4),
 (302,4,1,3,4),
 (302,5,2,3,3),
 (303,1,1,4,4),
 (303,2,2,3,5),
 (303,3,1,3,4),
 (303,4,1,4,4),
 (303,5,2,2,3),
 (304,1,1,3,3),
 (304,2,1,4,4),
 (304,3,1,2,3),
 (304,4,1,3,3),
 (304,5,2,2,2),
 (305,1,1,2,3),
 (305,2,2,4,5),
 (305,3,1,3,4),
 (305,4,1,3,4),
 (305,5,2,2,2),
 (306,1,1,1,2),
 (306,2,3,5,5),
 (306,3,1,4,4),
 (306,4,1,4,4),
 (306,5,2,2,2),
 (307,1,1,2,2),
 (307,2,1,2,2),
 (307,3,1,5,5),
 (307,4,1,2,3),
 (307,5,2,2,5),
 (308,1,1,3,5),
 (308,2,1,3,5),
 (308,3,1,4,5),
 (308,4,1,2,3),
 (308,5,2,3,4),
 (309,1,1,4,5),
 (309,2,1,2,3),
 (309,3,1,2,4),
 (309,4,1,2,3),
 (309,5,2,2,4),
 (310,1,1,4,5),
 (310,2,1,3,3),
 (310,3,1,4,4),
 (310,4,1,3,3),
 (310,5,2,3,4),
 (311,1,1,4,4),
 (311,2,1,2,2),
 (311,3,1,2,2),
 (311,4,1,2,3),
 (311,5,2,3,4),
 (312,1,1,4,4),
 (312,2,1,2,2),
 (312,3,1,2,2),
 (312,4,1,2,3),
 (312,5,2,3,4),
 (313,1,1,3,4),
 (313,2,1,3,3),
 (313,3,1,2,2),
 (313,4,1,2,3),
 (313,5,4,5,5),
 (314,1,1,3,4),
 (314,2,1,2,2),
 (314,3,1,3,3),
 (314,4,1,3,3),
 (314,5,4,5,5),
 (315,1,1,3,3),
 (315,2,1,2,3),
 (315,3,1,4,5),
 (315,4,1,2,3),
 (315,5,2,3,3),
 (316,1,1,1,2),
 (316,2,1,1,2),
 (316,3,1,2,2),
 (316,4,1,3,4),
 (316,5,2,2,2),
 (317,1,1,1,2),
 (317,2,1,3,4),
 (317,3,1,3,3),
 (317,4,1,4,5),
 (317,5,2,2,2),
 (318,1,1,3,4),
 (318,2,1,3,4),
 (318,3,1,2,4),
 (318,4,1,2,3),
 (318,5,2,2,3),
 (319,1,3,4,4),
 (319,2,3,4,4),
 (319,3,3,4,4),
 (319,4,1,2,2),
 (319,5,2,2,3),
 (320,1,1,3,3),
 (320,2,1,3,4),
 (320,3,1,2,3),
 (320,4,1,4,5),
 (320,5,2,3,4),
 (321,1,1,2,3),
 (321,2,2,4,5),
 (321,3,1,1,1),
 (321,4,1,5,5),
 (321,5,2,2,4),
 (322,1,1,2,3),
 (322,2,2,4,5),
 (322,3,1,2,2),
 (322,4,1,4,4),
 (322,5,2,2,2),
 (323,1,1,3,3),
 (323,2,4,5,5),
 (323,3,1,2,2),
 (323,4,1,3,4),
 (323,5,2,2,2),
 (324,1,1,1,2),
 (324,2,1,4,5),
 (324,3,1,2,3),
 (324,4,2,4,5),
 (324,5,2,2,2),
 (325,1,1,2,3),
 (325,2,1,2,3),
 (325,3,1,2,3),
 (325,4,2,4,4),
 (325,5,3,4,5),
 (326,1,1,2,2),
 (326,2,1,3,5),
 (326,3,1,3,5),
 (326,4,1,4,5),
 (326,5,2,3,3),
 (327,1,1,2,3),
 (327,2,1,2,3),
 (327,3,1,3,4),
 (327,4,1,3,3),
 (327,5,2,2,3),
 (328,1,1,1,2),
 (328,2,1,3,5),
 (328,3,1,2,3),
 (328,4,1,3,5),
 (328,5,2,2,2),
 (329,1,1,3,4),
 (329,2,1,2,3),
 (329,3,3,4,5),
 (329,4,1,2,3),
 (329,5,2,3,4),
 (330,1,1,3,4),
 (330,2,1,3,5),
 (330,3,1,3,4),
 (330,4,1,2,2),
 (330,5,4,5,5),
 (331,1,1,3,3),
 (331,2,1,3,4),
 (331,3,1,3,4),
 (331,4,1,4,5),
 (331,5,2,2,3),
 (332,1,1,4,4),
 (332,2,1,3,4),
 (332,3,1,4,5),
 (332,4,1,2,3),
 (332,5,2,2,3),
 (333,1,1,2,3),
 (333,2,1,2,3),
 (333,3,1,3,4),
 (333,4,1,3,4),
 (333,5,5,5,5),
 (334,1,1,2,3),
 (334,2,1,2,3),
 (334,3,1,4,4),
 (334,4,1,3,4),
 (334,5,4,5,5),
 (335,1,1,2,3),
 (335,2,2,4,5),
 (335,3,1,3,4),
 (335,4,2,4,5),
 (335,5,2,3,3),
 (336,1,1,3,4),
 (336,2,1,3,4),
 (336,3,1,4,5),
 (336,4,2,4,5),
 (336,5,2,2,2),
 (337,1,1,2,3),
 (337,2,1,2,3),
 (337,3,1,3,4),
 (337,4,1,4,4),
 (337,5,2,3,3),
 (338,1,1,2,3),
 (338,2,1,3,5),
 (338,3,1,2,4),
 (338,4,1,4,4),
 (338,5,2,3,3),
 (339,1,1,4,4),
 (339,2,1,2,3),
 (339,3,1,3,4),
 (339,4,1,3,5),
 (339,5,2,2,3),
 (340,1,1,2,2),
 (340,2,1,4,5),
 (340,3,1,3,4),
 (340,4,1,4,5),
 (340,5,2,2,2),
 (341,1,1,3,4),
 (341,2,1,3,4),
 (341,3,1,3,4),
 (341,4,1,3,4),
 (341,5,2,2,2),
 (342,1,1,2,3),
 (342,2,3,4,5),
 (342,3,1,3,4),
 (342,4,1,3,4),
 (342,5,2,2,3),
 (343,1,2,3,4),
 (343,2,1,2,3),
 (343,3,2,4,5),
 (343,4,1,3,4),
 (343,5,2,2,3),
 (344,1,1,2,3),
 (344,2,1,2,3),
 (344,3,3,4,5),
 (344,4,1,3,4),
 (344,5,2,4,4),
 (345,1,1,1,3),
 (345,2,1,3,4),
 (345,3,1,2,3),
 (345,4,3,4,5),
 (345,5,2,2,2),
 (346,1,1,1,1),
 (346,2,1,4,4),
 (346,3,1,2,3),
 (346,4,2,5,5),
 (346,5,2,2,2),
 (347,1,2,4,5),
 (347,2,1,2,3),
 (347,3,2,4,5),
 (347,4,1,2,3),
 (347,5,2,2,2),
 (348,1,1,2,2),
 (348,2,1,4,5),
 (348,3,1,3,4),
 (348,4,2,4,5),
 (348,5,2,2,2),
 (349,1,1,2,5),
 (349,2,1,1,2),
 (349,3,1,1,1),
 (349,4,1,1,1),
 (349,5,2,2,2),
 (350,1,1,4,4),
 (350,2,1,2,3),
 (350,3,1,5,5),
 (350,4,1,4,5),
 (350,5,2,3,3),
 (351,1,1,4,4),
 (351,2,1,2,4),
 (351,3,1,2,4),
 (351,4,1,2,4),
 (351,5,2,4,4),
 (352,1,1,3,4),
 (352,2,1,2,3),
 (352,3,1,4,5),
 (352,4,1,3,4),
 (352,5,2,2,3),
 (353,1,1,4,5),
 (353,2,1,1,2),
 (353,3,1,2,3),
 (353,4,1,1,3),
 (353,5,2,4,4),
 (354,1,3,3,3),
 (354,2,3,4,4),
 (354,3,3,4,4),
 (354,4,3,3,3),
 (354,5,3,3,3),
 (355,1,1,4,4),
 (355,2,1,2,3),
 (355,3,1,1,3),
 (355,4,1,2,3),
 (355,5,2,4,4),
 (356,1,1,2,3),
 (356,2,1,3,4),
 (356,3,1,4,4),
 (356,4,1,4,5),
 (356,5,2,2,2),
 (357,1,1,3,4),
 (357,2,1,3,5),
 (357,3,1,2,2),
 (357,4,1,3,4),
 (357,5,4,5,5),
 (358,1,1,3,5),
 (358,2,1,2,2),
 (358,3,1,1,2),
 (358,4,1,2,2),
 (358,5,4,4,5),
 (359,1,1,3,5),
 (359,2,1,3,4),
 (359,3,1,3,3),
 (359,4,1,3,4),
 (359,5,2,3,3),
 (360,1,1,3,5),
 (360,2,1,1,3),
 (360,3,1,1,4),
 (360,4,1,3,5),
 (360,5,2,2,3),
 (361,1,3,4,5),
 (361,2,1,2,3),
 (361,3,1,3,4),
 (361,4,1,2,3),
 (361,5,2,2,3),
 (362,1,1,2,3),
 (362,2,2,4,5),
 (362,3,1,2,2),
 (362,4,3,4,5),
 (362,5,2,2,2),
 (363,1,1,3,4),
 (363,2,1,3,4),
 (363,3,1,1,2),
 (363,4,1,3,4),
 (363,5,2,2,2),
 (364,1,1,2,4),
 (364,2,1,4,4),
 (364,3,1,2,2),
 (364,4,1,4,4),
 (364,5,2,2,2),
 (365,1,1,1,2),
 (365,2,1,5,5),
 (365,3,1,1,1),
 (365,4,3,5,5),
 (365,5,2,2,2),
 (366,1,1,3,3),
 (366,2,1,3,3),
 (366,3,1,2,3),
 (366,4,1,4,5),
 (366,5,2,2,3),
 (367,1,1,4,4),
 (367,2,1,5,5),
 (367,3,1,1,2),
 (367,4,1,3,3),
 (367,5,2,2,3),
 (368,1,1,4,4),
 (368,2,1,2,3),
 (368,3,1,4,4),
 (368,4,1,3,3),
 (368,5,2,2,3),
 (369,1,3,3,3),
 (369,2,3,3,4),
 (369,3,2,2,3),
 (369,4,4,4,5),
 (369,5,2,2,3),
 (370,1,1,3,5),
 (370,2,1,1,1),
 (370,3,1,1,1),
 (370,4,1,3,5),
 (370,5,2,2,3),
 (371,1,1,3,4),
 (371,2,1,3,4),
 (371,3,1,3,4),
 (371,4,1,3,4),
 (371,5,2,3,3),
 (372,1,1,2,2),
 (372,2,2,4,5),
 (372,3,1,1,2),
 (372,4,4,4,5),
 (372,5,2,2,2),
 (373,1,1,3,3),
 (373,2,1,5,5),
 (373,3,1,2,3),
 (373,4,1,2,3),
 (373,5,3,5,5),
 (374,1,1,3,4),
 (374,2,1,3,4),
 (374,3,1,1,1),
 (374,4,1,3,3),
 (374,5,2,3,4),
 (375,1,1,2,3),
 (375,2,1,4,4),
 (375,3,3,3,3),
 (375,4,2,3,4),
 (375,5,2,3,4),
 (376,1,1,1,2),
 (376,2,3,4,5),
 (376,3,3,4,4),
 (376,4,2,4,5),
 (376,5,2,2,2),
 (377,1,1,2,2),
 (377,2,1,5,5),
 (377,3,1,4,5),
 (377,4,1,5,5),
 (377,5,2,2,2),
 (378,1,1,2,2),
 (378,2,1,3,4),
 (378,3,3,5,5),
 (378,4,3,5,5),
 (378,5,2,3,3),
 (379,1,2,2,2),
 (379,2,4,4,5),
 (379,3,4,5,5),
 (379,4,5,5,5),
 (379,5,2,2,2),
 (380,1,1,5,5),
 (380,2,1,3,4),
 (380,3,1,4,5),
 (380,4,1,2,3),
 (380,5,4,5,5),
 (381,1,1,4,5),
 (381,2,1,3,4),
 (381,3,1,5,5),
 (381,4,1,2,3),
 (381,5,4,5,5),
 (382,1,1,3,4),
 (382,2,1,3,4),
 (382,3,1,4,5),
 (382,4,1,5,5),
 (382,5,2,3,4),
 (383,1,1,1,2),
 (383,2,4,5,5),
 (383,3,4,5,5),
 (383,4,4,5,5),
 (383,5,2,2,2),
 (384,1,1,4,5),
 (384,2,1,4,5),
 (384,3,1,3,3),
 (384,4,1,4,5),
 (384,5,2,5,5),
 (385,1,1,3,5),
 (385,2,1,3,3),
 (385,3,1,4,5),
 (385,4,1,3,4),
 (385,5,2,4,5),
 (386,1,1,4,4),
 (386,2,1,4,4),
 (386,3,1,4,4),
 (386,4,1,4,4),
 (386,5,2,3,4),
 (387,1,1,3,4),
 (387,2,1,3,4),
 (387,3,1,2,3),
 (387,4,1,3,4),
 (387,5,2,2,3),
 (388,1,1,2,3),
 (388,2,1,4,4),
 (388,3,2,3,3),
 (388,4,2,4,5),
 (388,5,2,2,3),
 (389,1,1,1,2),
 (389,2,1,5,5),
 (389,3,1,3,3),
 (389,4,3,5,5),
 (389,5,2,2,2),
 (390,1,3,5,5),
 (390,2,1,3,4),
 (390,3,1,3,4),
 (390,4,1,1,2),
 (390,5,2,3,3),
 (391,1,2,4,5),
 (391,2,1,3,4),
 (391,3,1,4,5),
 (391,4,1,2,2),
 (391,5,2,3,3),
 (392,1,1,4,4),
 (392,2,2,4,5),
 (392,3,1,4,5),
 (392,4,1,1,2),
 (392,5,2,3,3),
 (393,1,1,4,5),
 (393,2,1,3,4),
 (393,3,1,2,3),
 (393,4,1,2,3),
 (393,5,2,3,5),
 (394,1,1,3,4),
 (394,2,1,3,4),
 (394,3,1,3,4),
 (394,4,1,3,5),
 (394,5,2,3,4),
 (395,1,1,3,3),
 (395,2,2,3,5),
 (395,3,1,3,3),
 (395,4,3,4,5),
 (395,5,2,3,4),
 (396,1,1,3,4),
 (396,2,1,2,3),
 (396,3,1,2,2),
 (396,4,1,2,3),
 (396,5,3,4,5),
 (397,1,1,3,4),
 (397,2,1,3,3),
 (397,3,1,2,3),
 (397,4,1,3,4),
 (397,5,4,5,5),
 (398,1,1,3,3),
 (398,2,3,4,5),
 (398,3,1,1,3),
 (398,4,1,3,4),
 (398,5,4,5,5),
 (399,1,1,2,4),
 (399,2,1,2,4),
 (399,3,1,1,4),
 (399,4,1,3,4),
 (399,5,2,2,2),
 (400,1,1,1,4),
 (400,2,1,3,4),
 (400,3,1,2,4);
INSERT INTO [pokemon_form_pokeathlon_stats] (pokemon_form_id,pokeathlon_stat_id,minimum_stat,base_stat,maximum_stat) VALUES
 (400,4,5,5,5),
 (400,5,2,2,2),
 (401,1,1,4,4),
 (401,2,1,2,3),
 (401,3,1,3,4),
 (401,4,1,2,3),
 (401,5,2,3,3),
 (402,1,1,3,4),
 (402,2,1,2,3),
 (402,3,1,4,5),
 (402,4,1,3,3),
 (402,5,2,3,3),
 (403,1,1,3,4),
 (403,2,1,3,4),
 (403,3,1,2,4),
 (403,4,1,3,3),
 (403,5,2,3,3),
 (404,1,1,3,4),
 (404,2,1,4,4),
 (404,3,1,3,3),
 (404,4,1,3,4),
 (404,5,2,3,3),
 (405,1,1,3,3),
 (405,2,1,4,5),
 (405,3,1,4,4),
 (405,4,1,4,4),
 (405,5,2,3,3),
 (406,1,1,3,5),
 (406,2,1,1,3),
 (406,3,1,2,3),
 (406,4,1,2,3),
 (406,5,2,3,3),
 (407,1,1,3,4),
 (407,2,1,3,4),
 (407,3,3,5,5),
 (407,4,1,2,3),
 (407,5,2,3,3),
 (408,1,1,3,4),
 (408,2,1,4,5),
 (408,3,1,3,3),
 (408,4,1,2,3),
 (408,5,2,2,3),
 (409,1,1,3,3),
 (409,2,1,5,5),
 (409,3,1,2,3),
 (409,4,1,3,4),
 (409,5,2,2,3),
 (410,1,1,3,3),
 (410,2,1,3,4),
 (410,3,1,2,3),
 (410,4,2,4,5),
 (410,5,2,2,2),
 (411,1,1,2,2),
 (411,2,1,3,5),
 (411,3,1,1,3),
 (411,4,3,5,5),
 (411,5,2,2,2),
 (412,1,1,1,5),
 (412,2,1,1,3),
 (412,3,1,1,5),
 (412,4,1,1,4),
 (412,5,2,2,3),
 (413,1,1,3,4),
 (413,2,1,2,3),
 (413,3,1,4,4),
 (413,4,1,3,4),
 (413,5,2,3,3),
 (414,1,3,4,5),
 (414,2,1,3,4),
 (414,3,1,2,4),
 (414,4,1,1,2),
 (414,5,4,5,5),
 (415,1,3,5,5),
 (415,2,1,1,2),
 (415,3,1,1,1),
 (415,4,1,1,2),
 (415,5,4,5,5),
 (416,1,1,3,3),
 (416,2,1,1,3),
 (416,3,1,4,5),
 (416,4,1,3,5),
 (416,5,4,5,5),
 (417,1,1,4,5),
 (417,2,1,2,3),
 (417,3,1,3,5),
 (417,4,1,2,3),
 (417,5,2,3,3),
 (418,1,3,5,5),
 (418,2,1,1,4),
 (418,3,1,2,4),
 (418,4,1,2,4),
 (418,5,2,3,3),
 (419,1,1,3,4),
 (419,2,2,3,4),
 (419,3,2,3,5),
 (419,4,3,3,5),
 (419,5,2,3,3),
 (420,1,1,3,4),
 (420,2,1,1,3),
 (420,3,1,2,3),
 (420,4,1,2,3),
 (420,5,2,2,3),
 (421,1,1,3,4),
 (421,2,1,2,3),
 (421,3,1,4,5),
 (421,4,1,2,4),
 (421,5,2,3,3),
 (422,1,1,1,3),
 (422,2,1,1,4),
 (422,3,1,1,3),
 (422,4,1,3,5),
 (422,5,2,2,2),
 (423,1,1,1,2),
 (423,2,3,4,5),
 (423,3,1,3,3),
 (423,4,4,5,5),
 (423,5,2,2,2),
 (424,1,1,3,4),
 (424,2,1,2,4),
 (424,3,3,5,5),
 (424,4,2,3,4),
 (424,5,2,3,4),
 (425,1,1,3,5),
 (425,2,1,1,1),
 (425,3,1,4,4),
 (425,4,1,3,4),
 (425,5,4,5,5),
 (426,1,2,3,4),
 (426,2,1,3,3),
 (426,3,1,2,2),
 (426,4,2,4,5),
 (426,5,4,5,5),
 (427,1,2,4,5),
 (427,2,1,2,4),
 (427,3,1,1,2),
 (427,4,1,2,4),
 (427,5,2,3,4),
 (428,1,2,4,5),
 (428,2,1,3,4),
 (428,3,1,1,2),
 (428,4,1,3,4),
 (428,5,2,3,4),
 (429,1,1,4,4),
 (429,2,1,2,2),
 (429,3,2,4,5),
 (429,4,1,2,3),
 (429,5,4,5,5),
 (430,1,1,2,3),
 (430,2,1,3,4),
 (430,3,1,2,3),
 (430,4,3,4,5),
 (430,5,4,5,5),
 (431,1,3,5,5),
 (431,2,2,2,5),
 (431,3,1,2,4),
 (431,4,1,2,3),
 (431,5,2,3,4),
 (432,1,1,2,4),
 (432,2,1,4,5),
 (432,3,1,1,2),
 (432,4,1,4,4),
 (432,5,2,2,3),
 (433,1,1,2,4),
 (433,2,1,2,3),
 (433,3,1,2,3),
 (433,4,1,3,3),
 (433,5,4,4,5),
 (434,1,1,3,5),
 (434,2,1,2,4),
 (434,3,1,2,3),
 (434,4,1,2,3),
 (434,5,2,3,3),
 (435,1,1,2,3),
 (435,2,1,4,5),
 (435,3,1,2,4),
 (435,4,1,3,4),
 (435,5,2,2,2),
 (436,1,1,2,3),
 (436,2,1,2,4),
 (436,3,1,1,1),
 (436,4,3,4,5),
 (436,5,2,3,4),
 (437,1,1,1,1),
 (437,2,1,3,5),
 (437,3,1,3,3),
 (437,4,3,4,5),
 (437,5,2,3,5),
 (438,1,1,3,4),
 (438,2,1,3,3),
 (438,3,1,1,3),
 (438,4,1,4,4),
 (438,5,2,2,3),
 (439,1,2,4,5),
 (439,2,1,1,2),
 (439,3,1,3,5),
 (439,4,1,1,3),
 (439,5,2,3,3),
 (440,1,1,3,4),
 (440,2,1,1,3),
 (440,3,1,2,4),
 (440,4,1,3,4),
 (440,5,2,2,3),
 (441,1,1,3,4),
 (441,2,1,2,3),
 (441,3,1,3,4),
 (441,4,1,2,3),
 (441,5,3,4,5),
 (442,1,1,1,2),
 (442,2,1,3,4),
 (442,3,1,2,2),
 (442,4,4,5,5),
 (442,5,2,2,2),
 (443,1,1,3,4),
 (443,2,1,3,4),
 (443,3,1,2,3),
 (443,4,1,3,3),
 (443,5,2,2,2),
 (444,1,1,3,3),
 (444,2,1,4,4),
 (444,3,1,3,4),
 (444,4,1,3,4),
 (444,5,2,3,3),
 (445,1,1,2,3),
 (445,2,3,4,5),
 (445,3,3,4,5),
 (445,4,1,3,4),
 (445,5,2,2,2),
 (446,1,1,2,3),
 (446,2,1,3,5),
 (446,3,1,2,4),
 (446,4,2,4,5),
 (446,5,2,2,2),
 (447,1,2,4,5),
 (447,2,1,2,4),
 (447,3,2,2,5),
 (447,4,1,2,3),
 (447,5,2,3,4),
 (448,1,1,3,4),
 (448,2,2,4,5),
 (448,3,1,4,5),
 (448,4,1,2,3),
 (448,5,2,3,4),
 (449,1,1,2,3),
 (449,2,1,3,5),
 (449,3,1,2,3),
 (449,4,1,3,5),
 (449,5,2,2,3),
 (450,1,1,1,2),
 (450,2,3,4,5),
 (450,3,1,2,2),
 (450,4,3,4,5),
 (450,5,2,2,2),
 (451,1,1,2,2),
 (451,2,1,3,4),
 (451,3,1,4,5),
 (451,4,1,3,4),
 (451,5,2,2,2),
 (452,1,1,1,2),
 (452,2,2,4,5),
 (452,3,2,4,5),
 (452,4,1,4,4),
 (452,5,2,2,2),
 (453,1,1,3,5),
 (453,2,1,2,4),
 (453,3,1,3,5),
 (453,4,1,2,3),
 (453,5,2,2,4),
 (454,1,1,3,4),
 (454,2,1,3,4),
 (454,3,1,4,5),
 (454,4,1,3,4),
 (454,5,2,3,4),
 (455,1,1,2,3),
 (455,2,1,3,5),
 (455,3,1,2,3),
 (455,4,1,2,3),
 (455,5,4,5,5),
 (456,1,3,4,5),
 (456,2,1,1,2),
 (456,3,1,2,4),
 (456,4,1,2,4),
 (456,5,2,3,4),
 (457,1,2,3,4),
 (457,2,1,1,3),
 (457,3,1,3,4),
 (457,4,1,3,5),
 (457,5,2,3,4),
 (458,1,1,3,4),
 (458,2,1,2,3),
 (458,3,1,2,2),
 (458,4,1,3,4),
 (458,5,2,3,4),
 (459,1,1,2,4),
 (459,2,1,2,4),
 (459,3,1,3,4),
 (459,4,1,3,4),
 (459,5,2,2,3),
 (460,1,1,2,2),
 (460,2,1,3,5),
 (460,3,2,4,5),
 (460,4,2,4,5),
 (460,5,2,2,2),
 (461,1,2,4,5),
 (461,2,3,4,5),
 (461,3,1,3,5),
 (461,4,1,2,3),
 (461,5,2,2,3),
 (462,1,1,2,2),
 (462,2,1,3,3),
 (462,3,2,4,5),
 (462,4,1,3,4),
 (462,5,4,4,5),
 (463,1,1,2,2),
 (463,2,1,3,4),
 (463,3,3,4,5),
 (463,4,3,4,5),
 (463,5,2,2,2),
 (464,1,1,1,1),
 (464,2,3,5,5),
 (464,3,1,2,4),
 (464,4,3,5,5),
 (464,5,2,2,2),
 (465,1,1,1,2),
 (465,2,1,3,5),
 (465,3,3,4,5),
 (465,4,1,5,5),
 (465,5,2,2,2),
 (466,1,1,3,5),
 (466,2,1,3,4),
 (466,3,2,4,5),
 (466,4,1,4,4),
 (466,5,2,2,2),
 (467,1,1,2,2),
 (467,2,1,4,5),
 (467,3,3,4,5),
 (467,4,3,4,5),
 (467,5,2,2,2),
 (468,1,2,3,4),
 (468,2,1,2,3),
 (468,3,1,3,4),
 (468,4,2,3,4),
 (468,5,4,5,5),
 (469,1,3,4,5),
 (469,2,1,2,3),
 (469,3,1,1,3),
 (469,4,1,3,3),
 (469,5,5,5,5),
 (470,1,1,2,3),
 (470,2,1,3,4),
 (470,3,1,3,4),
 (470,4,3,4,5),
 (470,5,2,3,4),
 (471,1,1,3,4),
 (471,2,1,3,4),
 (471,3,1,4,5),
 (471,4,2,2,4),
 (471,5,2,3,3),
 (472,1,1,2,3),
 (472,2,1,4,5),
 (472,3,1,4,5),
 (472,4,1,2,4),
 (472,5,3,4,5),
 (473,1,1,2,4),
 (473,2,3,4,5),
 (473,3,1,2,3),
 (473,4,3,4,5),
 (473,5,2,2,2),
 (474,1,1,4,4),
 (474,2,1,4,5),
 (474,3,1,2,5),
 (474,4,1,1,1),
 (474,5,2,4,4),
 (475,1,1,3,4),
 (475,2,1,3,5),
 (475,3,3,5,5),
 (475,4,1,2,2),
 (475,5,2,3,4),
 (476,1,1,2,2),
 (476,2,1,3,5),
 (476,3,1,1,4),
 (476,4,3,4,5),
 (476,5,2,3,5),
 (477,1,1,1,2),
 (477,2,1,4,4),
 (477,3,1,3,4),
 (477,4,1,4,4),
 (477,5,2,4,4),
 (478,1,2,3,4),
 (478,2,1,1,3),
 (478,3,2,4,5),
 (478,4,1,2,3),
 (478,5,3,3,5),
 (479,1,1,3,5),
 (479,2,1,2,3),
 (479,3,1,3,5),
 (479,4,1,3,4),
 (479,5,3,4,5),
 (480,1,1,3,4),
 (480,2,2,3,4),
 (480,3,1,3,4),
 (480,4,2,4,5),
 (480,5,4,4,5),
 (481,1,1,2,3),
 (481,2,2,4,5),
 (481,3,2,4,4),
 (481,4,2,3,4),
 (481,5,4,4,5),
 (482,1,1,4,4),
 (482,2,1,2,3),
 (482,3,3,5,5),
 (482,4,1,2,3),
 (482,5,4,4,5),
 (483,1,1,2,3),
 (483,2,3,5,5),
 (483,3,2,4,5),
 (483,4,4,4,5),
 (483,5,2,3,5),
 (484,1,1,2,3),
 (484,2,2,4,5),
 (484,3,3,5,5),
 (484,4,4,4,5),
 (484,5,2,3,5),
 (485,1,1,2,3),
 (485,2,3,4,5),
 (485,3,1,3,5),
 (485,4,3,4,5),
 (485,5,2,2,2),
 (486,1,1,1,3),
 (486,2,1,5,5),
 (486,3,1,3,5),
 (486,4,5,5,5),
 (486,5,2,2,2),
 (487,1,1,2,2),
 (487,2,3,4,5),
 (487,3,1,3,4),
 (487,4,4,5,5),
 (487,5,2,2,3),
 (488,1,1,2,4),
 (488,2,1,2,3),
 (488,3,1,3,5),
 (488,4,2,4,5),
 (488,5,4,4,5),
 (489,1,2,4,5),
 (489,2,1,1,2),
 (489,3,2,3,5),
 (489,4,1,1,3),
 (489,5,2,2,3),
 (490,1,2,3,4),
 (490,2,1,2,3),
 (490,3,3,4,5),
 (490,4,1,3,4),
 (490,5,2,3,3),
 (491,1,2,3,4),
 (491,2,1,2,4),
 (491,3,3,4,5),
 (491,4,1,3,3),
 (491,5,3,3,5),
 (492,1,3,4,5),
 (492,2,1,2,4),
 (492,3,1,2,3),
 (492,4,1,3,4),
 (492,5,2,3,3),
 (493,1,1,4,5),
 (493,2,1,5,5),
 (493,3,1,4,5),
 (493,4,1,5,5),
 (493,5,2,4,5),
 (10001,1,1,2,4),
 (10001,2,1,2,3),
 (10001,3,1,2,4),
 (10001,4,1,2,4),
 (10001,5,2,2,5),
 (10002,1,1,2,4),
 (10002,2,1,2,3),
 (10002,3,1,2,4),
 (10002,4,1,2,4),
 (10002,5,2,2,5),
 (10003,1,1,2,4),
 (10003,2,1,2,3),
 (10003,3,1,2,4),
 (10003,4,1,2,4),
 (10003,5,2,2,5),
 (10004,1,1,2,4),
 (10004,2,1,2,3),
 (10004,3,1,2,4),
 (10004,4,1,2,4),
 (10004,5,2,2,5),
 (10005,1,1,2,4),
 (10005,2,1,2,3),
 (10005,3,1,2,4),
 (10005,4,1,2,4),
 (10005,5,2,2,5),
 (10006,1,1,2,4),
 (10006,2,1,2,3),
 (10006,3,1,2,4),
 (10006,4,1,2,4),
 (10006,5,2,2,5),
 (10007,1,1,2,4),
 (10007,2,1,2,3),
 (10007,3,1,2,4),
 (10007,4,1,2,4),
 (10007,5,2,2,5),
 (10008,1,1,2,4),
 (10008,2,1,2,3),
 (10008,3,1,2,4),
 (10008,4,1,2,4),
 (10008,5,2,2,5),
 (10009,1,1,2,4),
 (10009,2,1,2,3),
 (10009,3,1,2,4),
 (10009,4,1,2,4),
 (10009,5,2,2,5),
 (10010,1,1,2,4),
 (10010,2,1,2,3),
 (10010,3,1,2,4),
 (10010,4,1,2,4),
 (10010,5,2,2,5),
 (10011,1,1,2,4),
 (10011,2,1,2,3),
 (10011,3,1,2,4),
 (10011,4,1,2,4),
 (10011,5,2,2,5),
 (10012,1,1,2,4),
 (10012,2,1,2,3),
 (10012,3,1,2,4),
 (10012,4,1,2,4),
 (10012,5,2,2,5),
 (10013,1,1,2,4),
 (10013,2,1,2,3),
 (10013,3,1,2,4),
 (10013,4,1,2,4),
 (10013,5,2,2,5),
 (10014,1,1,2,4),
 (10014,2,1,2,3),
 (10014,3,1,2,4),
 (10014,4,1,2,4),
 (10014,5,2,2,5),
 (10015,1,1,2,4),
 (10015,2,1,2,3),
 (10015,3,1,2,4),
 (10015,4,1,2,4),
 (10015,5,2,2,5),
 (10016,1,1,2,4),
 (10016,2,1,2,3),
 (10016,3,1,2,4),
 (10016,4,1,2,4),
 (10016,5,2,2,5),
 (10017,1,1,2,4),
 (10017,2,1,2,3),
 (10017,3,1,2,4),
 (10017,4,1,2,4),
 (10017,5,2,2,5),
 (10018,1,1,2,4),
 (10018,2,1,2,3),
 (10018,3,1,2,4),
 (10018,4,1,2,4),
 (10018,5,2,2,5),
 (10019,1,1,2,4),
 (10019,2,1,2,3),
 (10019,3,1,2,4),
 (10019,4,1,2,4),
 (10019,5,2,2,5),
 (10020,1,1,2,4),
 (10020,2,1,2,3),
 (10020,3,1,2,4),
 (10020,4,1,2,4),
 (10020,5,2,2,5),
 (10021,1,1,2,4),
 (10021,2,1,2,3),
 (10021,3,1,2,4),
 (10021,4,1,2,4),
 (10021,5,2,2,5),
 (10022,1,1,2,4),
 (10022,2,1,2,3),
 (10022,3,1,2,4),
 (10022,4,1,2,4),
 (10022,5,2,2,5),
 (10023,1,1,2,4),
 (10023,2,1,2,3),
 (10023,3,1,2,4),
 (10023,4,1,2,4),
 (10023,5,2,2,5),
 (10024,1,1,2,4),
 (10024,2,1,2,3),
 (10024,3,1,2,4),
 (10024,4,1,2,4),
 (10024,5,2,2,5),
 (10025,1,1,2,4),
 (10025,2,1,2,3),
 (10025,3,1,2,4),
 (10025,4,1,2,4),
 (10025,5,2,2,5),
 (10026,1,1,2,4),
 (10026,2,1,2,3),
 (10026,3,1,2,5),
 (10026,4,1,2,4),
 (10026,5,2,2,5),
 (10027,1,1,2,4),
 (10027,2,1,2,3),
 (10027,3,1,2,5),
 (10027,4,1,2,4),
 (10027,5,2,2,5),
 (10031,1,2,4,5),
 (10031,2,4,5,5),
 (10031,3,1,4,5),
 (10031,4,1,2,3),
 (10031,5,2,3,4),
 (10032,1,1,3,3),
 (10032,2,1,3,4),
 (10032,3,2,4,5),
 (10032,4,4,5,5),
 (10032,5,2,2,3),
 (10033,1,4,5,5),
 (10033,2,1,2,3),
 (10033,3,2,4,5),
 (10033,4,1,3,4),
 (10033,5,2,4,4),
 (10034,1,1,1,4),
 (10034,2,1,1,4),
 (10034,3,1,1,4),
 (10034,4,1,1,5),
 (10034,5,2,2,3),
 (10035,1,1,1,4),
 (10035,2,1,1,5),
 (10035,3,1,1,3),
 (10035,4,1,1,5),
 (10035,5,2,2,3),
 (10036,1,1,2,3),
 (10036,2,3,4,5),
 (10036,3,1,2,2),
 (10036,4,1,4,5),
 (10036,5,2,2,3),
 (10037,1,1,1,3),
 (10037,2,1,3,5),
 (10037,3,1,2,3),
 (10037,4,5,5,5),
 (10037,5,2,2,2),
 (10039,1,1,1,3),
 (10039,2,1,1,4),
 (10039,3,1,1,3),
 (10039,4,1,3,5),
 (10039,5,2,2,2),
 (10040,1,1,1,2),
 (10040,2,3,4,5),
 (10040,3,1,3,3),
 (10040,4,4,5,5),
 (10040,5,2,2,2),
 (10041,1,5,5,5),
 (10041,2,1,4,5),
 (10041,3,1,4,5),
 (10041,4,1,4,5),
 (10041,5,2,5,5),
 (10042,1,1,4,5),
 (10042,2,5,5,5),
 (10042,3,1,5,5),
 (10042,4,1,4,5),
 (10042,5,2,4,5),
 (10043,1,1,3,5),
 (10043,2,1,5,5),
 (10043,3,1,5,5),
 (10043,4,1,5,5),
 (10043,5,2,5,5),
 (10044,1,5,5,5),
 (10044,2,1,4,5),
 (10044,3,1,5,5),
 (10044,4,1,4,5),
 (10044,5,2,4,5),
 (10045,1,1,4,5),
 (10045,2,1,5,5),
 (10045,3,5,5,5),
 (10045,4,1,4,5),
 (10045,5,2,4,5),
 (10046,1,1,4,5),
 (10046,2,5,5,5),
 (10046,3,1,4,5),
 (10046,4,1,5,5),
 (10046,5,2,4,5),
 (10047,1,1,5,5),
 (10047,2,1,4,5),
 (10047,3,1,4,5),
 (10047,4,1,4,5),
 (10047,5,5,5,5),
 (10048,1,1,4,5),
 (10048,2,1,4,5),
 (10048,3,1,5,5),
 (10048,4,1,4,5),
 (10048,5,5,5,5),
 (10049,1,1,4,5),
 (10049,2,1,4,5),
 (10049,3,1,4,5),
 (10049,4,5,5,5),
 (10049,5,2,5,5),
 (10050,1,1,4,5),
 (10050,2,1,5,5),
 (10050,3,1,4,5),
 (10050,4,5,5,5),
 (10050,5,2,4,5),
 (10051,1,5,5,5),
 (10051,2,1,5,5),
 (10051,3,1,4,5),
 (10051,4,1,4,5),
 (10051,5,2,4,5),
 (10052,1,1,4,5),
 (10052,2,1,4,5),
 (10052,3,5,5,5),
 (10052,4,1,5,5),
 (10052,5,2,4,5),
 (10053,1,1,5,5),
 (10053,2,1,4,5),
 (10053,3,5,5,5),
 (10053,4,1,4,5),
 (10053,5,2,4,5),
 (10054,1,1,4,5),
 (10054,2,5,5,5),
 (10054,3,1,4,5),
 (10054,4,1,5,5),
 (10054,5,2,4,5),
 (10055,1,1,4,5),
 (10055,2,1,4,5),
 (10055,3,1,5,5),
 (10055,4,5,5,5),
 (10055,5,2,4,5),
 (10056,1,1,5,5),
 (10056,2,1,4,5),
 (10056,3,5,5,5),
 (10056,4,1,4,5),
 (10056,5,2,4,5),
 (10057,1,1,5,5),
 (10057,2,1,5,5),
 (10057,3,1,5,5),
 (10057,4,1,5,5),
 (10057,5,2,5,5),
 (10058,1,2,3,4),
 (10058,2,2,4,4),
 (10058,3,1,3,4),
 (10058,4,1,3,4),
 (10058,5,2,4,4),
 (10059,1,1,3,3),
 (10059,2,1,3,3),
 (10059,3,1,3,4),
 (10059,4,1,4,4),
 (10059,5,2,2,4),
 (10060,1,1,3,4),
 (10060,2,1,2,3),
 (10060,3,3,4,5),
 (10060,4,1,3,3),
 (10060,5,3,3,4),
 (10061,1,3,3,5),
 (10061,2,1,3,5),
 (10061,3,1,3,3),
 (10061,4,1,2,3),
 (10061,5,4,5,5),
 (10062,1,1,3,3),
 (10062,2,1,3,3),
 (10062,3,3,5,5),
 (10062,4,3,3,4),
 (10062,5,2,2,4),
 (10063,1,1,3,5),
 (10063,2,1,3,5),
 (10063,3,1,3,5),
 (10063,4,1,3,5),
 (10063,5,2,3,5),
 (10064,1,3,3,5),
 (10064,2,1,4,4),
 (10064,3,1,3,4),
 (10064,4,1,3,3),
 (10064,5,3,5,5),
 (10065,1,3,5,5),
 (10065,2,1,1,1),
 (10065,3,1,3,5),
 (10065,4,1,1,3),
 (10065,5,2,3,4);
--GO
--DROP TABLE IF EXISTS locations;
CREATE TABLE locations (
	id INT NOT NULL, 
	region_id INT, 
	identifier VARCHAR(79) NOT NULL, 
	is_main_series BIT DEFAULT(1) NOT NULL, --Room for expansion
	PRIMARY KEY (id), 
	FOREIGN KEY(region_id) REFERENCES regions (id) ON UPDATE CASCADE ON DELETE NO ACTION
);
INSERT INTO [locations] (id,region_id,identifier) VALUES (1,4,'canalave-city'),
 (2,4,'eterna-city'),
 (3,4,'pastoria-city'),
 (4,4,'sunyshore-city'),
 (5,4,'sinnoh-pokemon-league'),
 (6,4,'oreburgh-mine'),
 (7,4,'valley-windworks'),
 (8,4,'eterna-forest'),
 (9,4,'fuego-ironworks'),
 (10,4,'mt-coronet'),
 (11,4,'great-marsh'),
 (12,4,'solaceon-ruins'),
 (13,4,'sinnoh-victory-road'),
 (14,4,'ravaged-path'),
 (15,4,'oreburgh-gate'),
 (16,4,'stark-mountain'),
 (17,4,'spring-path'),
 (18,4,'turnback-cave'),
 (19,4,'snowpoint-temple'),
 (20,4,'wayward-cave'),
 (22,4,'ruin-maniac-cave'),
 (23,4,'trophy-garden'),
 (24,4,'iron-island'),
 (25,4,'old-chateau'),
 (26,4,'lake-verity'),
 (27,4,'lake-valor'),
 (28,4,'lake-acuity'),
 (29,4,'valor-lakefront'),
 (30,4,'acuity-lakefront'),
 (31,4,'sinnoh-route-201'),
 (32,4,'sinnoh-route-202'),
 (33,4,'sinnoh-route-203'),
 (34,4,'sinnoh-route-204'),
 (35,4,'sinnoh-route-205'),
 (36,4,'sinnoh-route-206'),
 (37,4,'sinnoh-route-207'),
 (38,4,'sinnoh-route-208'),
 (39,4,'sinnoh-route-209'),
 (40,4,'lost-tower'),
 (41,4,'sinnoh-route-210'),
 (42,4,'sinnoh-route-211'),
 (43,4,'sinnoh-route-212'),
 (44,4,'sinnoh-route-213'),
 (45,4,'sinnoh-route-214'),
 (46,4,'sinnoh-route-215'),
 (47,4,'sinnoh-route-216'),
 (48,4,'sinnoh-route-217'),
 (49,4,'sinnoh-route-218'),
 (50,4,'sinnoh-route-219'),
 (51,4,'sinnoh-route-221'),
 (52,4,'sinnoh-route-222'),
 (53,4,'sinnoh-route-224'),
 (54,4,'sinnoh-route-225'),
 (55,4,'sinnoh-route-227'),
 (56,4,'sinnoh-route-228'),
 (57,4,'sinnoh-route-229'),
 (58,4,'twinleaf-town'),
 (59,4,'celestic-town'),
 (60,4,'resort-area'),
 (61,4,'sinnoh-sea-route-220'),
 (62,4,'sinnoh-sea-route-223'),
 (63,4,'sinnoh-sea-route-226'),
 (64,4,'sinnoh-sea-route-230'),
 (65,2,'blackthorn-city'),
 (66,2,'burned-tower'),
 (67,1,'celadon-city'),
 (68,1,'cerulean-city'),
 (69,2,'cherrygrove-city'),
 (70,2,'cianwood-city'),
 (71,1,'cinnabar-island'),
 (72,2,'dark-cave'),
 (73,1,'digletts-cave'),
 (74,2,'dragons-den'),
 (75,2,'ecruteak-city'),
 (76,1,'fuchsia-city'),
 (77,2,'ice-path'),
 (78,2,'ilex-forest'),
 (79,2,'lake-of-rage'),
 (80,1,'mt-moon'),
 (81,2,'mt-mortar'),
 (82,2,'mt-silver'),
 (83,2,'national-park'),
 (84,2,'new-bark-town'),
 (85,2,'olivine-city'),
 (86,1,'pallet-town'),
 (87,1,'rock-tunnel'),
 (88,1,'kanto-route-1'),
 (89,1,'kanto-route-10'),
 (90,1,'kanto-route-11'),
 (91,1,'kanto-route-12'),
 (92,1,'kanto-route-13'),
 (93,1,'kanto-route-14'),
 (94,1,'kanto-route-15'),
 (95,1,'kanto-route-16'),
 (96,1,'kanto-route-17'),
 (97,1,'kanto-route-18'),
 (98,1,'kanto-sea-route-19'),
 (99,1,'kanto-route-2'),
 (100,1,'kanto-sea-route-20'),
 (101,1,'kanto-sea-route-21'),
 (102,1,'kanto-route-22'),
 (103,1,'kanto-route-24'),
 (104,1,'kanto-route-25'),
 (105,1,'kanto-route-26'),
 (106,1,'kanto-route-27'),
 (107,1,'kanto-route-28'),
 (108,2,'johto-route-29'),
 (109,1,'kanto-route-3'),
 (110,2,'johto-route-30'),
 (111,2,'johto-route-31'),
 (112,2,'johto-route-32'),
 (113,2,'johto-route-33'),
 (114,2,'johto-route-34'),
 (115,2,'johto-route-35'),
 (116,2,'johto-route-36'),
 (117,2,'johto-route-37'),
 (118,2,'johto-route-38'),
 (119,2,'johto-route-39'),
 (120,1,'kanto-route-4'),
 (121,2,'johto-sea-route-40'),
 (122,2,'johto-sea-route-41'),
 (123,2,'johto-route-42'),
 (124,2,'johto-route-43'),
 (125,2,'johto-route-44'),
 (126,2,'johto-route-45'),
 (127,2,'johto-route-46'),
 (128,2,'johto-route-47'),
 (129,2,'johto-route-48'),
 (130,1,'kanto-route-5'),
 (131,1,'kanto-route-6'),
 (132,1,'kanto-route-7'),
 (133,1,'kanto-route-8'),
 (134,1,'kanto-route-9'),
 (135,2,'ruins-of-alph'),
 (136,1,'seafoam-islands'),
 (137,2,'slowpoke-well'),
 (138,2,'sprout-tower'),
 (139,2,'bell-tower'),
 (140,2,'tohjo-falls'),
 (141,2,'union-cave'),
 (147,1,'cerulean-cave'),
 (148,2,'unknown-all-poliwag'),
 (149,2,'unknown-all-rattata'),
 (150,2,'unknown-all-bugs'),
 (151,1,'vermilion-city'),
 (152,1,'kanto-victory-road-1'),
 (153,2,'violet-city'),
 (154,1,'viridian-city'),
 (155,1,'viridian-forest'),
 (156,2,'whirl-islands'),
 (157,1,'kanto-route-23'),
 (158,1,'power-plant'),
 (159,1,'kanto-victory-road-2'),
 (160,1,'pokemon-tower'),
 (161,1,'pokemon-mansion'),
 (162,1,'kanto-safari-zone'),
 (163,4,'sandgem-town'),
 (164,4,'floaroma-town'),
 (165,4,'solaceon-town'),
 (167,4,'jubilife-city'),
 (168,4,'oreburgh-city'),
 (169,4,'hearthome-city'),
 (170,4,'veilstone-city'),
 (171,4,'snowpoint-city'),
 (172,4,'spear-pillar'),
 (173,4,'pal-park'),
 (174,4,'amity-square'),
 (175,4,'floaroma-meadow'),
 (177,4,'fullmoon-island'),
 (178,4,'sendoff-spring'),
 (179,4,'flower-paradise'),
 (180,4,'maniac-tunnel'),
 (181,4,'galactic-hq'),
 (182,4,'verity-lakefront'),
 (183,4,'newmoon-island'),
 (184,4,'sinnoh-battle-tower'),
 (185,4,'fight-area'),
 (186,4,'survival-area'),
 (187,4,'seabreak-path'),
 (188,4,'sinnoh-hall-of-origin-1'),
 (189,4,'sinnoh-hall-of-origin-2'),
 (190,4,'verity-cavern'),
 (191,4,'valor-cavern'),
 (192,4,'acuity-cavern'),
 (193,4,'jubilife-tv'),
 (194,4,'poketch-co'),
 (195,4,'gts'),
 (196,4,'trainers-school'),
 (197,4,'mining-museum'),
 (198,4,'sinnoh-flower-shop'),
 (199,4,'sinnoh-cycle-shop'),
 (200,4,'contest-hall'),
 (201,4,'poffin-house'),
 (202,4,'sinnoh-foreign-building'),
 (203,4,'pokemon-day-care'),
 (204,4,'veilstone-store'),
 (205,4,'sinnoh-game-corner'),
 (206,4,'canalave-library'),
 (207,4,'vista-lighthouse'),
 (208,4,'sunyshore-market'),
 (209,4,'footstep-house'),
 (210,4,'sinnoh-cafe'),
 (211,4,'grand-lake'),
 (212,4,'sinnoh-restaurant'),
 (213,4,'battle-park'),
 (214,4,'battle-frontier'),
 (215,4,'battle-factory'),
 (216,4,'battle-castle'),
 (217,4,'battle-arcade'),
 (218,4,'battle-hall'),
 (219,4,'distortion-world'),
 (220,4,'sinnoh-global-terminal'),
 (221,4,'sinnoh-villa'),
 (222,4,'battleground'),
 (223,4,'rotoms-room'),
 (224,4,'tg-eterna-bldg'),
 (225,4,'iron-ruins'),
 (226,4,'iceberg-ruins'),
 (227,4,'rock-peak-ruins'),
 (228,2,'azalea-town'),
 (229,2,'goldenrod-city'),
 (230,2,'mahogany-town'),
 (231,1,'pewter-city'),
 (232,1,'lavender-town'),
 (233,1,'indigo-plateau'),
 (234,1,'saffron-city'),
 (236,2,'johto-lighthouse'),
 (237,2,'team-rocket-hq'),
 (238,2,'goldenrod-tunnel'),
 (239,2,'mt-silver-cave'),
 (241,2,'pokeathlon-dome'),
 (242,2,'ss-aqua'),
 (243,2,'safari-zone-gate'),
 (244,2,'cliff-cave'),
 (245,2,'frontier-access'),
 (246,2,'bellchime-trail'),
 (247,2,'sinjoh-ruins'),
 (248,2,'embedded-tower'),
 (249,2,'pokewalker'),
 (250,2,'cliff-edge-gate'),
 (252,2,'radio-tower'),
 (253,NULL,'day-care-couple'),
 (254,NULL,'link-trade-arrive'),
 (255,NULL,'link-trade-met'),
 (256,NULL,'kanto'),
 (257,NULL,'johto'),
 (258,NULL,'hoenn'),
 (259,NULL,'sinnoh'),
 (260,NULL,'distant-land'),
 (261,NULL,'traveling-man'),
 (262,NULL,'riley'),
 (263,NULL,'cynthia'),
 (264,NULL,'mystery-zone'),
 (265,NULL,'lovely-place'),
 (266,NULL,'pokemon-ranger'),
 (267,NULL,'faraway-place'),
 (268,NULL,'pokemon-movie'),
 (269,NULL,'pokemon-movie-06'),
 (270,NULL,'pokemon-movie-07'),
 (271,NULL,'pokemon-movie-08'),
 (272,NULL,'pokemon-movie-09'),
 (273,NULL,'pokemon-movie-10'),
 (274,NULL,'pokemon-movie-11'),
 (275,NULL,'pokemon-movie-12'),
 (276,NULL,'pokemon-movie-13'),
 (277,NULL,'pokemon-movie-14'),
 (278,NULL,'pokemon-movie-15'),
 (279,NULL,'pokemon-movie-16'),
 (280,NULL,'pokemon-cartoon'),
 (281,NULL,'space-world'),
 (282,NULL,'space-world-06'),
 (283,NULL,'space-world-07'),
 (284,NULL,'space-world-08'),
 (285,NULL,'space-world-09'),
 (286,NULL,'space-world-10'),
 (287,NULL,'space-world-11'),
 (288,NULL,'space-world-12'),
 (289,NULL,'space-world-13'),
 (290,NULL,'space-world-14'),
 (291,NULL,'space-world-15'),
 (292,NULL,'space-world-16'),
 (293,NULL,'pokemon-festa'),
 (294,NULL,'pokemon-festa-06'),
 (295,NULL,'pokemon-festa-07'),
 (296,NULL,'pokemon-festa-08'),
 (297,NULL,'pokemon-festa-09'),
 (298,NULL,'pokemon-festa-10'),
 (299,NULL,'pokemon-festa-11'),
 (300,NULL,'pokemon-festa-12'),
 (301,NULL,'pokemon-festa-13'),
 (302,NULL,'pokemon-festa-14'),
 (303,NULL,'pokemon-festa-15'),
 (304,NULL,'pokemon-festa-16'),
 (305,NULL,'pokepark'),
 (306,NULL,'pokepark-06'),
 (307,NULL,'pokepark-07'),
 (308,NULL,'pokepark-08'),
 (309,NULL,'pokepark-09'),
 (310,NULL,'pokepark-10'),
 (311,NULL,'pokepark-11'),
 (312,NULL,'pokepark-12'),
 (313,NULL,'pokepark-13'),
 (314,NULL,'pokepark-14'),
 (315,NULL,'pokepark-15'),
 (316,NULL,'pokepark-16'),
 (317,NULL,'pokemon-center'),
 (318,NULL,'pc-tokyo'),
 (319,NULL,'pc-osaka'),
 (320,NULL,'pc-fukuoka'),
 (321,NULL,'pc-nagoya'),
 (322,NULL,'pc-sapporo'),
 (323,NULL,'pc-yokohama'),
 (324,NULL,'nintendo-world'),
 (325,NULL,'pokemon-event'),
 (326,NULL,'pokemon-event-06'),
 (327,NULL,'pokemon-event-07'),
 (328,NULL,'pokemon-event-08'),
 (329,NULL,'pokemon-event-09'),
 (330,NULL,'pokemon-event-10'),
 (331,NULL,'pokemon-event-11'),
 (332,NULL,'pokemon-event-12'),
 (333,NULL,'pokemon-event-13'),
 (334,NULL,'pokemon-event-14'),
 (335,NULL,'pokemon-event-15'),
 (336,NULL,'pokemon-event-16'),
 (337,NULL,'wi-fi-event'),
 (338,NULL,'wi-fi-gift'),
 (339,NULL,'pokemon-fan-club'),
 (340,NULL,'event-site'),
 (341,NULL,'concert-event'),
 (342,NULL,'mr-pokemon'),
 (343,NULL,'primo'),
 (344,5,'unova-mystery-zone'),
 (345,5,'unova-faraway-place'),
 (346,5,'nuvema-town'),
 (347,5,'accumula-town'),
 (348,5,'striaton-city'),
 (349,5,'nacrene-city'),
 (350,5,'castelia-city'),
 (351,5,'nimbasa-city'),
 (352,5,'driftveil-city'),
 (353,5,'mistralton-city'),
 (354,5,'icirrus-city'),
 (355,5,'opelucid-city'),
 (356,5,'unova-route-1'),
 (357,5,'unova-route-2'),
 (358,5,'unova-route-3'),
 (359,5,'unova-route-4'),
 (360,5,'unova-route-5'),
 (361,5,'unova-route-6'),
 (362,5,'unova-route-7'),
 (363,5,'unova-route-8'),
 (364,5,'unova-route-9'),
 (365,5,'unova-route-10'),
 (366,5,'unova-route-11'),
 (367,5,'unova-route-12'),
 (368,5,'unova-route-13'),
 (369,5,'unova-route-14'),
 (370,5,'unova-route-15'),
 (371,5,'unova-route-16'),
 (372,5,'unova-route-17'),
 (373,5,'unova-route-18'),
 (374,5,'dreamyard'),
 (375,5,'pinwheel-forest'),
 (376,5,'desert-resort'),
 (377,5,'relic-castle'),
 (378,5,'cold-storage'),
 (379,5,'chargestone-cave'),
 (380,5,'twist-mountain'),
 (381,5,'dragonspiral-tower'),
 (382,5,'unova-victory-road'),
 (383,5,'lacunosa-town'),
 (384,5,'undella-town'),
 (385,5,'anville-town'),
 (386,5,'unova-pokemon-league'),
 (387,5,'ns-castle'),
 (388,5,'royal-unova'),
 (389,5,'gear-station'),
 (390,5,'battle-subway'),
 (391,5,'musical-theater'),
 (392,5,'black-city'),
 (393,5,'white-forest'),
 (394,5,'unity-tower'),
 (395,5,'wellspring-cave'),
 (396,5,'mistralton-cave'),
 (397,5,'rumination-field'),
 (398,5,'celestial-tower'),
 (399,5,'moor-of-icirrus'),
 (400,5,'unova-shopping-mall'),
 (401,5,'challengers-cave'),
 (402,5,'poke-transfer-lab'),
 (403,5,'giant-chasm'),
 (404,5,'liberty-garden'),
 (405,5,'p2-laboratory'),
 (406,5,'skyarrow-bridge'),
 (407,5,'driftveil-drawbridge'),
 (408,5,'tubeline-bridge'),
 (409,5,'village-bridge'),
 (410,5,'marvelous-bridge'),
 (411,5,'entralink'),
 (412,5,'abundant-shrine'),
 (413,5,'undella-bay'),
 (414,5,'lostlorn-forest'),
 (415,5,'trial-chamber'),
 (416,5,'guidance-chamber'),
 (417,5,'entree-forest'),
 (418,5,'accumula-gate'),
 (419,5,'undella-gate'),
 (420,5,'nacrene-gate'),
 (421,5,'castelia-gate'),
 (422,5,'nimbasa-gate'),
 (423,5,'opelucid-gate'),
 (424,5,'black-gate'),
 (425,5,'white-gate'),
 (426,5,'bridge-gate'),
 (427,5,'route-gate'),
 (428,5,'abyssal-ruins'),
 (429,3,'petalburg-city'),
 (430,3,'slateport-city'),
 (431,3,'lilycove-city'),
 (432,3,'mossdeep-city'),
 (433,3,'sootopolis-city'),
 (434,3,'ever-grande-city'),
 (435,3,'meteor-falls'),
 (436,3,'rusturf-tunnel'),
 (437,3,'granite-cave'),
 (438,3,'petalburg-woods'),
 (439,3,'jagged-pass'),
 (440,3,'fiery-path'),
 (441,3,'mt-pyre'),
 (442,3,'seafloor-cavern'),
 (443,3,'cave-of-origin'),
 (444,3,'hoenn-victory-road'),
 (445,3,'shoal-cave'),
 (446,3,'new-mauville'),
 (447,3,'abandoned-ship'),
 (448,3,'sky-pillar'),
 (449,3,'hoenn-route-101'),
 (450,3,'hoenn-route-102'),
 (451,3,'hoenn-route-103'),
 (452,3,'hoenn-route-104'),
 (453,3,'hoenn-route-105'),
 (454,3,'hoenn-route-106'),
 (455,3,'hoenn-route-107'),
 (456,3,'hoenn-route-108'),
 (457,3,'hoenn-route-109'),
 (458,3,'hoenn-route-110'),
 (459,3,'hoenn-route-111'),
 (460,3,'hoenn-route-112'),
 (461,3,'hoenn-route-113'),
 (462,3,'hoenn-route-114'),
 (463,3,'hoenn-route-115'),
 (464,3,'hoenn-route-116'),
 (465,3,'hoenn-route-117'),
 (466,3,'hoenn-route-118'),
 (467,3,'hoenn-route-119'),
 (468,3,'hoenn-route-120'),
 (469,3,'hoenn-route-121'),
 (470,3,'hoenn-route-122'),
 (471,3,'hoenn-route-123'),
 (472,3,'hoenn-route-124'),
 (473,3,'hoenn-route-125'),
 (474,3,'hoenn-route-126'),
 (475,3,'hoenn-route-127'),
 (476,3,'hoenn-route-128'),
 (477,3,'hoenn-route-129'),
 (478,3,'hoenn-route-130'),
 (479,3,'hoenn-route-131'),
 (480,3,'hoenn-route-132'),
 (481,3,'hoenn-route-133'),
 (482,3,'hoenn-route-134'),
 (483,3,'hoenn-safari-zone'),
 (484,3,'dewford-town'),
 (485,3,'pacifidlog-town'),
 (486,3,'magma-hideout'),
 (487,3,'mirage-tower'),
 (488,3,'desert-underpass'),
 (489,3,'artisan-cave'),
 (490,3,'hoenn-altering-cave'),
 (491,1,'monean-chamber'),
 (492,1,'liptoo-chamber'),
 (493,1,'weepth-chamber'),
 (494,1,'dilford-chamber'),
 (495,1,'scufib-chamber'),
 (496,1,'rixy-chamber'),
 (497,1,'viapos-chamber'),
 (498,1,'ss-anne'),
 (500,1,'mt-ember'),
 (501,1,'berry-forest'),
 (502,1,'icefall-cave'),
 (503,1,'pattern-bush'),
 (504,1,'lost-cave'),
 (505,1,'kindle-road'),
 (506,1,'treasure-beach'),
 (507,1,'cape-brink'),
 (508,1,'bond-bridge'),
 (509,1,'three-isle-port'),
 (510,1,'resort-gorgeous'),
 (511,1,'water-labyrinth'),
 (512,1,'five-isle-meadow'),
 (513,1,'memorial-pillar'),
 (514,1,'outcast-island'),
 (515,1,'green-path'),
 (516,1,'water-path'),
 (517,1,'ruin-valley'),
 (518,1,'trainer-tower'),
 (519,1,'canyon-entrance'),
 (520,1,'sevault-canyon'),
 (521,1,'tanoby-ruins'),
 (526,1,'one-island'),
 (527,1,'four-island'),
 (528,1,'five-island'),
 (529,1,'kanto-altering-cave'),
 (531,5,'aspertia-city'),
 (532,5,'virbank-city'),
 (533,5,'humilau-city'),
 (534,5,'pokestar-studios'),
 (535,5,'join-avenue'),
 (536,5,'floccesy-town'),
 (537,5,'lentimas-town'),
 (538,5,'route-19'),
 (539,5,'route-20'),
 (540,5,'route-21'),
 (541,5,'route-22'),
 (542,5,'route-23'),
 (543,5,'castelia-sewers'),
 (544,5,'floccesy-ranch'),
 (545,5,'virbank-complex'),
 (546,5,'reversal-mountain'),
 (547,5,'strange-house'),
 (548,5,'unova-victory-road-2'),
 (549,5,'plasma-frigate'),
 (550,5,'relic-passage'),
 (551,5,'clay-tunnel'),
 (552,5,'white-treehollow'),
 (553,5,'black-tower'),
 (554,5,'seaside-cave'),
 (555,5,'cave-of-being'),
 (556,5,'hidden-grotto'),
 (557,5,'marine-tube'),
 (558,5,'virbank-gate'),
 (559,5,'aspertia-gate'),
 (560,5,'nature-sanctuary'),
 (561,5,'medal-secretariat'),
 (562,5,'underground-ruins'),
 (563,5,'rocky-mountain-room'),
 (564,5,'glacier-room'),
 (565,5,'iron-room'),
 (566,5,'pledge-grove'),
 (567,3,'littleroot-town'),
 (568,3,'oldale-town'),
 (569,3,'lavaridge-town'),
 (570,3,'fallarbor-town'),
 (571,3,'verdanturf-town'),
 (572,3,'mauville-city'),
 (573,3,'rustboro-city'),
 (574,3,'fortree-city'),
 (575,3,'underwater'),
 (576,3,'mt-chimney'),
 (577,3,'mirage-island'),
 (578,3,'southern-island'),
 (579,3,'sealed-chamber'),
 (580,3,'scorched-slab'),
 (581,3,'island-cave'),
 (582,3,'desert-ruins'),
 (583,3,'ancient-tomb'),
 (584,3,'inside-of-truck'),
 (585,3,'secret-base'),
 (586,3,'hoenn-battle-tower'),
 (587,6,'vaniville-town'),
 (588,6,'kalos-route-1'),
 (589,6,'vaniville-pathway'),
 (590,6,'aquacorde-town'),
 (591,6,'kalos-route-2'),
 (592,6,'avance-trail'),
 (593,6,'santalune-forest'),
 (594,6,'kalos-route-3'),
 (595,6,'ouvert-way'),
 (596,6,'santalune-city'),
 (597,6,'kalos-route-4'),
 (598,6,'parterre-way'),
 (599,6,'lumiose-city'),
 (600,6,'prism-tower'),
 (601,6,'lysandre-labs'),
 (602,6,'kalos-route-5'),
 (603,6,'versant-road'),
 (604,6,'camphrier-town'),
 (605,6,'shabboneau-castle'),
 (606,6,'kalos-route-6'),
 (607,6,'palais-lane'),
 (608,6,'parfum-palace'),
 (609,6,'kalos-route-7'),
 (610,6,'rivière-walk'),
 (611,6,'cyllage-city'),
 (612,6,'kalos-route-8'),
 (613,6,'muraille-coast'),
 (614,6,'ambrette-town'),
 (615,6,'kalos-route-9'),
 (616,6,'spikes-passage'),
 (617,6,'battle-chateau'),
 (618,6,'kalos-route-10'),
 (619,6,'menhir-trail'),
 (620,6,'geosenge-town'),
 (621,6,'kalos-route-11'),
 (622,6,'miroir-way'),
 (623,6,'reflection-cave'),
 (624,6,'shalour-city'),
 (625,6,'tower-of-mastery'),
 (626,6,'kalos-route-12'),
 (627,6,'fourrage-road'),
 (628,6,'coumarine-city'),
 (629,6,'kalos-route-13'),
 (630,6,'lumiose-badlands'),
 (631,6,'kalos-route-14'),
 (632,6,'laverre-nature-trail'),
 (633,6,'laverre-city'),
 (634,6,'poke-ball-factory'),
 (635,6,'kalos-route-15'),
 (636,6,'brun-way'),
 (637,6,'dendemille-town'),
 (638,6,'kalos-route-16'),
 (639,6,'melancolie-path'),
 (640,6,'frost-cavern'),
 (641,6,'kalos-route-17'),
 (642,6,'mamoswine-road'),
 (643,6,'anistar-city'),
 (644,6,'kalos-route-18'),
 (645,6,'vallee-etroite-way'),
 (646,6,'couriway-town'),
 (647,6,'kalos-route-19'),
 (648,6,'grande-vallee-way'),
 (649,6,'snowbelle-city'),
 (650,6,'kalos-route-20'),
 (651,6,'winding-woods'),
 (652,6,'pokemon-village'),
 (653,6,'kalos-route-21'),
 (654,6,'dernière-way'),
 (655,6,'kalos-route-22'),
 (656,6,'detourner-way'),
 (657,6,'victory-road'),
 (658,6,'pokemon-league'),
 (659,6,'kiloude-city'),
 (660,6,'battle-maison'),
 (661,6,'azure-bay'),
 (662,6,'dendemille-gate'),
 (663,6,'couriway-gate'),
 (664,6,'ambrette-gate'),
 (665,6,'lumiose-gate'),
 (666,6,'shalour-gate'),
 (667,6,'coumarine-gate'),
 (668,6,'laverre-gate'),
 (669,6,'anistar-gate'),
 (670,6,'snowbelle-gate'),
 (671,6,'glittering-cave'),
 (672,6,'connecting-cave'),
 (673,6,'zubat-roost'),
 (674,6,'kalos-power-plant'),
 (675,6,'team-flare-secret-hq'),
 (676,6,'terminus-cave'),
 (677,6,'lost-hotel'),
 (678,6,'chamber-of-emptiness'),
 (679,6,'sea-spirits-den'),
 (680,6,'friend-safari'),
 (681,6,'blazing-chamber'),
 (682,6,'flood-chamber'),
 (683,6,'ironworks-chamber'),
 (684,6,'dragonmark-chamber'),
 (685,6,'radiant-chamber'),
 (686,6,'pokemon-league-gate'),
 (687,6,'lumiose-station'),
 (688,6,'kiloude-station'),
 (689,6,'ambrette-aquarium'),
 (690,6,'unknown-dungeon');
--GO
--DROP TABLE IF EXISTS genders;
CREATE TABLE genders (
	id INT NOT NULL, 
	identifier VARCHAR(79) NOT NULL, 
	PRIMARY KEY (id)
);
INSERT INTO [genders] (id,identifier) VALUES (1,'female'),
 (2,'male'),
 (3,'genderless');
--GO
--DROP TABLE IF EXISTS evolution_triggers;
CREATE TABLE evolution_triggers (
	id INT NOT NULL, 
	identifier VARCHAR(79) NOT NULL, 
	PRIMARY KEY (id)
);
INSERT INTO [evolution_triggers] (id,identifier) VALUES (1,'level-up'),
 (2,'trade'),
 (3,'use-item'),
 (4,'shed');
--GO
--DROP TABLE IF EXISTS pokemon_evolution;
CREATE TABLE pokemon_evolution (
	id INT NOT NULL, 
	evolved_species_id INT NOT NULL, 
	evolution_trigger_id INT NOT NULL, 
	trigger_item_id INT, 
	minimum_level INT, 
	gender_id INT, 
	location_id INT, 
	held_item_id INT, 
	time_of_day VARCHAR(5), --BIT or CHAR(D/day|N/night)
	known_move_id INT, 
	known_move_type_id INT, 
	minimum_happiness INT, 
	minimum_beauty INT, 
	minimum_affection INT, 
	relative_physical_stats INT, 
	party_species_id INT, 
	party_type_id INT, 
	trade_species_id INT, 
	needs_overworld_rain BIT NOT NULL, 
	turn_upside_down BIT NOT NULL, 
	PRIMARY KEY (id), 
	FOREIGN KEY(evolved_species_id) REFERENCES pokemon_species (id) ON UPDATE CASCADE ON DELETE NO ACTION, 
	FOREIGN KEY(evolution_trigger_id) REFERENCES evolution_triggers (id) ON UPDATE CASCADE ON DELETE NO ACTION, 
	FOREIGN KEY(trigger_item_id) REFERENCES items (id) ON UPDATE NO ACTION ON DELETE NO ACTION, 
	FOREIGN KEY(gender_id) REFERENCES genders (id) ON UPDATE CASCADE ON DELETE NO ACTION, 
	FOREIGN KEY(location_id) REFERENCES locations (id) ON UPDATE NO ACTION ON DELETE NO ACTION, 
	FOREIGN KEY(held_item_id) REFERENCES items (id) ON UPDATE NO ACTION ON DELETE NO ACTION, 
	CONSTRAINT pokemon_evolution_time_of_day CHECK (time_of_day IN ('day', 'night')), 
	FOREIGN KEY(known_move_id) REFERENCES moves (id) ON UPDATE NO ACTION ON DELETE NO ACTION, 
	FOREIGN KEY(known_move_type_id) REFERENCES [types] (id) ON UPDATE NO ACTION ON DELETE NO ACTION, 
	FOREIGN KEY(party_species_id) REFERENCES pokemon_species (id) ON UPDATE NO ACTION ON DELETE NO ACTION, 
	FOREIGN KEY(party_type_id) REFERENCES [types] (id) ON UPDATE NO ACTION ON DELETE NO ACTION, 
	FOREIGN KEY(trade_species_id) REFERENCES pokemon_species (id) ON UPDATE NO ACTION ON DELETE NO ACTION, 
	CHECK (needs_overworld_rain IN (0, 1)), 
	CHECK (turn_upside_down IN (0, 1))
);
INSERT INTO [pokemon_evolution] (id,evolved_species_id,evolution_trigger_id,trigger_item_id,minimum_level,gender_id,location_id,held_item_id,time_of_day,known_move_id,known_move_type_id,minimum_happiness,minimum_beauty,minimum_affection,relative_physical_stats,party_species_id,party_type_id,trade_species_id,needs_overworld_rain,turn_upside_down) VALUES (1,2,1,NULL,16,NULL,NULL,NULL,NULL,NULL,NULL,NULL,NULL,NULL,NULL,NULL,NULL,NULL,0,0),
 (2,3,1,NULL,32,NULL,NULL,NULL,NULL,NULL,NULL,NULL,NULL,NULL,NULL,NULL,NULL,NULL,0,0),
 (3,5,1,NULL,16,NULL,NULL,NULL,NULL,NULL,NULL,NULL,NULL,NULL,NULL,NULL,NULL,NULL,0,0),
 (4,6,1,NULL,36,NULL,NULL,NULL,NULL,NULL,NULL,NULL,NULL,NULL,NULL,NULL,NULL,NULL,0,0),
 (5,8,1,NULL,16,NULL,NULL,NULL,NULL,NULL,NULL,NULL,NULL,NULL,NULL,NULL,NULL,NULL,0,0),
 (6,9,1,NULL,36,NULL,NULL,NULL,NULL,NULL,NULL,NULL,NULL,NULL,NULL,NULL,NULL,NULL,0,0),
 (7,11,1,NULL,7,NULL,NULL,NULL,NULL,NULL,NULL,NULL,NULL,NULL,NULL,NULL,NULL,NULL,0,0),
 (8,12,1,NULL,10,NULL,NULL,NULL,NULL,NULL,NULL,NULL,NULL,NULL,NULL,NULL,NULL,NULL,0,0),
 (9,14,1,NULL,7,NULL,NULL,NULL,NULL,NULL,NULL,NULL,NULL,NULL,NULL,NULL,NULL,NULL,0,0),
 (10,15,1,NULL,10,NULL,NULL,NULL,NULL,NULL,NULL,NULL,NULL,NULL,NULL,NULL,NULL,NULL,0,0),
 (11,17,1,NULL,18,NULL,NULL,NULL,NULL,NULL,NULL,NULL,NULL,NULL,NULL,NULL,NULL,NULL,0,0),
 (12,18,1,NULL,36,NULL,NULL,NULL,NULL,NULL,NULL,NULL,NULL,NULL,NULL,NULL,NULL,NULL,0,0),
 (13,20,1,NULL,20,NULL,NULL,NULL,NULL,NULL,NULL,NULL,NULL,NULL,NULL,NULL,NULL,NULL,0,0),
 (14,22,1,NULL,20,NULL,NULL,NULL,NULL,NULL,NULL,NULL,NULL,NULL,NULL,NULL,NULL,NULL,0,0),
 (15,24,1,NULL,22,NULL,NULL,NULL,NULL,NULL,NULL,NULL,NULL,NULL,NULL,NULL,NULL,NULL,0,0),
 (16,25,1,NULL,NULL,NULL,NULL,NULL,NULL,NULL,NULL,220,NULL,NULL,NULL,NULL,NULL,NULL,0,0),
 (17,26,3,83,NULL,NULL,NULL,NULL,NULL,NULL,NULL,NULL,NULL,NULL,NULL,NULL,NULL,NULL,0,0),
 (18,28,1,NULL,22,NULL,NULL,NULL,NULL,NULL,NULL,NULL,NULL,NULL,NULL,NULL,NULL,NULL,0,0),
 (19,30,1,NULL,16,NULL,NULL,NULL,NULL,NULL,NULL,NULL,NULL,NULL,NULL,NULL,NULL,NULL,0,0),
 (20,31,3,81,NULL,NULL,NULL,NULL,NULL,NULL,NULL,NULL,NULL,NULL,NULL,NULL,NULL,NULL,0,0),
 (21,33,1,NULL,16,NULL,NULL,NULL,NULL,NULL,NULL,NULL,NULL,NULL,NULL,NULL,NULL,NULL,0,0),
 (22,34,3,81,NULL,NULL,NULL,NULL,NULL,NULL,NULL,NULL,NULL,NULL,NULL,NULL,NULL,NULL,0,0),
 (23,35,1,NULL,NULL,NULL,NULL,NULL,NULL,NULL,NULL,220,NULL,NULL,NULL,NULL,NULL,NULL,0,0),
 (24,36,3,81,NULL,NULL,NULL,NULL,NULL,NULL,NULL,NULL,NULL,NULL,NULL,NULL,NULL,NULL,0,0),
 (25,38,3,82,NULL,NULL,NULL,NULL,NULL,NULL,NULL,NULL,NULL,NULL,NULL,NULL,NULL,NULL,0,0),
 (26,39,1,NULL,NULL,NULL,NULL,NULL,NULL,NULL,NULL,220,NULL,NULL,NULL,NULL,NULL,NULL,0,0),
 (27,40,3,81,NULL,NULL,NULL,NULL,NULL,NULL,NULL,NULL,NULL,NULL,NULL,NULL,NULL,NULL,0,0),
 (28,42,1,NULL,22,NULL,NULL,NULL,NULL,NULL,NULL,NULL,NULL,NULL,NULL,NULL,NULL,NULL,0,0),
 (29,44,1,NULL,21,NULL,NULL,NULL,NULL,NULL,NULL,NULL,NULL,NULL,NULL,NULL,NULL,NULL,0,0),
 (30,45,3,85,NULL,NULL,NULL,NULL,NULL,NULL,NULL,NULL,NULL,NULL,NULL,NULL,NULL,NULL,0,0),
 (31,47,1,NULL,24,NULL,NULL,NULL,NULL,NULL,NULL,NULL,NULL,NULL,NULL,NULL,NULL,NULL,0,0),
 (32,49,1,NULL,31,NULL,NULL,NULL,NULL,NULL,NULL,NULL,NULL,NULL,NULL,NULL,NULL,NULL,0,0),
 (33,51,1,NULL,26,NULL,NULL,NULL,NULL,NULL,NULL,NULL,NULL,NULL,NULL,NULL,NULL,NULL,0,0),
 (34,53,1,NULL,28,NULL,NULL,NULL,NULL,NULL,NULL,NULL,NULL,NULL,NULL,NULL,NULL,NULL,0,0),
 (35,55,1,NULL,33,NULL,NULL,NULL,NULL,NULL,NULL,NULL,NULL,NULL,NULL,NULL,NULL,NULL,0,0),
 (36,57,1,NULL,28,NULL,NULL,NULL,NULL,NULL,NULL,NULL,NULL,NULL,NULL,NULL,NULL,NULL,0,0),
 (37,59,3,82,NULL,NULL,NULL,NULL,NULL,NULL,NULL,NULL,NULL,NULL,NULL,NULL,NULL,NULL,0,0),
 (38,61,1,NULL,25,NULL,NULL,NULL,NULL,NULL,NULL,NULL,NULL,NULL,NULL,NULL,NULL,NULL,0,0),
 (39,62,3,84,NULL,NULL,NULL,NULL,NULL,NULL,NULL,NULL,NULL,NULL,NULL,NULL,NULL,NULL,0,0),
 (40,64,1,NULL,16,NULL,NULL,NULL,NULL,NULL,NULL,NULL,NULL,NULL,NULL,NULL,NULL,NULL,0,0),
 (41,65,2,NULL,NULL,NULL,NULL,NULL,NULL,NULL,NULL,NULL,NULL,NULL,NULL,NULL,NULL,NULL,0,0),
 (42,67,1,NULL,28,NULL,NULL,NULL,NULL,NULL,NULL,NULL,NULL,NULL,NULL,NULL,NULL,NULL,0,0),
 (43,68,2,NULL,NULL,NULL,NULL,NULL,NULL,NULL,NULL,NULL,NULL,NULL,NULL,NULL,NULL,NULL,0,0),
 (44,70,1,NULL,21,NULL,NULL,NULL,NULL,NULL,NULL,NULL,NULL,NULL,NULL,NULL,NULL,NULL,0,0),
 (45,71,3,85,NULL,NULL,NULL,NULL,NULL,NULL,NULL,NULL,NULL,NULL,NULL,NULL,NULL,NULL,0,0),
 (46,73,1,NULL,30,NULL,NULL,NULL,NULL,NULL,NULL,NULL,NULL,NULL,NULL,NULL,NULL,NULL,0,0),
 (47,75,1,NULL,25,NULL,NULL,NULL,NULL,NULL,NULL,NULL,NULL,NULL,NULL,NULL,NULL,NULL,0,0),
 (48,76,2,NULL,NULL,NULL,NULL,NULL,NULL,NULL,NULL,NULL,NULL,NULL,NULL,NULL,NULL,NULL,0,0),
 (49,78,1,NULL,40,NULL,NULL,NULL,NULL,NULL,NULL,NULL,NULL,NULL,NULL,NULL,NULL,NULL,0,0),
 (50,80,1,NULL,37,NULL,NULL,NULL,NULL,NULL,NULL,NULL,NULL,NULL,NULL,NULL,NULL,NULL,0,0),
 (51,82,1,NULL,30,NULL,NULL,NULL,NULL,NULL,NULL,NULL,NULL,NULL,NULL,NULL,NULL,NULL,0,0),
 (52,85,1,NULL,31,NULL,NULL,NULL,NULL,NULL,NULL,NULL,NULL,NULL,NULL,NULL,NULL,NULL,0,0),
 (53,87,1,NULL,34,NULL,NULL,NULL,NULL,NULL,NULL,NULL,NULL,NULL,NULL,NULL,NULL,NULL,0,0),
 (54,89,1,NULL,38,NULL,NULL,NULL,NULL,NULL,NULL,NULL,NULL,NULL,NULL,NULL,NULL,NULL,0,0),
 (55,91,3,84,NULL,NULL,NULL,NULL,NULL,NULL,NULL,NULL,NULL,NULL,NULL,NULL,NULL,NULL,0,0),
 (56,93,1,NULL,25,NULL,NULL,NULL,NULL,NULL,NULL,NULL,NULL,NULL,NULL,NULL,NULL,NULL,0,0),
 (57,94,2,NULL,NULL,NULL,NULL,NULL,NULL,NULL,NULL,NULL,NULL,NULL,NULL,NULL,NULL,NULL,0,0),
 (58,97,1,NULL,26,NULL,NULL,NULL,NULL,NULL,NULL,NULL,NULL,NULL,NULL,NULL,NULL,NULL,0,0),
 (59,99,1,NULL,28,NULL,NULL,NULL,NULL,NULL,NULL,NULL,NULL,NULL,NULL,NULL,NULL,NULL,0,0),
 (60,101,1,NULL,30,NULL,NULL,NULL,NULL,NULL,NULL,NULL,NULL,NULL,NULL,NULL,NULL,NULL,0,0),
 (61,103,3,85,NULL,NULL,NULL,NULL,NULL,NULL,NULL,NULL,NULL,NULL,NULL,NULL,NULL,NULL,0,0),
 (62,105,1,NULL,28,NULL,NULL,NULL,NULL,NULL,NULL,NULL,NULL,NULL,NULL,NULL,NULL,NULL,0,0),
 (63,106,1,NULL,20,NULL,NULL,NULL,NULL,NULL,NULL,NULL,NULL,NULL,1,NULL,NULL,NULL,0,0),
 (64,107,1,NULL,20,NULL,NULL,NULL,NULL,NULL,NULL,NULL,NULL,NULL,-1,NULL,NULL,NULL,0,0),
 (65,110,1,NULL,35,NULL,NULL,NULL,NULL,NULL,NULL,NULL,NULL,NULL,NULL,NULL,NULL,NULL,0,0),
 (66,112,1,NULL,42,NULL,NULL,NULL,NULL,NULL,NULL,NULL,NULL,NULL,NULL,NULL,NULL,NULL,0,0),
 (67,113,1,NULL,NULL,NULL,NULL,110,'day',NULL,NULL,NULL,NULL,NULL,NULL,NULL,NULL,NULL,0,0),
 (68,117,1,NULL,32,NULL,NULL,NULL,NULL,NULL,NULL,NULL,NULL,NULL,NULL,NULL,NULL,NULL,0,0),
 (69,119,1,NULL,33,NULL,NULL,NULL,NULL,NULL,NULL,NULL,NULL,NULL,NULL,NULL,NULL,NULL,0,0),
 (70,121,3,84,NULL,NULL,NULL,NULL,NULL,NULL,NULL,NULL,NULL,NULL,NULL,NULL,NULL,NULL,0,0),
 (71,122,1,NULL,NULL,NULL,NULL,NULL,NULL,102,NULL,NULL,NULL,NULL,NULL,NULL,NULL,NULL,0,0),
 (72,124,1,NULL,30,NULL,NULL,NULL,NULL,NULL,NULL,NULL,NULL,NULL,NULL,NULL,NULL,NULL,0,0),
 (73,125,1,NULL,30,NULL,NULL,NULL,NULL,NULL,NULL,NULL,NULL,NULL,NULL,NULL,NULL,NULL,0,0),
 (74,126,1,NULL,30,NULL,NULL,NULL,NULL,NULL,NULL,NULL,NULL,NULL,NULL,NULL,NULL,NULL,0,0),
 (75,130,1,NULL,20,NULL,NULL,NULL,NULL,NULL,NULL,NULL,NULL,NULL,NULL,NULL,NULL,NULL,0,0),
 (76,134,3,84,NULL,NULL,NULL,NULL,NULL,NULL,NULL,NULL,NULL,NULL,NULL,NULL,NULL,NULL,0,0),
 (77,135,3,83,NULL,NULL,NULL,NULL,NULL,NULL,NULL,NULL,NULL,NULL,NULL,NULL,NULL,NULL,0,0),
 (78,136,3,82,NULL,NULL,NULL,NULL,NULL,NULL,NULL,NULL,NULL,NULL,NULL,NULL,NULL,NULL,0,0),
 (79,139,1,NULL,40,NULL,NULL,NULL,NULL,NULL,NULL,NULL,NULL,NULL,NULL,NULL,NULL,NULL,0,0),
 (80,141,1,NULL,40,NULL,NULL,NULL,NULL,NULL,NULL,NULL,NULL,NULL,NULL,NULL,NULL,NULL,0,0),
 (81,143,1,NULL,NULL,NULL,NULL,NULL,NULL,NULL,NULL,220,NULL,NULL,NULL,NULL,NULL,NULL,0,0),
 (82,148,1,NULL,30,NULL,NULL,NULL,NULL,NULL,NULL,NULL,NULL,NULL,NULL,NULL,NULL,NULL,0,0),
 (83,149,1,NULL,55,NULL,NULL,NULL,NULL,NULL,NULL,NULL,NULL,NULL,NULL,NULL,NULL,NULL,0,0),
 (84,153,1,NULL,16,NULL,NULL,NULL,NULL,NULL,NULL,NULL,NULL,NULL,NULL,NULL,NULL,NULL,0,0),
 (85,154,1,NULL,32,NULL,NULL,NULL,NULL,NULL,NULL,NULL,NULL,NULL,NULL,NULL,NULL,NULL,0,0),
 (86,156,1,NULL,14,NULL,NULL,NULL,NULL,NULL,NULL,NULL,NULL,NULL,NULL,NULL,NULL,NULL,0,0),
 (87,157,1,NULL,36,NULL,NULL,NULL,NULL,NULL,NULL,NULL,NULL,NULL,NULL,NULL,NULL,NULL,0,0),
 (88,159,1,NULL,18,NULL,NULL,NULL,NULL,NULL,NULL,NULL,NULL,NULL,NULL,NULL,NULL,NULL,0,0),
 (89,160,1,NULL,30,NULL,NULL,NULL,NULL,NULL,NULL,NULL,NULL,NULL,NULL,NULL,NULL,NULL,0,0),
 (90,162,1,NULL,15,NULL,NULL,NULL,NULL,NULL,NULL,NULL,NULL,NULL,NULL,NULL,NULL,NULL,0,0),
 (91,164,1,NULL,20,NULL,NULL,NULL,NULL,NULL,NULL,NULL,NULL,NULL,NULL,NULL,NULL,NULL,0,0),
 (92,166,1,NULL,18,NULL,NULL,NULL,NULL,NULL,NULL,NULL,NULL,NULL,NULL,NULL,NULL,NULL,0,0),
 (93,168,1,NULL,22,NULL,NULL,NULL,NULL,NULL,NULL,NULL,NULL,NULL,NULL,NULL,NULL,NULL,0,0),
 (94,169,1,NULL,NULL,NULL,NULL,NULL,NULL,NULL,NULL,220,NULL,NULL,NULL,NULL,NULL,NULL,0,0),
 (95,171,1,NULL,27,NULL,NULL,NULL,NULL,NULL,NULL,NULL,NULL,NULL,NULL,NULL,NULL,NULL,0,0),
 (96,176,1,NULL,NULL,NULL,NULL,NULL,NULL,NULL,NULL,220,NULL,NULL,NULL,NULL,NULL,NULL,0,0),
 (97,178,1,NULL,25,NULL,NULL,NULL,NULL,NULL,NULL,NULL,NULL,NULL,NULL,NULL,NULL,NULL,0,0),
 (98,180,1,NULL,15,NULL,NULL,NULL,NULL,NULL,NULL,NULL,NULL,NULL,NULL,NULL,NULL,NULL,0,0),
 (99,181,1,NULL,30,NULL,NULL,NULL,NULL,NULL,NULL,NULL,NULL,NULL,NULL,NULL,NULL,NULL,0,0),
 (100,182,3,80,NULL,NULL,NULL,NULL,NULL,NULL,NULL,NULL,NULL,NULL,NULL,NULL,NULL,NULL,0,0),
 (101,183,1,NULL,NULL,NULL,NULL,NULL,NULL,NULL,NULL,220,NULL,NULL,NULL,NULL,NULL,NULL,0,0),
 (102,184,1,NULL,18,NULL,NULL,NULL,NULL,NULL,NULL,NULL,NULL,NULL,NULL,NULL,NULL,NULL,0,0),
 (103,185,1,NULL,NULL,NULL,NULL,NULL,NULL,102,NULL,NULL,NULL,NULL,NULL,NULL,NULL,NULL,0,0),
 (104,186,2,NULL,NULL,NULL,NULL,198,NULL,NULL,NULL,NULL,NULL,NULL,NULL,NULL,NULL,NULL,0,0),
 (105,188,1,NULL,18,NULL,NULL,NULL,NULL,NULL,NULL,NULL,NULL,NULL,NULL,NULL,NULL,NULL,0,0),
 (106,189,1,NULL,27,NULL,NULL,NULL,NULL,NULL,NULL,NULL,NULL,NULL,NULL,NULL,NULL,NULL,0,0),
 (107,192,3,80,NULL,NULL,NULL,NULL,NULL,NULL,NULL,NULL,NULL,NULL,NULL,NULL,NULL,NULL,0,0),
 (108,195,1,NULL,20,NULL,NULL,NULL,NULL,NULL,NULL,NULL,NULL,NULL,NULL,NULL,NULL,NULL,0,0),
 (109,196,1,NULL,NULL,NULL,NULL,NULL,'day',NULL,NULL,220,NULL,NULL,NULL,NULL,NULL,NULL,0,0),
 (110,197,1,NULL,NULL,NULL,NULL,NULL,'night',NULL,NULL,220,NULL,NULL,NULL,NULL,NULL,NULL,0,0),
 (111,199,2,NULL,NULL,NULL,NULL,198,NULL,NULL,NULL,NULL,NULL,NULL,NULL,NULL,NULL,NULL,0,0),
 (112,202,1,NULL,15,NULL,NULL,NULL,NULL,NULL,NULL,NULL,NULL,NULL,NULL,NULL,NULL,NULL,0,0),
 (113,205,1,NULL,31,NULL,NULL,NULL,NULL,NULL,NULL,NULL,NULL,NULL,NULL,NULL,NULL,NULL,0,0),
 (114,208,2,NULL,NULL,NULL,NULL,210,NULL,NULL,NULL,NULL,NULL,NULL,NULL,NULL,NULL,NULL,0,0),
 (115,210,1,NULL,23,NULL,NULL,NULL,NULL,NULL,NULL,NULL,NULL,NULL,NULL,NULL,NULL,NULL,0,0),
 (116,212,2,NULL,NULL,NULL,NULL,210,NULL,NULL,NULL,NULL,NULL,NULL,NULL,NULL,NULL,NULL,0,0),
 (117,217,1,NULL,30,NULL,NULL,NULL,NULL,NULL,NULL,NULL,NULL,NULL,NULL,NULL,NULL,NULL,0,0),
 (118,219,1,NULL,38,NULL,NULL,NULL,NULL,NULL,NULL,NULL,NULL,NULL,NULL,NULL,NULL,NULL,0,0),
 (119,221,1,NULL,33,NULL,NULL,NULL,NULL,NULL,NULL,NULL,NULL,NULL,NULL,NULL,NULL,NULL,0,0),
 (120,224,1,NULL,25,NULL,NULL,NULL,NULL,NULL,NULL,NULL,NULL,NULL,NULL,NULL,NULL,NULL,0,0),
 (121,226,1,NULL,NULL,NULL,NULL,NULL,NULL,NULL,NULL,NULL,NULL,NULL,NULL,223,NULL,NULL,0,0),
 (122,229,1,NULL,24,NULL,NULL,NULL,NULL,NULL,NULL,NULL,NULL,NULL,NULL,NULL,NULL,NULL,0,0),
 (123,230,2,NULL,NULL,NULL,NULL,212,NULL,NULL,NULL,NULL,NULL,NULL,NULL,NULL,NULL,NULL,0,0),
 (124,232,1,NULL,25,NULL,NULL,NULL,NULL,NULL,NULL,NULL,NULL,NULL,NULL,NULL,NULL,NULL,0,0),
 (125,233,2,NULL,NULL,NULL,NULL,229,NULL,NULL,NULL,NULL,NULL,NULL,NULL,NULL,NULL,NULL,0,0),
 (126,237,1,NULL,20,NULL,NULL,NULL,NULL,NULL,NULL,NULL,NULL,NULL,0,NULL,NULL,NULL,0,0),
 (127,242,1,NULL,NULL,NULL,NULL,NULL,NULL,NULL,NULL,220,NULL,NULL,NULL,NULL,NULL,NULL,0,0),
 (128,247,1,NULL,30,NULL,NULL,NULL,NULL,NULL,NULL,NULL,NULL,NULL,NULL,NULL,NULL,NULL,0,0),
 (129,248,1,NULL,55,NULL,NULL,NULL,NULL,NULL,NULL,NULL,NULL,NULL,NULL,NULL,NULL,NULL,0,0),
 (130,253,1,NULL,16,NULL,NULL,NULL,NULL,NULL,NULL,NULL,NULL,NULL,NULL,NULL,NULL,NULL,0,0),
 (131,254,1,NULL,36,NULL,NULL,NULL,NULL,NULL,NULL,NULL,NULL,NULL,NULL,NULL,NULL,NULL,0,0),
 (132,256,1,NULL,16,NULL,NULL,NULL,NULL,NULL,NULL,NULL,NULL,NULL,NULL,NULL,NULL,NULL,0,0),
 (133,257,1,NULL,36,NULL,NULL,NULL,NULL,NULL,NULL,NULL,NULL,NULL,NULL,NULL,NULL,NULL,0,0),
 (134,259,1,NULL,16,NULL,NULL,NULL,NULL,NULL,NULL,NULL,NULL,NULL,NULL,NULL,NULL,NULL,0,0),
 (135,260,1,NULL,36,NULL,NULL,NULL,NULL,NULL,NULL,NULL,NULL,NULL,NULL,NULL,NULL,NULL,0,0),
 (136,262,1,NULL,18,NULL,NULL,NULL,NULL,NULL,NULL,NULL,NULL,NULL,NULL,NULL,NULL,NULL,0,0),
 (137,264,1,NULL,20,NULL,NULL,NULL,NULL,NULL,NULL,NULL,NULL,NULL,NULL,NULL,NULL,NULL,0,0),
 (138,266,1,NULL,7,NULL,NULL,NULL,NULL,NULL,NULL,NULL,NULL,NULL,NULL,NULL,NULL,NULL,0,0),
 (139,267,1,NULL,10,NULL,NULL,NULL,NULL,NULL,NULL,NULL,NULL,NULL,NULL,NULL,NULL,NULL,0,0),
 (140,268,1,NULL,7,NULL,NULL,NULL,NULL,NULL,NULL,NULL,NULL,NULL,NULL,NULL,NULL,NULL,0,0),
 (141,269,1,NULL,10,NULL,NULL,NULL,NULL,NULL,NULL,NULL,NULL,NULL,NULL,NULL,NULL,NULL,0,0),
 (142,271,1,NULL,14,NULL,NULL,NULL,NULL,NULL,NULL,NULL,NULL,NULL,NULL,NULL,NULL,NULL,0,0),
 (143,272,3,84,NULL,NULL,NULL,NULL,NULL,NULL,NULL,NULL,NULL,NULL,NULL,NULL,NULL,NULL,0,0),
 (144,274,1,NULL,14,NULL,NULL,NULL,NULL,NULL,NULL,NULL,NULL,NULL,NULL,NULL,NULL,NULL,0,0),
 (145,275,3,85,NULL,NULL,NULL,NULL,NULL,NULL,NULL,NULL,NULL,NULL,NULL,NULL,NULL,NULL,0,0),
 (146,277,1,NULL,22,NULL,NULL,NULL,NULL,NULL,NULL,NULL,NULL,NULL,NULL,NULL,NULL,NULL,0,0),
 (147,279,1,NULL,25,NULL,NULL,NULL,NULL,NULL,NULL,NULL,NULL,NULL,NULL,NULL,NULL,NULL,0,0),
 (148,281,1,NULL,20,NULL,NULL,NULL,NULL,NULL,NULL,NULL,NULL,NULL,NULL,NULL,NULL,NULL,0,0),
 (149,282,1,NULL,30,NULL,NULL,NULL,NULL,NULL,NULL,NULL,NULL,NULL,NULL,NULL,NULL,NULL,0,0),
 (150,284,1,NULL,22,NULL,NULL,NULL,NULL,NULL,NULL,NULL,NULL,NULL,NULL,NULL,NULL,NULL,0,0),
 (151,286,1,NULL,23,NULL,NULL,NULL,NULL,NULL,NULL,NULL,NULL,NULL,NULL,NULL,NULL,NULL,0,0),
 (152,288,1,NULL,18,NULL,NULL,NULL,NULL,NULL,NULL,NULL,NULL,NULL,NULL,NULL,NULL,NULL,0,0),
 (153,289,1,NULL,36,NULL,NULL,NULL,NULL,NULL,NULL,NULL,NULL,NULL,NULL,NULL,NULL,NULL,0,0),
 (154,291,1,NULL,20,NULL,NULL,NULL,NULL,NULL,NULL,NULL,NULL,NULL,NULL,NULL,NULL,NULL,0,0),
 (155,292,4,NULL,NULL,NULL,NULL,NULL,NULL,NULL,NULL,NULL,NULL,NULL,NULL,NULL,NULL,NULL,0,0),
 (156,294,1,NULL,20,NULL,NULL,NULL,NULL,NULL,NULL,NULL,NULL,NULL,NULL,NULL,NULL,NULL,0,0),
 (157,295,1,NULL,40,NULL,NULL,NULL,NULL,NULL,NULL,NULL,NULL,NULL,NULL,NULL,NULL,NULL,0,0),
 (158,297,1,NULL,24,NULL,NULL,NULL,NULL,NULL,NULL,NULL,NULL,NULL,NULL,NULL,NULL,NULL,0,0),
 (159,301,3,81,NULL,NULL,NULL,NULL,NULL,NULL,NULL,NULL,NULL,NULL,NULL,NULL,NULL,NULL,0,0),
 (160,305,1,NULL,32,NULL,NULL,NULL,NULL,NULL,NULL,NULL,NULL,NULL,NULL,NULL,NULL,NULL,0,0),
 (161,306,1,NULL,42,NULL,NULL,NULL,NULL,NULL,NULL,NULL,NULL,NULL,NULL,NULL,NULL,NULL,0,0),
 (162,308,1,NULL,37,NULL,NULL,NULL,NULL,NULL,NULL,NULL,NULL,NULL,NULL,NULL,NULL,NULL,0,0),
 (163,310,1,NULL,26,NULL,NULL,NULL,NULL,NULL,NULL,NULL,NULL,NULL,NULL,NULL,NULL,NULL,0,0),
 (164,315,1,NULL,NULL,NULL,NULL,NULL,'day',NULL,NULL,220,NULL,NULL,NULL,NULL,NULL,NULL,0,0),
 (165,317,1,NULL,26,NULL,NULL,NULL,NULL,NULL,NULL,NULL,NULL,NULL,NULL,NULL,NULL,NULL,0,0),
 (166,319,1,NULL,30,NULL,NULL,NULL,NULL,NULL,NULL,NULL,NULL,NULL,NULL,NULL,NULL,NULL,0,0),
 (167,321,1,NULL,40,NULL,NULL,NULL,NULL,NULL,NULL,NULL,NULL,NULL,NULL,NULL,NULL,NULL,0,0),
 (168,323,1,NULL,33,NULL,NULL,NULL,NULL,NULL,NULL,NULL,NULL,NULL,NULL,NULL,NULL,NULL,0,0),
 (169,326,1,NULL,32,NULL,NULL,NULL,NULL,NULL,NULL,NULL,NULL,NULL,NULL,NULL,NULL,NULL,0,0),
 (170,329,1,NULL,35,NULL,NULL,NULL,NULL,NULL,NULL,NULL,NULL,NULL,NULL,NULL,NULL,NULL,0,0),
 (171,330,1,NULL,45,NULL,NULL,NULL,NULL,NULL,NULL,NULL,NULL,NULL,NULL,NULL,NULL,NULL,0,0),
 (172,332,1,NULL,32,NULL,NULL,NULL,NULL,NULL,NULL,NULL,NULL,NULL,NULL,NULL,NULL,NULL,0,0),
 (173,334,1,NULL,35,NULL,NULL,NULL,NULL,NULL,NULL,NULL,NULL,NULL,NULL,NULL,NULL,NULL,0,0),
 (174,340,1,NULL,30,NULL,NULL,NULL,NULL,NULL,NULL,NULL,NULL,NULL,NULL,NULL,NULL,NULL,0,0),
 (175,342,1,NULL,30,NULL,NULL,NULL,NULL,NULL,NULL,NULL,NULL,NULL,NULL,NULL,NULL,NULL,0,0),
 (176,344,1,NULL,36,NULL,NULL,NULL,NULL,NULL,NULL,NULL,NULL,NULL,NULL,NULL,NULL,NULL,0,0),
 (177,346,1,NULL,40,NULL,NULL,NULL,NULL,NULL,NULL,NULL,NULL,NULL,NULL,NULL,NULL,NULL,0,0),
 (178,348,1,NULL,40,NULL,NULL,NULL,NULL,NULL,NULL,NULL,NULL,NULL,NULL,NULL,NULL,NULL,0,0),
 (179,350,1,NULL,NULL,NULL,NULL,NULL,NULL,NULL,NULL,NULL,171,NULL,NULL,NULL,NULL,NULL,0,0),
 (180,354,1,NULL,37,NULL,NULL,NULL,NULL,NULL,NULL,NULL,NULL,NULL,NULL,NULL,NULL,NULL,0,0),
 (181,356,1,NULL,37,NULL,NULL,NULL,NULL,NULL,NULL,NULL,NULL,NULL,NULL,NULL,NULL,NULL,0,0),
 (182,358,1,NULL,NULL,NULL,NULL,NULL,'night',NULL,NULL,220,NULL,NULL,NULL,NULL,NULL,NULL,0,0),
 (183,362,1,NULL,42,NULL,NULL,NULL,NULL,NULL,NULL,NULL,NULL,NULL,NULL,NULL,NULL,NULL,0,0),
 (184,364,1,NULL,32,NULL,NULL,NULL,NULL,NULL,NULL,NULL,NULL,NULL,NULL,NULL,NULL,NULL,0,0),
 (185,365,1,NULL,44,NULL,NULL,NULL,NULL,NULL,NULL,NULL,NULL,NULL,NULL,NULL,NULL,NULL,0,0),
 (186,367,2,NULL,NULL,NULL,NULL,203,NULL,NULL,NULL,NULL,NULL,NULL,NULL,NULL,NULL,NULL,0,0),
 (187,368,2,NULL,NULL,NULL,NULL,204,NULL,NULL,NULL,NULL,NULL,NULL,NULL,NULL,NULL,NULL,0,0),
 (188,372,1,NULL,30,NULL,NULL,NULL,NULL,NULL,NULL,NULL,NULL,NULL,NULL,NULL,NULL,NULL,0,0),
 (189,373,1,NULL,50,NULL,NULL,NULL,NULL,NULL,NULL,NULL,NULL,NULL,NULL,NULL,NULL,NULL,0,0),
 (190,375,1,NULL,20,NULL,NULL,NULL,NULL,NULL,NULL,NULL,NULL,NULL,NULL,NULL,NULL,NULL,0,0),
 (191,376,1,NULL,45,NULL,NULL,NULL,NULL,NULL,NULL,NULL,NULL,NULL,NULL,NULL,NULL,NULL,0,0),
 (192,388,1,NULL,18,NULL,NULL,NULL,NULL,NULL,NULL,NULL,NULL,NULL,NULL,NULL,NULL,NULL,0,0),
 (193,389,1,NULL,32,NULL,NULL,NULL,NULL,NULL,NULL,NULL,NULL,NULL,NULL,NULL,NULL,NULL,0,0),
 (194,391,1,NULL,14,NULL,NULL,NULL,NULL,NULL,NULL,NULL,NULL,NULL,NULL,NULL,NULL,NULL,0,0),
 (195,392,1,NULL,36,NULL,NULL,NULL,NULL,NULL,NULL,NULL,NULL,NULL,NULL,NULL,NULL,NULL,0,0),
 (196,394,1,NULL,16,NULL,NULL,NULL,NULL,NULL,NULL,NULL,NULL,NULL,NULL,NULL,NULL,NULL,0,0),
 (197,395,1,NULL,36,NULL,NULL,NULL,NULL,NULL,NULL,NULL,NULL,NULL,NULL,NULL,NULL,NULL,0,0),
 (198,397,1,NULL,14,NULL,NULL,NULL,NULL,NULL,NULL,NULL,NULL,NULL,NULL,NULL,NULL,NULL,0,0),
 (199,398,1,NULL,34,NULL,NULL,NULL,NULL,NULL,NULL,NULL,NULL,NULL,NULL,NULL,NULL,NULL,0,0),
 (200,400,1,NULL,15,NULL,NULL,NULL,NULL,NULL,NULL,NULL,NULL,NULL,NULL,NULL,NULL,NULL,0,0),
 (201,402,1,NULL,10,NULL,NULL,NULL,NULL,NULL,NULL,NULL,NULL,NULL,NULL,NULL,NULL,NULL,0,0),
 (202,404,1,NULL,15,NULL,NULL,NULL,NULL,NULL,NULL,NULL,NULL,NULL,NULL,NULL,NULL,NULL,0,0),
 (203,405,1,NULL,30,NULL,NULL,NULL,NULL,NULL,NULL,NULL,NULL,NULL,NULL,NULL,NULL,NULL,0,0),
 (204,407,3,107,NULL,NULL,NULL,NULL,NULL,NULL,NULL,NULL,NULL,NULL,NULL,NULL,NULL,NULL,0,0),
 (205,409,1,NULL,30,NULL,NULL,NULL,NULL,NULL,NULL,NULL,NULL,NULL,NULL,NULL,NULL,NULL,0,0),
 (206,411,1,NULL,30,NULL,NULL,NULL,NULL,NULL,NULL,NULL,NULL,NULL,NULL,NULL,NULL,NULL,0,0),
 (207,413,1,NULL,20,1,NULL,NULL,NULL,NULL,NULL,NULL,NULL,NULL,NULL,NULL,NULL,NULL,0,0),
 (208,414,1,NULL,20,2,NULL,NULL,NULL,NULL,NULL,NULL,NULL,NULL,NULL,NULL,NULL,NULL,0,0),
 (209,416,1,NULL,21,1,NULL,NULL,NULL,NULL,NULL,NULL,NULL,NULL,NULL,NULL,NULL,NULL,0,0),
 (210,419,1,NULL,26,NULL,NULL,NULL,NULL,NULL,NULL,NULL,NULL,NULL,NULL,NULL,NULL,NULL,0,0),
 (211,421,1,NULL,25,NULL,NULL,NULL,NULL,NULL,NULL,NULL,NULL,NULL,NULL,NULL,NULL,NULL,0,0),
 (212,423,1,NULL,30,NULL,NULL,NULL,NULL,NULL,NULL,NULL,NULL,NULL,NULL,NULL,NULL,NULL,0,0),
 (213,424,1,NULL,NULL,NULL,NULL,NULL,NULL,458,NULL,NULL,NULL,NULL,NULL,NULL,NULL,NULL,0,0),
 (214,426,1,NULL,28,NULL,NULL,NULL,NULL,NULL,NULL,NULL,NULL,NULL,NULL,NULL,NULL,NULL,0,0),
 (215,428,1,NULL,NULL,NULL,NULL,NULL,NULL,NULL,NULL,220,NULL,NULL,NULL,NULL,NULL,NULL,0,0),
 (216,429,3,108,NULL,NULL,NULL,NULL,NULL,NULL,NULL,NULL,NULL,NULL,NULL,NULL,NULL,NULL,0,0),
 (217,430,3,108,NULL,NULL,NULL,NULL,NULL,NULL,NULL,NULL,NULL,NULL,NULL,NULL,NULL,NULL,0,0),
 (218,432,1,NULL,38,NULL,NULL,NULL,NULL,NULL,NULL,NULL,NULL,NULL,NULL,NULL,NULL,NULL,0,0),
 (219,435,1,NULL,34,NULL,NULL,NULL,NULL,NULL,NULL,NULL,NULL,NULL,NULL,NULL,NULL,NULL,0,0),
 (220,437,1,NULL,33,NULL,NULL,NULL,NULL,NULL,NULL,NULL,NULL,NULL,NULL,NULL,NULL,NULL,0,0),
 (221,444,1,NULL,24,NULL,NULL,NULL,NULL,NULL,NULL,NULL,NULL,NULL,NULL,NULL,NULL,NULL,0,0),
 (222,445,1,NULL,48,NULL,NULL,NULL,NULL,NULL,NULL,NULL,NULL,NULL,NULL,NULL,NULL,NULL,0,0),
 (223,448,1,NULL,NULL,NULL,NULL,NULL,'day',NULL,NULL,220,NULL,NULL,NULL,NULL,NULL,NULL,0,0),
 (224,450,1,NULL,34,NULL,NULL,NULL,NULL,NULL,NULL,NULL,NULL,NULL,NULL,NULL,NULL,NULL,0,0),
 (225,452,1,NULL,40,NULL,NULL,NULL,NULL,NULL,NULL,NULL,NULL,NULL,NULL,NULL,NULL,NULL,0,0),
 (226,454,1,NULL,37,NULL,NULL,NULL,NULL,NULL,NULL,NULL,NULL,NULL,NULL,NULL,NULL,NULL,0,0),
 (227,457,1,NULL,31,NULL,NULL,NULL,NULL,NULL,NULL,NULL,NULL,NULL,NULL,NULL,NULL,NULL,0,0),
 (228,460,1,NULL,40,NULL,NULL,NULL,NULL,NULL,NULL,NULL,NULL,NULL,NULL,NULL,NULL,NULL,0,0),
 (229,461,1,NULL,NULL,NULL,NULL,303,'night',NULL,NULL,NULL,NULL,NULL,NULL,NULL,NULL,NULL,0,0),
 (230,462,1,NULL,NULL,NULL,10,NULL,NULL,NULL,NULL,NULL,NULL,NULL,NULL,NULL,NULL,NULL,0,0),
 (231,463,1,NULL,NULL,NULL,NULL,NULL,NULL,205,NULL,NULL,NULL,NULL,NULL,NULL,NULL,NULL,0,0),
 (232,464,2,NULL,NULL,NULL,NULL,298,NULL,NULL,NULL,NULL,NULL,NULL,NULL,NULL,NULL,NULL,0,0),
 (233,465,1,NULL,NULL,NULL,NULL,NULL,NULL,246,NULL,NULL,NULL,NULL,NULL,NULL,NULL,NULL,0,0),
 (234,466,2,NULL,NULL,NULL,NULL,299,NULL,NULL,NULL,NULL,NULL,NULL,NULL,NULL,NULL,NULL,0,0),
 (235,467,2,NULL,NULL,NULL,NULL,300,NULL,NULL,NULL,NULL,NULL,NULL,NULL,NULL,NULL,NULL,0,0),
 (236,468,3,107,NULL,NULL,NULL,NULL,NULL,NULL,NULL,NULL,NULL,NULL,NULL,NULL,NULL,NULL,0,0),
 (237,469,1,NULL,NULL,NULL,NULL,NULL,NULL,246,NULL,NULL,NULL,NULL,NULL,NULL,NULL,NULL,0,0),
 (238,470,1,NULL,NULL,NULL,8,NULL,NULL,NULL,NULL,NULL,NULL,NULL,NULL,NULL,NULL,NULL,0,0),
 (239,471,1,NULL,NULL,NULL,48,NULL,NULL,NULL,NULL,NULL,NULL,NULL,NULL,NULL,NULL,NULL,0,0),
 (240,472,1,NULL,NULL,NULL,NULL,304,'night',NULL,NULL,NULL,NULL,NULL,NULL,NULL,NULL,NULL,0,0),
 (241,473,1,NULL,NULL,NULL,NULL,NULL,NULL,246,NULL,NULL,NULL,NULL,NULL,NULL,NULL,NULL,0,0),
 (242,474,2,NULL,NULL,NULL,NULL,301,NULL,NULL,NULL,NULL,NULL,NULL,NULL,NULL,NULL,NULL,0,0),
 (243,475,3,109,NULL,2,NULL,NULL,NULL,NULL,NULL,NULL,NULL,NULL,NULL,NULL,NULL,NULL,0,0),
 (244,476,1,NULL,NULL,NULL,10,NULL,NULL,NULL,NULL,NULL,NULL,NULL,NULL,NULL,NULL,NULL,0,0),
 (245,477,2,NULL,NULL,NULL,NULL,302,NULL,NULL,NULL,NULL,NULL,NULL,NULL,NULL,NULL,NULL,0,0),
 (246,478,3,109,NULL,1,NULL,NULL,NULL,NULL,NULL,NULL,NULL,NULL,NULL,NULL,NULL,NULL,0,0),
 (247,496,1,NULL,17,NULL,NULL,NULL,NULL,NULL,NULL,NULL,NULL,NULL,NULL,NULL,NULL,NULL,0,0),
 (248,497,1,NULL,36,NULL,NULL,NULL,NULL,NULL,NULL,NULL,NULL,NULL,NULL,NULL,NULL,NULL,0,0),
 (249,499,1,NULL,17,NULL,NULL,NULL,NULL,NULL,NULL,NULL,NULL,NULL,NULL,NULL,NULL,NULL,0,0),
 (250,500,1,NULL,36,NULL,NULL,NULL,NULL,NULL,NULL,NULL,NULL,NULL,NULL,NULL,NULL,NULL,0,0),
 (251,502,1,NULL,17,NULL,NULL,NULL,NULL,NULL,NULL,NULL,NULL,NULL,NULL,NULL,NULL,NULL,0,0),
 (252,503,1,NULL,36,NULL,NULL,NULL,NULL,NULL,NULL,NULL,NULL,NULL,NULL,NULL,NULL,NULL,0,0),
 (253,505,1,NULL,20,NULL,NULL,NULL,NULL,NULL,NULL,NULL,NULL,NULL,NULL,NULL,NULL,NULL,0,0),
 (254,507,1,NULL,16,NULL,NULL,NULL,NULL,NULL,NULL,NULL,NULL,NULL,NULL,NULL,NULL,NULL,0,0),
 (255,508,1,NULL,32,NULL,NULL,NULL,NULL,NULL,NULL,NULL,NULL,NULL,NULL,NULL,NULL,NULL,0,0),
 (256,510,1,NULL,20,NULL,NULL,NULL,NULL,NULL,NULL,NULL,NULL,NULL,NULL,NULL,NULL,NULL,0,0),
 (257,512,3,85,NULL,NULL,NULL,NULL,NULL,NULL,NULL,NULL,NULL,NULL,NULL,NULL,NULL,NULL,0,0),
 (258,514,3,82,NULL,NULL,NULL,NULL,NULL,NULL,NULL,NULL,NULL,NULL,NULL,NULL,NULL,NULL,0,0),
 (259,516,3,84,NULL,NULL,NULL,NULL,NULL,NULL,NULL,NULL,NULL,NULL,NULL,NULL,NULL,NULL,0,0),
 (260,518,3,81,NULL,NULL,NULL,NULL,NULL,NULL,NULL,NULL,NULL,NULL,NULL,NULL,NULL,NULL,0,0),
 (261,520,1,NULL,21,NULL,NULL,NULL,NULL,NULL,NULL,NULL,NULL,NULL,NULL,NULL,NULL,NULL,0,0),
 (262,521,1,NULL,32,NULL,NULL,NULL,NULL,NULL,NULL,NULL,NULL,NULL,NULL,NULL,NULL,NULL,0,0),
 (263,523,1,NULL,27,NULL,NULL,NULL,NULL,NULL,NULL,NULL,NULL,NULL,NULL,NULL,NULL,NULL,0,0),
 (264,525,1,NULL,25,NULL,NULL,NULL,NULL,NULL,NULL,NULL,NULL,NULL,NULL,NULL,NULL,NULL,0,0),
 (265,526,2,NULL,NULL,NULL,NULL,NULL,NULL,NULL,NULL,NULL,NULL,NULL,NULL,NULL,NULL,NULL,0,0),
 (266,528,1,NULL,NULL,NULL,NULL,NULL,NULL,NULL,NULL,220,NULL,NULL,NULL,NULL,NULL,NULL,0,0),
 (267,530,1,NULL,31,NULL,NULL,NULL,NULL,NULL,NULL,NULL,NULL,NULL,NULL,NULL,NULL,NULL,0,0),
 (268,533,1,NULL,25,NULL,NULL,NULL,NULL,NULL,NULL,NULL,NULL,NULL,NULL,NULL,NULL,NULL,0,0),
 (269,534,2,NULL,NULL,NULL,NULL,NULL,NULL,NULL,NULL,NULL,NULL,NULL,NULL,NULL,NULL,NULL,0,0),
 (270,536,1,NULL,25,NULL,NULL,NULL,NULL,NULL,NULL,NULL,NULL,NULL,NULL,NULL,NULL,NULL,0,0),
 (271,537,1,NULL,36,NULL,NULL,NULL,NULL,NULL,NULL,NULL,NULL,NULL,NULL,NULL,NULL,NULL,0,0),
 (272,541,1,NULL,20,NULL,NULL,NULL,NULL,NULL,NULL,NULL,NULL,NULL,NULL,NULL,NULL,NULL,0,0),
 (273,542,1,NULL,NULL,NULL,NULL,NULL,NULL,NULL,NULL,220,NULL,NULL,NULL,NULL,NULL,NULL,0,0),
 (274,544,1,NULL,22,NULL,NULL,NULL,NULL,NULL,NULL,NULL,NULL,NULL,NULL,NULL,NULL,NULL,0,0),
 (275,545,1,NULL,30,NULL,NULL,NULL,NULL,NULL,NULL,NULL,NULL,NULL,NULL,NULL,NULL,NULL,0,0),
 (276,547,3,80,NULL,NULL,NULL,NULL,NULL,NULL,NULL,NULL,NULL,NULL,NULL,NULL,NULL,NULL,0,0),
 (277,549,3,80,NULL,NULL,NULL,NULL,NULL,NULL,NULL,NULL,NULL,NULL,NULL,NULL,NULL,NULL,0,0),
 (278,552,1,NULL,29,NULL,NULL,NULL,NULL,NULL,NULL,NULL,NULL,NULL,NULL,NULL,NULL,NULL,0,0),
 (279,553,1,NULL,40,NULL,NULL,NULL,NULL,NULL,NULL,NULL,NULL,NULL,NULL,NULL,NULL,NULL,0,0),
 (280,555,1,NULL,35,NULL,NULL,NULL,NULL,NULL,NULL,NULL,NULL,NULL,NULL,NULL,NULL,NULL,0,0),
 (281,558,1,NULL,34,NULL,NULL,NULL,NULL,NULL,NULL,NULL,NULL,NULL,NULL,NULL,NULL,NULL,0,0),
 (282,560,1,NULL,39,NULL,NULL,NULL,NULL,NULL,NULL,NULL,NULL,NULL,NULL,NULL,NULL,NULL,0,0),
 (283,563,1,NULL,34,NULL,NULL,NULL,NULL,NULL,NULL,NULL,NULL,NULL,NULL,NULL,NULL,NULL,0,0),
 (284,565,1,NULL,37,NULL,NULL,NULL,NULL,NULL,NULL,NULL,NULL,NULL,NULL,NULL,NULL,NULL,0,0),
 (285,567,1,NULL,37,NULL,NULL,NULL,NULL,NULL,NULL,NULL,NULL,NULL,NULL,NULL,NULL,NULL,0,0),
 (286,569,1,NULL,36,NULL,NULL,NULL,NULL,NULL,NULL,NULL,NULL,NULL,NULL,NULL,NULL,NULL,0,0),
 (287,571,1,NULL,30,NULL,NULL,NULL,NULL,NULL,NULL,NULL,NULL,NULL,NULL,NULL,NULL,NULL,0,0),
 (288,573,3,107,NULL,NULL,NULL,NULL,NULL,NULL,NULL,NULL,NULL,NULL,NULL,NULL,NULL,NULL,0,0),
 (289,575,1,NULL,32,NULL,NULL,NULL,NULL,NULL,NULL,NULL,NULL,NULL,NULL,NULL,NULL,NULL,0,0),
 (290,576,1,NULL,41,NULL,NULL,NULL,NULL,NULL,NULL,NULL,NULL,NULL,NULL,NULL,NULL,NULL,0,0),
 (291,578,1,NULL,32,NULL,NULL,NULL,NULL,NULL,NULL,NULL,NULL,NULL,NULL,NULL,NULL,NULL,0,0),
 (292,579,1,NULL,41,NULL,NULL,NULL,NULL,NULL,NULL,NULL,NULL,NULL,NULL,NULL,NULL,NULL,0,0),
 (293,581,1,NULL,35,NULL,NULL,NULL,NULL,NULL,NULL,NULL,NULL,NULL,NULL,NULL,NULL,NULL,0,0),
 (294,583,1,NULL,35,NULL,NULL,NULL,NULL,NULL,NULL,NULL,NULL,NULL,NULL,NULL,NULL,NULL,0,0),
 (295,584,1,NULL,47,NULL,NULL,NULL,NULL,NULL,NULL,NULL,NULL,NULL,NULL,NULL,NULL,NULL,0,0),
 (296,586,1,NULL,34,NULL,NULL,NULL,NULL,NULL,NULL,NULL,NULL,NULL,NULL,NULL,NULL,NULL,0,0),
 (297,589,2,NULL,NULL,NULL,NULL,NULL,NULL,NULL,NULL,NULL,NULL,NULL,NULL,NULL,NULL,616,0,0),
 (298,591,1,NULL,39,NULL,NULL,NULL,NULL,NULL,NULL,NULL,NULL,NULL,NULL,NULL,NULL,NULL,0,0),
 (299,593,1,NULL,40,NULL,NULL,NULL,NULL,NULL,NULL,NULL,NULL,NULL,NULL,NULL,NULL,NULL,0,0),
 (300,596,1,NULL,36,NULL,NULL,NULL,NULL,NULL,NULL,NULL,NULL,NULL,NULL,NULL,NULL,NULL,0,0),
 (301,598,1,NULL,40,NULL,NULL,NULL,NULL,NULL,NULL,NULL,NULL,NULL,NULL,NULL,NULL,NULL,0,0),
 (302,600,1,NULL,38,NULL,NULL,NULL,NULL,NULL,NULL,NULL,NULL,NULL,NULL,NULL,NULL,NULL,0,0),
 (303,601,1,NULL,49,NULL,NULL,NULL,NULL,NULL,NULL,NULL,NULL,NULL,NULL,NULL,NULL,NULL,0,0),
 (304,603,1,NULL,39,NULL,NULL,NULL,NULL,NULL,NULL,NULL,NULL,NULL,NULL,NULL,NULL,NULL,0,0),
 (305,604,3,83,NULL,NULL,NULL,NULL,NULL,NULL,NULL,NULL,NULL,NULL,NULL,NULL,NULL,NULL,0,0),
 (306,606,1,NULL,42,NULL,NULL,NULL,NULL,NULL,NULL,NULL,NULL,NULL,NULL,NULL,NULL,NULL,0,0),
 (307,608,1,NULL,41,NULL,NULL,NULL,NULL,NULL,NULL,NULL,NULL,NULL,NULL,NULL,NULL,NULL,0,0),
 (308,609,3,108,NULL,NULL,NULL,NULL,NULL,NULL,NULL,NULL,NULL,NULL,NULL,NULL,NULL,NULL,0,0),
 (309,611,1,NULL,38,NULL,NULL,NULL,NULL,NULL,NULL,NULL,NULL,NULL,NULL,NULL,NULL,NULL,0,0),
 (310,612,1,NULL,48,NULL,NULL,NULL,NULL,NULL,NULL,NULL,NULL,NULL,NULL,NULL,NULL,NULL,0,0),
 (311,614,1,NULL,37,NULL,NULL,NULL,NULL,NULL,NULL,NULL,NULL,NULL,NULL,NULL,NULL,NULL,0,0),
 (312,617,2,NULL,NULL,NULL,NULL,NULL,NULL,NULL,NULL,NULL,NULL,NULL,NULL,NULL,NULL,588,0,0),
 (313,620,1,NULL,50,NULL,NULL,NULL,NULL,NULL,NULL,NULL,NULL,NULL,NULL,NULL,NULL,NULL,0,0),
 (314,623,1,NULL,43,NULL,NULL,NULL,NULL,NULL,NULL,NULL,NULL,NULL,NULL,NULL,NULL,NULL,0,0),
 (315,625,1,NULL,52,NULL,NULL,NULL,NULL,NULL,NULL,NULL,NULL,NULL,NULL,NULL,NULL,NULL,0,0),
 (316,628,1,NULL,54,NULL,NULL,NULL,NULL,NULL,NULL,NULL,NULL,NULL,NULL,NULL,NULL,NULL,0,0),
 (317,630,1,NULL,54,NULL,NULL,NULL,NULL,NULL,NULL,NULL,NULL,NULL,NULL,NULL,NULL,NULL,0,0),
 (318,634,1,NULL,50,NULL,NULL,NULL,NULL,NULL,NULL,NULL,NULL,NULL,NULL,NULL,NULL,NULL,0,0),
 (319,635,1,NULL,64,NULL,NULL,NULL,NULL,NULL,NULL,NULL,NULL,NULL,NULL,NULL,NULL,NULL,0,0),
 (320,637,1,NULL,59,NULL,NULL,NULL,NULL,NULL,NULL,NULL,NULL,NULL,NULL,NULL,NULL,NULL,0,0),
 (321,350,2,NULL,NULL,NULL,NULL,580,NULL,NULL,NULL,NULL,NULL,NULL,NULL,NULL,NULL,NULL,0,0),
 (322,462,1,NULL,NULL,NULL,379,NULL,NULL,NULL,NULL,NULL,NULL,NULL,NULL,NULL,NULL,NULL,0,0),
 (323,476,1,NULL,NULL,NULL,379,NULL,NULL,NULL,NULL,NULL,NULL,NULL,NULL,NULL,NULL,NULL,0,0),
 (324,470,1,NULL,NULL,NULL,375,NULL,NULL,NULL,NULL,NULL,NULL,NULL,NULL,NULL,NULL,NULL,0,0),
 (325,471,1,NULL,NULL,NULL,380,NULL,NULL,NULL,NULL,NULL,NULL,NULL,NULL,NULL,NULL,NULL,0,0),
 (327,683,2,NULL,NULL,NULL,NULL,687,NULL,NULL,NULL,NULL,NULL,NULL,NULL,NULL,NULL,NULL,0,0),
 (328,662,1,NULL,17,NULL,NULL,NULL,NULL,NULL,NULL,NULL,NULL,NULL,NULL,NULL,NULL,NULL,0,0),
 (329,709,2,NULL,NULL,NULL,NULL,NULL,NULL,NULL,NULL,NULL,NULL,NULL,NULL,NULL,NULL,NULL,0,0),
 (330,663,1,NULL,35,NULL,NULL,NULL,NULL,NULL,NULL,NULL,NULL,NULL,NULL,NULL,NULL,NULL,0,0),
 (331,654,1,NULL,16,NULL,NULL,NULL,NULL,NULL,NULL,NULL,NULL,NULL,NULL,NULL,NULL,NULL,0,0),
 (332,687,1,NULL,30,NULL,NULL,NULL,NULL,NULL,NULL,NULL,NULL,NULL,NULL,NULL,NULL,NULL,0,1),
 (333,655,1,NULL,36,NULL,NULL,NULL,NULL,NULL,NULL,NULL,NULL,NULL,NULL,NULL,NULL,NULL,0,0),
 (334,651,1,NULL,16,NULL,NULL,NULL,NULL,NULL,NULL,NULL,NULL,NULL,NULL,NULL,NULL,NULL,0,0),
 (335,693,1,NULL,37,NULL,NULL,NULL,NULL,NULL,NULL,NULL,NULL,NULL,NULL,NULL,NULL,NULL,0,0),
 (336,652,1,NULL,36,NULL,NULL,NULL,NULL,NULL,NULL,NULL,NULL,NULL,NULL,NULL,NULL,NULL,0,0),
 (337,657,1,NULL,16,NULL,NULL,NULL,NULL,NULL,NULL,NULL,NULL,NULL,NULL,NULL,NULL,NULL,0,0),
 (338,658,1,NULL,36,NULL,NULL,NULL,NULL,NULL,NULL,NULL,NULL,NULL,NULL,NULL,NULL,NULL,0,0),
 (339,680,1,NULL,35,NULL,NULL,NULL,NULL,NULL,NULL,NULL,NULL,NULL,NULL,NULL,NULL,NULL,0,0),
 (340,705,1,NULL,40,NULL,NULL,NULL,NULL,NULL,NULL,NULL,NULL,NULL,NULL,NULL,NULL,NULL,0,0),
 (341,666,1,NULL,12,NULL,NULL,NULL,NULL,NULL,NULL,NULL,NULL,NULL,NULL,NULL,NULL,NULL,0,0),
 (342,665,1,NULL,9,NULL,NULL,NULL,NULL,NULL,NULL,NULL,NULL,NULL,NULL,NULL,NULL,NULL,0,0),
 (343,689,1,NULL,39,NULL,NULL,NULL,NULL,NULL,NULL,NULL,NULL,NULL,NULL,NULL,NULL,NULL,0,0),
 (344,711,2,NULL,NULL,NULL,NULL,NULL,NULL,NULL,NULL,NULL,NULL,NULL,NULL,NULL,NULL,NULL,0,0),
 (345,660,1,NULL,20,NULL,NULL,NULL,NULL,NULL,NULL,NULL,NULL,NULL,NULL,NULL,NULL,NULL,0,0),
 (346,670,1,NULL,19,NULL,NULL,NULL,NULL,NULL,NULL,NULL,NULL,NULL,NULL,NULL,NULL,NULL,0,0),
 (347,671,3,107,NULL,NULL,NULL,NULL,NULL,NULL,NULL,NULL,NULL,NULL,NULL,NULL,NULL,NULL,0,0),
 (348,681,3,108,NULL,NULL,NULL,NULL,NULL,NULL,NULL,NULL,NULL,NULL,NULL,NULL,NULL,NULL,0,0),
 (349,675,1,NULL,32,NULL,NULL,NULL,NULL,NULL,NULL,NULL,NULL,NULL,NULL,NULL,17,NULL,0,0),
 (350,685,2,NULL,NULL,NULL,NULL,686,NULL,NULL,NULL,NULL,NULL,NULL,NULL,NULL,NULL,NULL,0,0),
 (351,691,1,NULL,48,NULL,NULL,NULL,NULL,NULL,NULL,NULL,NULL,NULL,NULL,NULL,NULL,NULL,0,0),
 (352,697,1,NULL,39,NULL,NULL,NULL,'day',NULL,NULL,NULL,NULL,NULL,NULL,NULL,NULL,NULL,0,0),
 (353,699,1,NULL,39,NULL,NULL,NULL,'night',NULL,NULL,NULL,NULL,NULL,NULL,NULL,NULL,NULL,0,0),
 (354,713,1,NULL,37,NULL,NULL,NULL,NULL,NULL,NULL,NULL,NULL,NULL,NULL,NULL,NULL,NULL,0,0),
 (355,695,3,80,NULL,NULL,NULL,NULL,NULL,NULL,NULL,NULL,NULL,NULL,NULL,NULL,NULL,NULL,0,0),
 (356,668,1,NULL,35,NULL,NULL,NULL,NULL,NULL,NULL,NULL,NULL,NULL,NULL,NULL,NULL,NULL,0,0),
 (357,673,1,NULL,32,NULL,NULL,NULL,NULL,NULL,NULL,NULL,NULL,NULL,NULL,NULL,NULL,NULL,0,0),
 (358,706,1,NULL,50,NULL,NULL,NULL,NULL,NULL,NULL,NULL,NULL,NULL,NULL,NULL,NULL,NULL,1,0),
 (359,715,1,NULL,48,NULL,NULL,NULL,NULL,NULL,NULL,NULL,NULL,NULL,NULL,NULL,NULL,NULL,0,0),
 (360,678,1,NULL,25,NULL,NULL,NULL,NULL,NULL,NULL,NULL,NULL,NULL,NULL,NULL,NULL,NULL,0,0),
 (361,700,1,NULL,NULL,NULL,NULL,NULL,NULL,NULL,18,NULL,NULL,2,NULL,NULL,NULL,NULL,0,0),
 (362,462,1,NULL,NULL,NULL,629,NULL,NULL,NULL,NULL,NULL,NULL,NULL,NULL,NULL,NULL,NULL,0,0),
 (363,470,1,NULL,NULL,NULL,650,NULL,NULL,NULL,NULL,NULL,NULL,NULL,NULL,NULL,NULL,NULL,0,0),
 (364,471,1,NULL,NULL,NULL,640,NULL,NULL,NULL,NULL,NULL,NULL,NULL,NULL,NULL,NULL,NULL,0,0),
 (365,476,1,NULL,NULL,NULL,629,NULL,NULL,NULL,NULL,NULL,NULL,NULL,NULL,NULL,NULL,NULL,0,0);
--GO
--DROP TABLE IF EXISTS egg_groups;
CREATE TABLE egg_groups (
	id INT NOT NULL, 
	identifier VARCHAR(79) NOT NULL, 
	PRIMARY KEY (id)
);
INSERT INTO [egg_groups] (id,identifier) VALUES (1,'monster'),
 (2,'water1'),
 (3,'bug'),
 (4,'flying'),
 (5,'ground'),
 (6,'fairy'),
 (7,'plant'),
 (8,'humanshape'),
 (9,'water3'),
 (10,'mineral'),
 (11,'indeterminate'),
 (12,'water2'),
 (13,'ditto'),
 (14,'dragon'),
 (15,'no-eggs');
--GO
--DROP TABLE IF EXISTS encounter_methods;
CREATE TABLE encounter_methods (
	id INT NOT NULL, 
	identifier VARCHAR(79) NOT NULL, 
	[order] INT NOT NULL, 
	PRIMARY KEY (id), 
	UNIQUE (identifier), 
	UNIQUE ([order])
);
INSERT INTO [encounter_methods] (id,identifier,[order]) VALUES (1,'walk',1),
 (2,'old-rod',10),
 (3,'good-rod',11),
 (4,'super-rod',12),
 (5,'surf',14),
 (6,'rock-smash',16),
 (7,'headbutt',17),
 (8,'dark-grass',5),
 (9,'grass-spots',2),
 (10,'cave-spots',3),
 (11,'bridge-spots',4),
 (12,'super-rod-spots',13),
 (13,'surf-spots',15),
 (14,'yellow-flowers',6),
 (15,'purple-flowers',7),
 (16,'red-flowers',8),
 (17,'rough-terrain',9);
--GO
--DROP TABLE IF EXISTS encounter_slots;
CREATE TABLE encounter_slots (
	id INT NOT NULL, 
	version_group_id INT NOT NULL, 
	encounter_method_id INT NOT NULL, 
	slot INT, 
	rarity INT, 
	PRIMARY KEY (id), 
	FOREIGN KEY(version_group_id) REFERENCES version_groups (id) ON UPDATE CASCADE ON DELETE NO ACTION, 
	FOREIGN KEY(encounter_method_id) REFERENCES encounter_methods (id) ON UPDATE CASCADE ON DELETE NO ACTION
);
INSERT INTO [encounter_slots] (id,version_group_id,encounter_method_id,slot,rarity) VALUES (1,8,1,1,20),
 (2,8,1,2,20),
 (3,8,1,3,10),
 (4,8,1,4,10),
 (5,8,1,5,10),
 (6,8,1,6,10),
 (7,8,1,7,5),
 (8,8,1,8,5),
 (9,8,1,9,4),
 (10,8,1,10,4),
 (11,8,1,11,1),
 (12,8,1,12,1),
 (13,8,2,1,60),
 (14,8,2,2,30),
 (15,8,2,3,5),
 (16,8,2,4,4),
 (17,8,2,5,1),
 (18,8,3,1,40),
 (19,8,3,2,40),
 (20,8,3,3,15),
 (21,8,3,4,4),
 (22,8,3,5,1),
 (23,8,4,1,40),
 (24,8,4,2,40),
 (25,8,4,3,15),
 (26,8,4,4,4),
 (27,8,4,5,1),
 (28,8,5,1,60),
 (29,8,5,2,30),
 (30,8,5,3,5),
 (31,8,5,4,4),
 (32,8,5,5,1),
 (33,10,1,1,20),
 (34,10,1,2,20),
 (35,10,1,3,10),
 (36,10,1,4,10),
 (37,10,1,5,10),
 (38,10,1,6,10),
 (39,10,1,7,5),
 (40,10,1,8,5),
 (41,10,1,9,4),
 (42,10,1,10,4),
 (43,10,1,11,1),
 (44,10,1,12,1),
 (45,10,2,1,40),
 (46,10,2,2,30),
 (47,10,2,3,15),
 (48,10,2,4,10),
 (49,10,2,5,5),
 (50,10,3,1,40),
 (51,10,3,2,30),
 (52,10,3,3,15),
 (53,10,3,4,10),
 (54,10,3,5,5),
 (55,10,4,1,40),
 (56,10,4,2,30),
 (57,10,4,3,15),
 (58,10,4,4,10),
 (59,10,4,5,5),
 (60,10,5,1,60),
 (61,10,5,2,30),
 (62,10,5,3,5),
 (63,10,5,4,4),
 (64,10,5,5,1),
 (65,10,6,1,90),
 (66,10,6,2,10),
 (67,1,1,1,20),
 (68,1,1,2,20),
 (69,1,1,3,15),
 (70,1,1,4,10),
 (71,1,1,5,10),
 (72,1,1,6,10),
 (73,1,1,7,5),
 (74,1,1,8,5),
 (75,1,1,9,4),
 (76,1,1,10,1),
 (77,1,5,1,20),
 (78,1,5,2,20),
 (79,1,5,3,15),
 (80,1,5,4,10),
 (81,1,5,5,10),
 (82,1,5,6,10),
 (83,1,5,7,5),
 (84,1,5,8,5),
 (85,1,5,9,4),
 (86,1,5,10,1),
 (87,2,1,1,20),
 (88,2,1,2,20),
 (89,2,1,3,15),
 (90,2,1,4,10),
 (91,2,1,5,10),
 (92,2,1,6,10),
 (93,2,1,7,5),
 (94,2,1,8,5),
 (95,2,1,9,4),
 (96,2,1,10,1),
 (97,2,5,1,20),
 (98,2,5,2,20),
 (99,2,5,3,15),
 (100,2,5,4,10),
 (101,2,5,5,10),
 (102,2,5,6,10),
 (103,2,5,7,5),
 (104,2,5,8,5),
 (105,2,5,9,4),
 (106,2,5,10,1),
 (107,1,2,1,100),
 (108,1,3,1,50),
 (109,1,3,2,50),
 (110,1,4,NULL,25),
 (111,1,4,NULL,8),
 (112,1,4,NULL,17),
 (113,1,4,NULL,17),
 (114,1,4,NULL,8),
 (115,1,4,NULL,25),
 (116,2,2,1,100),
 (117,2,3,1,50),
 (118,2,3,2,50),
 (119,2,4,1,40),
 (120,2,4,2,30),
 (121,2,4,3,20),
 (122,2,4,4,10),
 (123,9,1,1,20),
 (124,9,1,2,20),
 (125,9,1,3,10),
 (126,9,1,4,10),
 (127,9,1,5,10),
 (128,9,1,6,10),
 (129,9,1,7,5),
 (130,9,1,8,5),
 (131,9,1,9,4),
 (132,9,1,10,4),
 (133,9,1,11,1),
 (134,9,1,12,1),
 (135,9,2,1,60),
 (136,9,2,2,30),
 (137,9,2,3,5),
 (138,9,2,4,4),
 (139,9,2,5,1),
 (140,9,3,1,40),
 (141,9,3,2,40),
 (142,9,3,3,15),
 (143,9,3,4,4),
 (144,9,3,5,1),
 (145,9,4,1,40),
 (146,9,4,2,40),
 (147,9,4,3,15),
 (148,9,4,4,4),
 (149,9,4,5,1),
 (150,9,5,1,60),
 (151,9,5,2,30),
 (152,9,5,3,5),
 (153,9,5,4,4),
 (154,9,5,5,1),
 (155,5,3,1,60),
 (156,5,3,2,20),
 (157,5,3,3,20),
 (158,5,2,1,70),
 (159,5,2,2,30),
 (160,5,4,1,40),
 (161,5,4,2,40),
 (162,5,4,3,15),
 (163,5,4,4,4),
 (164,5,4,5,1),
 (165,5,5,1,60),
 (166,5,5,2,30),
 (167,5,5,3,5),
 (168,5,5,4,4),
 (169,5,5,5,1),
 (170,5,1,1,20),
 (171,5,1,2,20),
 (172,5,1,3,10),
 (173,5,1,4,10),
 (174,5,1,5,10),
 (175,5,1,6,10),
 (176,5,1,7,5),
 (177,5,1,8,5),
 (178,5,1,9,4),
 (179,5,1,10,4),
 (180,5,1,11,1),
 (181,5,1,12,1),
 (182,5,6,1,60),
 (183,5,6,2,30),
 (184,5,6,3,5),
 (185,5,6,4,4),
 (186,5,6,5,1),
 (187,6,1,1,20),
 (188,6,1,2,20),
 (189,6,1,3,10),
 (190,6,1,4,10),
 (191,6,1,5,10),
 (192,6,1,6,10),
 (193,6,1,7,5),
 (194,6,1,8,5),
 (195,6,1,9,4),
 (196,6,1,10,4),
 (197,6,1,11,1),
 (198,6,1,12,1),
 (199,6,3,1,60),
 (200,6,3,2,20),
 (201,6,3,3,20),
 (202,6,2,1,70),
 (203,6,2,2,30),
 (204,6,4,1,40),
 (205,6,4,2,40),
 (206,6,4,3,15),
 (207,6,4,4,4),
 (208,6,4,5,1),
 (209,6,5,1,60),
 (210,6,5,2,30),
 (211,6,5,3,5),
 (212,6,5,4,4),
 (213,6,5,5,1),
 (214,6,6,1,60),
 (215,6,6,2,30),
 (216,6,6,3,5),
 (217,6,6,4,4),
 (218,6,6,5,1),
 (219,7,1,1,20),
 (220,7,1,2,20),
 (221,7,1,3,10),
 (222,7,1,4,10),
 (223,7,1,5,10),
 (224,7,1,6,10),
 (225,7,1,7,5),
 (226,7,1,8,5),
 (227,7,1,9,4),
 (228,7,1,10,4),
 (229,7,1,11,1),
 (230,7,1,12,1),
 (231,7,3,1,60),
 (232,7,3,2,20),
 (233,7,3,3,20),
 (234,7,2,1,70),
 (235,7,2,2,30),
 (236,7,4,1,40),
 (237,7,4,2,40),
 (238,7,4,3,15),
 (239,7,4,4,4),
 (240,7,4,5,1),
 (241,7,5,1,60),
 (242,7,5,2,30),
 (243,7,5,3,5),
 (244,7,5,4,4),
 (245,7,5,5,1),
 (246,7,6,1,60),
 (247,7,6,2,30),
 (248,7,6,3,5),
 (249,7,6,4,4),
 (250,7,6,5,1),
 (251,11,4,1,40),
 (252,11,4,2,40),
 (253,11,4,3,15),
 (254,11,4,4,4),
 (255,11,4,5,1),
 (256,11,12,1,40),
 (257,11,12,2,40),
 (258,11,12,3,15),
 (259,11,12,4,4),
 (260,11,12,5,1),
 (261,11,5,1,60),
 (262,11,5,2,30),
 (263,11,5,3,5),
 (264,11,5,4,4),
 (265,11,5,5,1),
 (266,11,13,1,60),
 (267,11,13,2,30),
 (268,11,13,3,5),
 (269,11,13,4,4),
 (270,11,13,5,1),
 (271,11,1,1,20),
 (272,11,1,2,20),
 (273,11,1,3,10),
 (274,11,1,4,10),
 (275,11,1,5,10),
 (276,11,1,6,10),
 (277,11,1,7,5),
 (278,11,1,8,5),
 (279,11,1,9,4),
 (280,11,1,10,4),
 (281,11,1,11,1),
 (282,11,1,12,1),
 (283,11,8,1,20),
 (284,11,8,2,20),
 (285,11,8,3,10),
 (286,11,8,4,10),
 (287,11,8,5,10),
 (288,11,8,6,10),
 (289,11,8,7,5),
 (290,11,8,8,5),
 (291,11,8,9,4),
 (292,11,8,10,4),
 (293,11,8,11,1),
 (294,11,8,12,1),
 (295,11,9,1,20),
 (296,11,9,2,20),
 (297,11,9,3,10),
 (298,11,9,4,10),
 (299,11,9,5,10),
 (300,11,9,6,10),
 (301,11,9,7,5),
 (302,11,9,8,5),
 (303,11,9,9,4),
 (304,11,9,10,4),
 (305,11,9,11,1),
 (306,11,9,12,1),
 (307,11,10,1,20),
 (308,11,10,2,20),
 (309,11,10,3,10),
 (310,11,10,4,10),
 (311,11,10,5,10),
 (312,11,10,6,10),
 (313,11,10,7,5),
 (314,11,10,8,5),
 (315,11,10,9,4),
 (316,11,10,10,4),
 (317,11,10,11,1),
 (318,11,10,12,1),
 (319,11,11,1,20),
 (320,11,11,2,20),
 (321,11,11,3,10),
 (322,11,11,4,10),
 (323,11,11,5,10),
 (324,11,11,6,10),
 (325,11,11,7,5),
 (326,11,11,8,5),
 (327,11,11,9,4),
 (328,11,11,10,4),
 (329,11,11,11,1),
 (330,11,11,12,1),
 (331,14,4,1,40),
 (332,14,4,2,40),
 (333,14,4,3,15),
 (334,14,4,4,4),
 (335,14,4,5,1),
 (336,14,12,1,40),
 (337,14,12,2,40),
 (338,14,12,3,15),
 (339,14,12,4,4),
 (340,14,12,5,1),
 (341,14,5,1,60),
 (342,14,5,2,30),
 (343,14,5,3,5),
 (344,14,5,4,4),
 (345,14,5,5,1),
 (346,14,13,1,60),
 (347,14,13,2,30),
 (348,14,13,3,5),
 (349,14,13,4,4),
 (350,14,13,5,1),
 (351,14,8,1,20),
 (352,14,8,2,20),
 (353,14,8,3,10),
 (354,14,8,4,10),
 (355,14,8,5,10),
 (356,14,8,6,10),
 (357,14,8,7,5),
 (358,14,8,8,5),
 (359,14,8,9,4),
 (360,14,8,10,4),
 (361,14,8,11,1),
 (362,14,8,12,1),
 (363,14,9,1,20),
 (364,14,9,2,20),
 (365,14,9,3,10),
 (366,14,9,4,10),
 (367,14,9,5,10),
 (368,14,9,6,10),
 (369,14,9,7,5),
 (370,14,9,8,5),
 (371,14,9,9,4),
 (372,14,9,10,4),
 (373,14,9,11,1),
 (374,14,9,12,1),
 (375,14,1,1,20),
 (376,14,1,2,20),
 (377,14,1,3,10),
 (378,14,1,4,10),
 (379,14,1,5,10),
 (380,14,1,6,10),
 (381,14,1,7,5),
 (382,14,1,8,5),
 (383,14,1,9,4),
 (384,14,1,10,4),
 (385,14,1,11,1),
 (386,14,1,12,1),
 (387,14,10,1,20),
 (388,14,10,2,20),
 (389,14,10,3,10),
 (390,14,10,4,10),
 (391,14,10,5,10),
 (392,14,10,6,10),
 (393,14,10,7,5),
 (394,14,10,8,5),
 (395,14,10,9,4),
 (396,14,10,10,4),
 (397,14,10,11,1),
 (398,14,10,12,1),
 (399,14,11,1,20),
 (400,14,11,2,20),
 (401,14,11,3,10),
 (402,14,11,4,10),
 (403,14,11,5,10),
 (404,14,11,6,10),
 (405,14,11,7,5),
 (406,14,11,8,5),
 (407,14,11,9,4),
 (408,14,11,10,4),
 (409,14,11,11,1),
 (410,14,11,12,1),
 (411,15,1,0,10),
 (412,15,1,1,10),
 (413,15,1,2,10),
 (414,15,1,3,10),
 (415,15,1,4,10),
 (416,15,1,5,10),
 (417,15,1,6,10),
 (418,15,1,7,10),
 (419,15,1,8,10),
 (420,15,1,9,5),
 (421,15,1,10,4),
 (422,15,1,11,1),
 (423,15,14,0,10),
 (424,15,14,1,10),
 (425,15,14,2,10),
 (426,15,14,3,10),
 (427,15,14,4,10),
 (428,15,14,5,10),
 (429,15,14,6,10),
 (430,15,14,7,10),
 (431,15,14,8,10),
 (432,15,14,9,5),
 (433,15,14,10,4),
 (434,15,14,11,1),
 (435,15,15,0,10),
 (436,15,15,1,10),
 (437,15,15,2,10),
 (438,15,15,3,10),
 (439,15,15,4,10),
 (440,15,15,5,10),
 (441,15,15,6,10),
 (442,15,15,7,10),
 (443,15,15,8,10),
 (444,15,15,9,5),
 (445,15,15,10,4),
 (446,15,15,11,1),
 (447,15,16,0,10),
 (448,15,16,1,10),
 (449,15,16,2,10),
 (450,15,16,3,10),
 (451,15,16,4,10),
 (452,15,16,5,10),
 (453,15,16,6,10),
 (454,15,16,7,10),
 (455,15,16,8,10),
 (456,15,16,9,5),
 (457,15,16,10,4),
 (458,15,16,11,1),
 (459,15,17,0,10),
 (460,15,17,1,10),
 (461,15,17,2,10),
 (462,15,17,3,10),
 (463,15,17,4,10),
 (464,15,17,5,10),
 (465,15,17,6,10),
 (466,15,17,7,10),
 (467,15,17,8,10),
 (468,15,17,9,5),
 (469,15,17,10,4),
 (470,15,17,11,1),
 (471,15,5,0,50),
 (472,15,5,1,30),
 (473,15,5,2,15),
 (474,15,5,3,4),
 (475,15,5,4,1),
 (476,15,6,0,50),
 (477,15,6,1,30),
 (478,15,6,2,15),
 (479,15,6,3,4),
 (480,15,6,4,1),
 (481,15,2,0,60),
 (482,15,2,1,35),
 (483,15,2,2,5),
 (484,15,3,0,60),
 (485,15,3,1,35),
 (486,15,3,2,5),
 (487,15,4,0,60),
 (488,15,4,1,35),
 (489,15,4,2,5);
--GO
--DROP TABLE IF EXISTS berry_firmness;
CREATE TABLE berry_firmness (
	id INT NOT NULL, 
	identifier VARCHAR(79) NOT NULL, 
	PRIMARY KEY (id)
);
INSERT INTO [berry_firmness] (id,identifier) VALUES (1,'very-soft'),
 (2,'soft'),
 (3,'hard'),
 (4,'very-hard'),
 (5,'super-hard');
--GO
--DROP TABLE IF EXISTS berries;
CREATE TABLE berries (
	id INT NOT NULL, 
	item_id INT NOT NULL, 
	firmness_id INT NOT NULL, 
	natural_gift_power INT, 
	natural_gift_type_id INT, 
	size INT NOT NULL, 
	max_harvest INT NOT NULL, 
	growth_time INT NOT NULL, 
	soil_dryness INT NOT NULL, 
	smoothness INT NOT NULL, 
	PRIMARY KEY (id), 
	FOREIGN KEY(item_id) REFERENCES items (id) ON UPDATE CASCADE ON DELETE NO ACTION, 
	FOREIGN KEY(firmness_id) REFERENCES berry_firmness (id) ON UPDATE CASCADE ON DELETE NO ACTION, 
	FOREIGN KEY(natural_gift_type_id) REFERENCES [types] (id) ON UPDATE CASCADE ON DELETE NO ACTION
);
INSERT INTO [berries] (id,item_id,firmness_id,natural_gift_power,natural_gift_type_id,size,max_harvest,growth_time,soil_dryness,smoothness) VALUES (1,126,2,60,10,20,5,3,15,25),
 (2,127,5,60,11,80,5,3,15,25),
 (3,128,1,60,13,40,5,3,15,25),
 (4,129,3,60,12,32,5,3,15,25),
 (5,130,5,60,15,50,5,3,15,25),
 (6,131,4,60,2,28,5,4,15,20),
 (7,132,5,60,4,35,5,4,15,20),
 (8,133,3,60,5,47,5,4,15,20),
 (9,134,5,60,3,34,5,12,8,20),
 (10,135,4,60,14,95,5,8,7,20),
 (11,136,2,60,7,100,5,5,10,25),
 (12,137,3,60,6,115,5,5,10,25),
 (13,138,3,60,8,126,5,5,10,25),
 (14,139,5,60,16,64,5,5,10,25),
 (15,140,2,60,17,223,5,5,10,25),
 (16,141,4,60,9,120,10,2,35,20),
 (17,142,2,70,10,108,10,2,35,20),
 (18,143,4,70,11,77,10,2,35,20),
 (19,144,5,70,13,74,10,2,35,20),
 (20,145,3,70,12,80,10,2,35,20),
 (21,146,4,70,15,135,5,8,8,20),
 (22,147,3,70,2,150,5,8,8,20),
 (23,148,3,70,4,110,5,8,8,20),
 (24,149,3,70,5,162,5,8,8,20),
 (25,150,2,70,3,149,5,8,8,20),
 (26,151,2,70,14,200,5,8,8,30),
 (27,152,3,70,7,75,10,6,10,30),
 (28,153,3,70,6,140,10,6,10,30),
 (29,154,2,70,8,226,10,6,10,30),
 (30,155,5,70,16,285,10,6,10,30),
 (31,156,2,70,17,133,15,15,8,35),
 (32,157,1,70,9,244,15,15,8,35),
 (33,158,2,80,10,250,15,15,8,35),
 (34,159,3,80,11,280,15,15,8,35),
 (35,160,1,80,13,300,15,15,8,35),
 (36,161,5,60,10,90,5,18,6,30),
 (37,162,2,60,11,33,5,18,6,30),
 (38,163,1,60,13,250,5,18,6,30),
 (39,164,2,60,12,156,5,18,6,30),
 (40,165,4,60,15,135,5,18,6,30),
 (41,166,2,60,2,77,5,18,6,30),
 (42,167,3,60,4,90,5,18,6,30),
 (43,168,2,60,5,42,5,18,6,30),
 (44,169,4,60,3,278,5,18,6,30),
 (45,170,2,60,14,252,5,18,6,30),
 (46,171,1,60,7,42,5,18,6,35),
 (47,172,1,60,6,28,5,18,6,35),
 (48,173,3,60,8,144,5,18,6,35),
 (49,174,2,60,16,23,5,18,6,35),
 (50,175,5,60,17,39,5,18,6,35),
 (51,176,5,60,9,265,5,18,6,35),
 (52,177,1,60,1,34,5,18,6,35),
 (53,178,4,80,12,111,5,24,4,40),
 (54,179,4,80,15,33,5,24,4,40),
 (55,180,4,80,2,95,5,24,4,40),
 (56,181,4,80,4,237,5,24,4,40),
 (57,182,3,80,5,75,5,24,4,40),
 (58,183,2,80,3,97,5,24,4,50),
 (59,184,5,80,14,153,5,24,4,50),
 (60,185,3,80,7,155,5,24,7,60),
 (61,186,2,80,6,41,5,24,7,60),
 (62,187,5,80,8,267,5,24,7,60),
 (63,188,2,80,16,33,5,24,7,60),
 (64,189,1,80,17,52,5,24,7,60) --;
GO
COMMIT TRAN;