
CREATE TABLE encounter_condition_prose (
	encounter_condition_id INT NOT NULL, 
	local_language_id INT NOT NULL, 
	[name] VARCHAR(79) NOT NULL, 
	PRIMARY KEY (encounter_condition_id, local_language_id), 
	FOREIGN KEY(encounter_condition_id) REFERENCES encounter_conditions (id) ON UPDATE CASCADE ON DELETE NO ACTION, 
	FOREIGN KEY(local_language_id) REFERENCES languages (id) ON UPDATE CASCADE ON DELETE NO ACTION
);
INSERT INTO [encounter_condition_prose] (encounter_condition_id,local_language_id,[name]) VALUES (1,5,'Essaim'),
 (1,6,'Schwarm'),
 (1,9,'Swarm'),
 (2,5,'Période horaire'),
 (2,6,'Tageszeit'),
 (2,9,'Time of day'),
 (3,5,'Poké Radar'),
 (3,6,'PokeRadar'),
 (3,9,'PokeRadar'),
 (4,5,'Jeu GBA dans le Slot 2'),
 (4,6,'Spiel der 3. Generation in Slot 2'),
 (4,9,'Gen 3 game in slot 2'),
 (5,5,'Radio'),
 (5,6,'Radio'),
 (5,9,'Radio'),
 (6,5,'Saison'),
 (6,6,'Jahreszeit'),
 (6,9,'Season'),
 (1,10,'Rojení'),
 (3,10,'PokéRadar'),
 (5,10,'Rádio'),
 (2,10,'Denní doba');
 CREATE TABLE egg_group_prose (
	egg_group_id INT NOT NULL, 
	local_language_id INT NOT NULL, 
	[name] VARCHAR(79) NOT NULL, 
	PRIMARY KEY (egg_group_id, local_language_id), 
	FOREIGN KEY(egg_group_id) REFERENCES egg_groups (id) ON UPDATE CASCADE ON DELETE NO ACTION, 
	FOREIGN KEY(local_language_id) REFERENCES languages (id) ON UPDATE CASCADE ON DELETE NO ACTION
);
INSERT INTO [egg_group_prose] (egg_group_id,local_language_id,[name]) VALUES (1,1,'かいじゅう'),
 (1,5,'Monstrueux'),
 (1,6,'Monster'),
 (1,7,'Monstruo'),
 (1,8,'Mostro'),
 (1,9,'Monster'),
 (2,1,'すいちゅう１'),
 (2,5,'Aquatique 1'),
 (2,6,'Wasser 1'),
 (2,7,'Agua 1'),
 (2,8,'Acqua 1'),
 (2,9,'Water 1'),
 (3,1,'むし'),
 (3,5,'Insectoïde'),
 (3,6,'Käfer'),
 (3,7,'Bicho'),
 (3,8,'Coleottero'),
 (3,9,'Bug'),
 (4,1,'ひこう'),
 (4,5,'Aérien'),
 (4,6,'Flug'),
 (4,7,'Volador'),
 (4,8,'Volante'),
 (4,9,'Flying'),
 (5,1,'りくじょう'),
 (5,5,'Terrestre'),
 (5,6,'Feld'),
 (5,7,'Campo'),
 (5,8,'Campo'),
 (5,9,'Field'),
 (6,1,'ようせい'),
 (6,5,'Féerique'),
 (6,6,'Fee'),
 (6,7,'Hada'),
 (6,8,'Magico'),
 (6,9,'Fairy'),
 (7,1,'しょくぶつ'),
 (7,5,'Végétal'),
 (7,6,'Pflanze'),
 (7,7,'Planta'),
 (7,8,'Erba'),
 (7,9,'Grass'),
 (8,1,'ひとがた'),
 (8,5,'Humanoïde'),
 (8,6,'Humanotyp'),
 (8,7,'Humanoide'),
 (8,8,'Umanoide'),
 (8,9,'Human-Like'),
 (9,1,'すいちゅう３'),
 (9,5,'Aquatique 3'),
 (9,6,'Wasser 3'),
 (9,7,'Agua 3'),
 (9,8,'Acqua 3'),
 (9,9,'Water 3'),
 (10,1,'こうぶつ'),
 (10,5,'Minéral'),
 (10,6,'Mineral'),
 (10,7,'Mineral'),
 (10,8,'Minerale'),
 (10,9,'Mineral'),
 (11,1,'ふていけい'),
 (11,5,'Amorphe'),
 (11,6,'Amorph'),
 (11,7,'Amorfo'),
 (11,8,'Amorfo'),
 (11,9,'Amorphous'),
 (12,1,'すいちゅう２'),
 (12,5,'Aquatique 2'),
 (12,6,'Wasser 2'),
 (12,7,'Agua 2'),
 (12,8,'Acqua 2'),
 (12,9,'Water 2'),
 (13,1,'メタモン'),
 (13,5,'Métamorph'),
 (13,6,'Ditto'),
 (13,7,'Ditto'),
 (13,8,'Ditto'),
 (13,9,'Ditto'),
 (14,1,'ドラゴン'),
 (14,5,'Draconique'),
 (14,6,'Drache'),
 (14,7,'Dragón'),
 (14,8,'Drago'),
 (14,9,'Dragon'),
 (15,1,'タマゴみはっけん'),
 (15,5,'Inconnu'),
 (15,6,'Unbekannt'),
 (15,7,'Desconocido'),
 (15,8,'Non ancora scoperto'),
 (15,9,'Undiscovered'),
 (11,10,'beztvární'),
 (10,10,'minerály'),
 (8,10,'antropoidní'),
 (15,10,'nekřižitelní'),
 (1,10,'pozemní'),
 (13,10,'Ditto');
--GO
--DROP TABLE IF EXISTS contest_type_names;
CREATE TABLE contest_type_names (
	contest_type_id INT NOT NULL, 
	local_language_id INT NOT NULL, 
	[name] VARCHAR(79), 
	flavor TEXT, 
	color TEXT, 
	PRIMARY KEY (contest_type_id, local_language_id), 
	FOREIGN KEY(contest_type_id) REFERENCES contest_types (id) ON UPDATE CASCADE ON DELETE NO ACTION, 
	FOREIGN KEY(local_language_id) REFERENCES languages (id) ON UPDATE CASCADE ON DELETE NO ACTION
);
INSERT INTO [contest_type_names] (contest_type_id,local_language_id,[name],flavor,color) VALUES (1,5,'Sang-froid','Épicé','Rouge'),
 (1,9,'Cool','Spicy','Red'),
 (2,5,'Beauté','Sec','Bleu'),
 (2,9,'Beauty','Dry','Blue'),
 (3,5,'Grâce','Sucré','Rose'),
 (3,9,'Cute','Sweet','Pink'),
 (4,5,'Intelligence','Amère','Vert'),
 (4,9,'Smart','Bitter','Green'),
 (5,5,'Robustesse','Acide','Jaune'),
 (5,9,'Tough','Sour','Yellow'),
 (1,10,NULL,'Ostrá',NULL),
 (5,10,'Síla',NULL,NULL),
 (2,10,'Krása','Suchá',NULL);
--GO
--DROP TABLE IF EXISTS contest_effect_prose;
CREATE TABLE contest_effect_prose (
	contest_effect_id INT NOT NULL, 
	local_language_id INT NOT NULL, 
	flavor_text TEXT, 
	effect TEXT, 
	PRIMARY KEY (contest_effect_id, local_language_id), 
	FOREIGN KEY(contest_effect_id) REFERENCES contest_effects (id) ON UPDATE CASCADE ON DELETE NO ACTION, 
	FOREIGN KEY(local_language_id) REFERENCES languages (id) ON UPDATE CASCADE ON DELETE NO ACTION
);
INSERT INTO [contest_effect_prose] (contest_effect_id,local_language_id,flavor_text,effect) VALUES (1,9,'A highly appealing move.','Gives a high number of appeal points wth no other effects.'),
 (2,9,'Affected by how well the appeal in front goes.','If the Pokémon that appealed before the user earned less than three appeal points, user earns six; if three, user earns three; if more than three, user earns none.'),
 (3,9,'After this move, the user is more easily startled.','If the user is jammed this turn after using this move, it will receive twice as many jam points.'),
 (4,9,'Badly startles the Pokémon in front.','Attempts to jam the Pokémon that appealed before the user.'),
 (5,9,'Badly startles those that have made appeals.','Attempts to jam all Pokémon that have appealed this turn.'),
 (6,9,'Jams the others, and misses one turn of appeals.','Attempts to jam the other Pokémon.  The user cannot make an appeal on the next turn, but it cannot be jammed either.'),
 (7,9,'Makes a great appeal, but allows no more to the end.','User cannot make any more appeals for the remainder of the contest.'),
 (8,9,'Startles all Pokémon that have done their appeals.','Attempts to jam all Pokémon that have appealed this turn.'),
 (9,9,'Startles the Pokémon that appealed before the user.','Attempts to jam the Pokémon that appealed before the user.'),
 (10,9,'Startles the Pokémon that has the judge''s attention.','Attempts to jam all Pokémon that have appealed this turn.  If a Pokémon is in combo standby status, it is jammed 5 points instead of 1.'),
 (11,9,'The appeal works best the more the crowd is excited.','If the Applause meter is empty or at one, earns one point; if two, earns three points; if three, earns four points; if four, earns six points.'),
 (12,9,'Works well if it''s the same type as the one before.','If the last Pokémon''s appeal is the same type as this move, user earns six points instead of two.'),
 (13,9,'An appeal that excites the audience in any contest.','Always adds a point to the applause meter, regardless of whether the move matches the contest, and can likewise gain the applause bonus.'),
 (14,9,'Badly startles all Pokémon that made good appeals.','Attempts to jam all Pokémon that have appealed this turn for half their appeal points (minimum 1).'),
 (15,9,'Can avoid being startled by others.','Prevents jamming for the rest of this turn.'),
 (16,9,'Can avoid being startled by others once.','Prevents the next jam on this turn.'),
 (17,9,'Can be repeatedly used without boring the judge.','Repeated use does not incur a penalty.'),
 (18,9,'Makes all Pokémon after the user nervous.','Attempts to make all following Pokémon nervous (and thus unable to appeal).'),
 (19,9,'Makes the appeal as good as the one before it.','User earns appeal points equal to the points the previous Pokémon earned plus one.'),
 (20,9,'Makes the appeal as good as those before it.','User earns appeal points equal to half the points ALL the previous Pokémon earned plus one.'),
 (21,9,'Scrambles up the order of appeals on the next turn.','Shuffles the next turn''s turn order.'),
 (22,9,'Shifts the judge''s attention from others.','Cancels combo standby status for all Pokémon that have appealed this turn.'),
 (23,9,'Startles Pokémon that made a same-type appeal.','Attempts to jam all Pokémon that have appealed this turn.  If a Pokémon used the same type move as this one, it is jammed for 4 points instead of 1.'),
 (24,9,'Temporarily stops the crowd from getting excited.','Prevents the Applause Meter from rising for the rest of the turn.'),
 (25,9,'The appeal''s quality depends on its timing.','Randomly earns one, two, four, or eight points.'),
 (26,9,'The appeal works better the later it is performed.','If user appeals first this turn, earns one point; if second, two points; if third, four points; if last, six points.'),
 (27,9,'The appeal works great if performed first.','If user appeals first this turn, earns six points instead of two.'),
 (28,9,'The appeal works great if performed last.','If user appeals last this turn, earns six points instead of two.'),
 (29,9,'The appeal works well if the user''s condition is good.','If user has no stars, earns one point; if one, three points; if two, five points; if three, seven points.  This does not include the appeal point bonus the stars give.'),
 (30,9,'The next appeal can be made earlier next turn.','User will go first next turn.'),
 (31,9,'The next appeal can be made later next turn.','User will go last next turn.'),
 (32,9,'Ups the user''s condition.  Helps prevent nervousness.','User gains one star.'),
 (33,9,'Worsens the condition of those that made appeals.','Removes all stars from all Pokémon that have appealed this turn.');
--GO
--DROP TABLE IF EXISTS contest_combos;
CREATE TABLE contest_combos (
	first_move_id INT NOT NULL, 
	second_move_id INT NOT NULL, 
	PRIMARY KEY (first_move_id, second_move_id), 
	FOREIGN KEY(first_move_id) REFERENCES moves (id) ON UPDATE CASCADE ON DELETE NO ACTION, 
	FOREIGN KEY(second_move_id) REFERENCES moves (id) ON UPDATE CASCADE ON DELETE NO ACTION
);
INSERT INTO [contest_combos] (first_move_id,second_move_id) VALUES (1,3),
 (1,29),
 (1,185),
 (7,8),
 (7,9),
 (8,7),
 (8,9),
 (9,7),
 (9,8),
 (10,154),
 (10,163),
 (11,12),
 (11,20),
 (14,15),
 (14,152),
 (14,163),
 (14,206),
 (14,210),
 (14,306),
 (28,189),
 (30,31),
 (30,32),
 (43,10),
 (43,23),
 (43,30),
 (43,33),
 (43,44),
 (43,137),
 (43,184),
 (43,185),
 (47,195),
 (47,287),
 (57,291),
 (64,31),
 (64,65),
 (74,22),
 (74,71),
 (74,72),
 (74,73),
 (74,75),
 (74,76),
 (74,80),
 (74,202),
 (74,331),
 (74,338),
 (74,345),
 (82,225),
 (82,337),
 (82,349),
 (88,157),
 (88,317),
 (89,90),
 (89,284),
 (93,94),
 (93,100),
 (93,134),
 (93,248),
 (94,93),
 (94,100),
 (94,134),
 (94,248),
 (95,138),
 (95,171),
 (99,37),
 (99,43),
 (99,184),
 (104,97),
 (104,98),
 (104,100),
 (106,33),
 (106,36),
 (106,38),
 (106,182),
 (106,205),
 (111,33),
 (111,205),
 (116,2),
 (116,5),
 (116,21),
 (116,25),
 (116,36),
 (116,38),
 (116,167),
 (116,198),
 (116,223),
 (116,238),
 (116,264),
 (116,280),
 (116,292),
 (116,327),
 (123,108),
 (124,188),
 (125,155),
 (125,198),
 (134,93),
 (134,94),
 (134,100),
 (134,248),
 (135,121),
 (155,125),
 (155,198),
 (156,173),
 (156,214),
 (170,5),
 (170,25),
 (170,26),
 (170,66),
 (170,136),
 (170,223),
 (170,276),
 (170,329),
 (174,180),
 (174,194),
 (174,212),
 (174,288),
 (181,59),
 (184,43),
 (184,44),
 (184,162),
 (184,242),
 (187,156),
 (188,124),
 (189,28),
 (189,300),
 (198,125),
 (198,155),
 (199,87),
 (199,161),
 (199,190),
 (199,192),
 (199,276),
 (201,28),
 (201,189),
 (201,300),
 (201,311),
 (201,328),
 (201,341),
 (203,175),
 (203,179),
 (203,194),
 (203,220),
 (203,283),
 (203,284),
 (204,39),
 (204,45),
 (204,156),
 (204,186),
 (204,260),
 (212,194),
 (212,195),
 (225,82),
 (225,337),
 (225,349),
 (230,77),
 (230,78),
 (230,79),
 (240,3),
 (240,55),
 (240,56),
 (240,57),
 (240,61),
 (240,87),
 (240,127),
 (240,128),
 (240,145),
 (240,152),
 (240,190),
 (240,291),
 (240,308),
 (240,311),
 (240,323),
 (240,330),
 (240,346),
 (240,352),
 (241,7),
 (241,27),
 (241,52),
 (241,53),
 (241,76),
 (241,83),
 (241,126),
 (241,172),
 (241,221),
 (241,234),
 (241,235),
 (241,236),
 (241,257),
 (241,284),
 (241,299),
 (241,307),
 (241,311),
 (241,315),
 (252,69),
 (252,185),
 (252,233),
 (252,282),
 (252,292),
 (254,255),
 (254,256),
 (258,58),
 (258,59),
 (258,62),
 (258,114),
 (258,181),
 (258,196),
 (258,301),
 (258,311),
 (258,329),
 (258,333),
 (268,9),
 (268,84),
 (268,85),
 (268,86),
 (268,87),
 (268,192),
 (268,209),
 (268,344),
 (268,351),
 (269,68),
 (269,197),
 (269,243),
 (281,156),
 (281,303),
 (291,57),
 (300,55),
 (300,189),
 (300,346),
 (319,232),
 (346,55),
 (346,287),
 (346,300),
 (347,60),
 (347,93),
 (347,94),
 (347,96),
 (347,113),
 (347,115),
 (347,138),
 (347,149),
 (347,248),
 (347,295),
 (347,296),
 (347,354),
 (349,82),
 (349,225),
 (349,337);
 /*
CREATE TABLE conquest_move_ranges (--NOT PART OF ORIGINAL GAME
	id INT NOT NULL, 
	identifier VARCHAR(79) NOT NULL, 
	targets INT NOT NULL, 
	PRIMARY KEY (id)
);
INSERT INTO [conquest_move_ranges] (id,identifier,targets) VALUES (1,'user',1),
 (2,'tile-1-ahead',1),
 (3,'column-2-tiles',2),
 (4,'column-3-tiles',3),
 (5,'diamond-adjacent',4),
 (6,'ring-adjacent',8),
 (7,'row',3),
 (8,'chevron',3),
 (9,'plus',5),
 (10,'x-shape',5),
 (11,'tile-2-ahead',1),
 (12,'tile-3-ahead',1),
 (13,'diamond-2-ahead',4),
 (14,'ring-2-ahead',8),
 (15,'row-2-ahead',3),
 (16,'2-rows-2-ahead',6),
 (17,'column-2-ahead',2),
 (18,'x-shape-2-ahead',5),
 (19,'dai',7),
 (20,'t-shape',4),
 (21,'2-rows',6);
--GO
--DROP TABLE IF EXISTS conquest_move_range_prose;
CREATE TABLE conquest_move_range_prose ( --NOT PART OF ORIGINAL GAME
	conquest_move_range_id INT NOT NULL, 
	local_language_id INT NOT NULL, 
	[name] VARCHAR(79), 
	[description] TEXT, 
	PRIMARY KEY (conquest_move_range_id, local_language_id), 
	FOREIGN KEY(conquest_move_range_id) REFERENCES conquest_move_ranges (id) ON UPDATE CASCADE ON DELETE NO ACTION, 
	FOREIGN KEY(local_language_id) REFERENCES languages (id) ON UPDATE CASCADE ON DELETE NO ACTION
);
INSERT INTO [conquest_move_range_prose] (conquest_move_range_id,local_language_id,[name],[description]) VALUES (1,9,'User','The user.'),
 (2,9,'Single tile','A single tile directly in front of the user.'),
 (3,9,'Two-tile column','Two tiles in a column in front of the user.'),
 (4,9,'Three-tile column','Three tiles in a column in front of the user.'),
 (5,9,'Adjacent diamond','The four tiles adjacent to the user.'),
 (6,9,'Adjacent ring','Eight tiles in a ring around the user.'),
 (7,9,'Row','Three tiles in a line centered directly in front of the user.'),
 (8,9,'Chevron','Three tiles in the shape of a chevron (^), with the apex two tiles in front of the user.'),
 (9,9,'Plus','Five tiles in a plus shape centered two tiles in front of the user.'),
 (10,9,'X-shape','Five tiles in an X shape centered directly in front of the user.'),
 (11,9,'Two ahead','A single tile two tiles in front of the user.'),
 (12,9,'Three ahead','A single tile three tiles in front of the user.'),
 (13,9,'Diamond two ahead','Four tiles in a diamond centered two tiles in front of the user.'),
 (14,9,'Ring in front','Eight tiles in a ring centered two tiles in front of the user.'),
 (15,9,'Row two ahead','Three tiles in a line centered two tiles in front of the user.'),
 (16,9,'Two rows two ahead','Six tiles in two rows of three, one centered two tiles in front of the user and the other three tiles.'),
 (17,9,'Column two ahead','A column of two tiles starting two tiles in front of the user.'),
 (18,9,'X-shape two ahead','Five tiles in an X shape centered two tiles in front of the user.'),
 (19,9,'Dai','Seven tiles in the shape of the kanji 大 (dai), consisting of five squares in a plus shape in front of the user and one square on either side of the user.'),
 (20,9,'T-shape','Four tiles in the shape of a T, consisting of the tile directly in front of the user and a row of three tiles centered two tiles in front of the user.'),
 (21,9,'Two rows','Six tiles in two rows of three, one centered directly in front of the user and the other two tiles in front of the user.');*/
 CREATE TABLE characteristics (
	id INT NOT NULL, 
	stat_id INT NOT NULL, 
	gene_mod_5 INT NOT NULL, 
	PRIMARY KEY (id), 
	FOREIGN KEY(stat_id) REFERENCES [stats] (id) ON UPDATE CASCADE ON DELETE NO ACTION
);
INSERT INTO [characteristics] (id,stat_id,gene_mod_5) VALUES (1,1,0),
 (2,2,0),
 (3,3,0),
 (4,4,0),
 (5,5,0),
 (6,6,0),
 (7,1,1),
 (8,2,1),
 (9,3,1),
 (10,4,1),
 (11,5,1),
 (12,6,1),
 (13,1,2),
 (14,2,2),
 (15,3,2),
 (16,4,2),
 (17,5,2),
 (18,6,2),
 (19,1,3),
 (20,2,3),
 (21,3,3),
 (22,4,3),
 (23,5,3),
 (24,6,3),
 (25,1,4),
 (26,2,4),
 (27,3,4),
 (28,4,4),
 (29,5,4),
 (30,6,4);
--GO
--DROP TABLE IF EXISTS characteristic_text;
CREATE TABLE characteristic_text (
	characteristic_id INT NOT NULL, 
	local_language_id INT NOT NULL, 
	[message] VARCHAR(79) NOT NULL, 
	PRIMARY KEY (characteristic_id, local_language_id), 
	FOREIGN KEY(characteristic_id) REFERENCES characteristics (id) ON UPDATE CASCADE ON DELETE NO ACTION, 
	FOREIGN KEY(local_language_id) REFERENCES languages (id) ON UPDATE CASCADE ON DELETE NO ACTION
);
INSERT INTO [characteristic_text] (characteristic_id,local_language_id,message) VALUES (1,5,'Adore manger'),
 (1,9,'Loves to eat'),
 (2,5,'Est fier de sa puissance'),
 (2,9,'Proud of its power'),
 (3,5,'Corps robuste'),
 (3,9,'Sturdy body'),
 (4,5,'Extrêmement curieux'),
 (4,9,'Highly curious'),
 (5,5,'Très volontaire'),
 (5,9,'Strong willed'),
 (6,5,'Aime courir'),
 (6,9,'Likes to run'),
 (7,5,'S''assoupit souvent'),
 (7,9,'Takes plenty of siestas'),
 (8,5,'Aime se démener'),
 (8,9,'Likes to thrash about'),
 (9,5,'Sait encaisser les coups'),
 (9,9,'Capable of taking hits'),
 (10,5,'Coquin'),
 (10,9,'Mischievous'),
 (11,5,'Un peu vaniteux'),
 (11,9,'Somewhat vain'),
 (12,5,'Attentif aux sons'),
 (12,9,'Alert to sounds'),
 (13,5,'Dort beaucoup'),
 (13,9,'Nods off a lot'),
 (14,5,'Un peu coléreux'),
 (14,9,'A little quick tempered'),
 (15,5,'Très obstiné'),
 (15,9,'Highly persistent'),
 (16,5,'Très astucieux'),
 (16,9,'Thoroughly cunning'),
 (17,5,'Esprit rebelle'),
 (17,9,'Strongly defiant'),
 (18,5,'Bête et impulsif'),
 (18,9,'Impetuous and silly'),
 (19,5,'Éparpille des choses'),
 (19,9,'Scatters things often'),
 (20,5,'Aime combattre'),
 (20,9,'Likes to fight'),
 (21,5,'Bonne endurance'),
 (21,9,'Good endurance'),
 (22,5,'Souvent dans la lune'),
 (22,9,'Often lost in thought'),
 (23,5,'A horreur de perdre'),
 (23,9,'Hates to lose'),
 (24,5,'Aime faire le pitre'),
 (24,9,'Somewhat of a clown'),
 (25,5,'Aime se détendre'),
 (25,9,'Likes to relax'),
 (26,5,'S''emporte facilement'),
 (26,9,'Quick tempered'),
 (27,5,'Persévérant'),
 (27,9,'Good perseverance'),
 (28,5,'Très particulier'),
 (28,9,'Very finicky'),
 (29,5,'Assez entêté'),
 (29,9,'Somewhat stubborn'),
 (30,5,'Fuit rapidement'),
 (30,9,'Quick to flee');
--GO
--DROP TABLE IF EXISTS berry_flavors;
CREATE TABLE berry_flavors (
	berry_id INT NOT NULL, 
	contest_type_id INT NOT NULL, 
	flavor INT NOT NULL, 
	PRIMARY KEY (berry_id, contest_type_id), 
	FOREIGN KEY(berry_id) REFERENCES berries (id) ON UPDATE CASCADE ON DELETE NO ACTION, 
	FOREIGN KEY(contest_type_id) REFERENCES contest_types (id) ON UPDATE CASCADE ON DELETE NO ACTION
);
INSERT INTO [berry_flavors] (berry_id,contest_type_id,flavor) VALUES (1,1,10),
 (1,2,0),
 (1,3,0),
 (1,4,0),
 (1,5,0),
 (2,1,0),
 (2,2,10),
 (2,3,0),
 (2,4,0),
 (2,5,0),
 (3,1,0),
 (3,2,0),
 (3,3,10),
 (3,4,0),
 (3,5,0),
 (4,1,0),
 (4,2,0),
 (4,3,0),
 (4,4,10),
 (4,5,0),
 (5,1,0),
 (5,2,0),
 (5,3,0),
 (5,4,0),
 (5,5,10),
 (6,1,10),
 (6,2,0),
 (6,3,10),
 (6,4,10),
 (6,5,10),
 (7,1,10),
 (7,2,10),
 (7,3,0),
 (7,4,10),
 (7,5,10),
 (8,1,10),
 (8,2,10),
 (8,3,10),
 (8,4,0),
 (8,5,10),
 (9,1,10),
 (9,2,10),
 (9,3,10),
 (9,4,10),
 (9,5,0),
 (10,1,0),
 (10,2,10),
 (10,3,10),
 (10,4,10),
 (10,5,10),
 (11,1,15),
 (11,2,0),
 (11,3,0),
 (11,4,0),
 (11,5,0),
 (12,1,0),
 (12,2,15),
 (12,3,0),
 (12,4,0),
 (12,5,0),
 (13,1,0),
 (13,2,0),
 (13,3,15),
 (13,4,0),
 (13,5,0),
 (14,1,0),
 (14,2,0),
 (14,3,0),
 (14,4,15),
 (14,5,0),
 (15,1,0),
 (15,2,0),
 (15,3,0),
 (15,4,0),
 (15,5,15),
 (16,1,10),
 (16,2,10),
 (16,3,0),
 (16,4,0),
 (16,5,0),
 (17,1,0),
 (17,2,10),
 (17,3,10),
 (17,4,0),
 (17,5,0),
 (18,1,0),
 (18,2,0),
 (18,3,10),
 (18,4,10),
 (18,5,0),
 (19,1,0),
 (19,2,0),
 (19,3,0),
 (19,4,10),
 (19,5,10),
 (20,1,10),
 (20,2,0),
 (20,3,0),
 (20,4,0),
 (20,5,10),
 (21,1,10),
 (21,2,0),
 (21,3,10),
 (21,4,10),
 (21,5,0),
 (22,1,0),
 (22,2,10),
 (22,3,0),
 (22,4,10),
 (22,5,10),
 (23,1,10),
 (23,2,0),
 (23,3,10),
 (23,4,0),
 (23,5,10),
 (24,1,10),
 (24,2,10),
 (24,3,0),
 (24,4,10),
 (24,5,0),
 (25,1,0),
 (25,2,10),
 (25,3,10),
 (25,4,0),
 (25,5,10),
 (26,1,20),
 (26,2,10),
 (26,3,0),
 (26,4,0),
 (26,5,0),
 (27,1,0),
 (27,2,20),
 (27,3,10),
 (27,4,0),
 (27,5,0),
 (28,1,0),
 (28,2,0),
 (28,3,20),
 (28,4,10),
 (28,5,0),
 (29,1,0),
 (29,2,0),
 (29,3,0),
 (29,4,20),
 (29,5,10),
 (30,1,10),
 (30,2,0),
 (30,3,0),
 (30,4,0),
 (30,5,20),
 (31,1,30),
 (31,2,10),
 (31,3,0),
 (31,4,0),
 (31,5,0),
 (32,1,0),
 (32,2,30),
 (32,3,10),
 (32,4,0),
 (32,5,0),
 (33,1,0),
 (33,2,0),
 (33,3,30),
 (33,4,10),
 (33,5,0),
 (34,1,0),
 (34,2,0),
 (34,3,0),
 (34,4,30),
 (34,5,10),
 (35,1,10),
 (35,2,0),
 (35,3,0),
 (35,4,0),
 (35,5,30),
 (36,1,15),
 (36,2,0),
 (36,3,10),
 (36,4,0),
 (36,5,0),
 (37,1,0),
 (37,2,15),
 (37,3,0),
 (37,4,10),
 (37,5,0),
 (38,1,0),
 (38,2,0),
 (38,3,15),
 (38,4,0),
 (38,5,10),
 (39,1,10),
 (39,2,0),
 (39,3,0),
 (39,4,15),
 (39,5,0),
 (40,1,0),
 (40,2,10),
 (40,3,0),
 (40,4,0),
 (40,5,15),
 (41,1,15),
 (41,2,0),
 (41,3,0),
 (41,4,10),
 (41,5,0),
 (42,1,0),
 (42,2,15),
 (42,3,0),
 (42,4,0),
 (42,5,10),
 (43,1,10),
 (43,2,0),
 (43,3,15),
 (43,4,0),
 (43,5,0),
 (44,1,0),
 (44,2,10),
 (44,3,0),
 (44,4,15),
 (44,5,0),
 (45,1,0),
 (45,2,0),
 (45,3,10),
 (45,4,0),
 (45,5,15),
 (46,1,20),
 (46,2,0),
 (46,3,0),
 (46,4,0),
 (46,5,10),
 (47,1,10),
 (47,2,20),
 (47,3,0),
 (47,4,0),
 (47,5,0),
 (48,1,0),
 (48,2,10),
 (48,3,20),
 (48,4,0),
 (48,5,0),
 (49,1,0),
 (49,2,0),
 (49,3,10),
 (49,4,20),
 (49,5,0),
 (50,1,0),
 (50,2,0),
 (50,3,0),
 (50,4,10),
 (50,5,20),
 (51,1,25),
 (51,2,10),
 (51,3,0),
 (51,4,0),
 (51,5,0),
 (52,1,0),
 (52,2,25),
 (52,3,10),
 (52,4,0),
 (52,5,0),
 (53,1,30),
 (53,2,10),
 (53,3,30),
 (53,4,0),
 (53,5,0),
 (54,1,0),
 (54,2,30),
 (54,3,10),
 (54,4,30),
 (54,5,0),
 (55,1,0),
 (55,2,0),
 (55,3,30),
 (55,4,10),
 (55,5,30),
 (56,1,30),
 (56,2,0),
 (56,3,0),
 (56,4,30),
 (56,5,10),
 (57,1,10),
 (57,2,30),
 (57,3,0),
 (57,4,0),
 (57,5,30),
 (58,1,30),
 (58,2,10),
 (58,3,30),
 (58,4,10),
 (58,5,30),
 (59,1,30),
 (59,2,10),
 (59,3,30),
 (59,4,10),
 (59,5,30),
 (60,1,40),
 (60,2,10),
 (60,3,0),
 (60,4,0),
 (60,5,0),
 (61,1,0),
 (61,2,40),
 (61,3,10),
 (61,4,0),
 (61,5,0),
 (62,1,0),
 (62,2,0),
 (62,3,40),
 (62,4,10),
 (62,5,0),
 (63,1,0),
 (63,2,0),
 (63,3,0),
 (63,4,40),
 (63,5,10),
 (64,1,10),
 (64,2,0),
 (64,3,0),
 (64,4,0),
 (64,5,40);
--GO
--DROP TABLE IF EXISTS berry_firmness_names;
CREATE TABLE berry_firmness_names (
	berry_firmness_id INT NOT NULL, 
	local_language_id INT NOT NULL, 
	[name] VARCHAR(79) NOT NULL, 
	PRIMARY KEY (berry_firmness_id, local_language_id), 
	FOREIGN KEY(berry_firmness_id) REFERENCES berry_firmness (id) ON UPDATE CASCADE ON DELETE NO ACTION, 
	FOREIGN KEY(local_language_id) REFERENCES languages (id) ON UPDATE CASCADE ON DELETE NO ACTION
);
INSERT INTO [berry_firmness_names] (berry_firmness_id,local_language_id,[name]) VALUES (1,5,'Très tendre'),
 (1,9,'Very Soft'),
 (2,5,'Tendre'),
 (2,9,'Soft'),
 (3,5,'Ferme'),
 (3,9,'Hard'),
 (4,5,'Très ferme'),
 (4,9,'Very Hard'),
 (5,5,'Super ferme'),
 (5,9,'Super Hard'),
 (3,10,'Tvrdá'),
 (2,10,'Měkká');
--GO
--DROP TABLE IF EXISTS ability_prose;
CREATE TABLE ability_prose (
	ability_id INT NOT NULL, 
	local_language_id INT NOT NULL, 
	short_effect TEXT, 
	effect TEXT, 
	PRIMARY KEY (ability_id, local_language_id), 
	FOREIGN KEY(ability_id) REFERENCES abilities (id) ON UPDATE CASCADE ON DELETE NO ACTION, 
	FOREIGN KEY(local_language_id) REFERENCES languages (id) ON UPDATE CASCADE ON DELETE NO ACTION
);
INSERT INTO [ability_prose] (ability_id,local_language_id,short_effect,effect) VALUES (1,9,'Has a 10% chance of making target Pokémon [flinch]{mechanic:flinch} with each hit.','This Pokémon''s damaging moves have a 10% chance to make the target [flinch]{mechanic:flinch} with each hit if they do not already cause flinching as a secondary effect.

This ability does not stack with a held item.

Overworld: The wild encounter rate is halved while this Pokémon is first in the party.'),
 (2,9,'Summons [rain]{mechanic:rain} that lasts indefinitely upon entering battle.','The [weather]{mechanic:weather} changes to [rain]{mechanic:rain} when this Pokémon enters battle and does not end unless replaced by another weather condition.

If multiple Pokémon with this ability, []{ability:drought}, []{ability:sand-stream}, or []{ability:snow-warning} are sent out at the same time, the abilities will activate in order of [Speed]{mechanic:speed}, respecting []{move:trick-room}.  Each ability''s weather will cancel the previous weather, and only the weather summoned by the slowest of the Pokémon will stay.'),
 (3,9,'Raises [Speed]{mechanic:speed} one [stage]{mechanic:stat-modifier} after each turn.','This Pokémon''s [Speed]{mechanic:speed} rises one [stage]{mechanic:stat-modifier} after each turn.'),
 (4,9,'Protects against [critical hits]{mechanic:critical-hit}.','Moves cannot score [critical hits]{mechanic:critical-hit} against this Pokémon.

This ability functions identically to []{ability:shell-armor}.'),
 (5,9,'Prevents being KOed from full [HP]{mechanic:hp}, leaving 1 HP instead.  Protects against the one-hit KO moves regardless of HP.','When this Pokémon is at full [HP]{mechanic:hp}, any hit that would knock it out will instead leave it with 1 HP.  Regardless of its current HP, it is also immune to the one-hit KO moves: []{move:fissure}, []{move:guillotine}, []{move:horn-drill}, and []{move:sheer-cold}.

If this Pokémon is holding a []{item:focus-sash}, this ability takes precedence and the item will not be consumed.'),
 (6,9,'Prevents []{move:self-destruct}, []{move:explosion}, and []{ability:aftermath} from working while the Pokémon is in battle.','While this Pokémon is in battle, []{move:self-destruct} and []{move:explosion} will fail and []{ability:aftermath} will not take effect.'),
 (7,9,'Prevents [paralysis]{mechanic:paralysis}.','This Pokémon cannot be [paralyzed]{mechanic:paralysis}.

If a Pokémon is paralyzed and acquires this ability, its paralysis is healed; this includes when regaining a lost ability upon leaving battle.'),
 (8,9,'Increases [evasion]{mechanic:evasion} to 1.25× during a [sandstorm]{mechanic:sandstorm}.  Protects against sandstorm damage.','During a [sandstorm]{mechanic:sandstorm}, this Pokémon has 1.25× its [evasion]{mechanic:evasion}, and it does not take sandstorm damage regardless of type.

The evasion bonus does not count as a [stat modifier]{mechanic:stat-modifier}.

Overworld: If the lead Pokémon has this ability, the wild encounter rate is halved in a sandstorm.'),
 (9,9,'Has a 30% chance of [paralyzing]{mechanic:paralysis} attacking Pokémon on contact.','Whenever a move makes contact with this Pokémon, the move''s user has a 30% chance of being [paralyzed]{mechanic:paralysis}.

Pokémon that are immune to []{type:electric}-type moves can still be paralyzed by this ability.

Overworld: If the lead Pokémon has this ability, there is a 50% chance that encounters will be with an []{type:electric} Pokémon, if applicable.'),
 (10,9,'Absorbs []{type:electric} moves, healing for 1/4 max [HP]{mechanic:hp}.','Whenever an []{type:electric}-type move hits this Pokémon, it heals for 1/4 of its maximum [HP]{mechanic:hp}, negating any other effect on it.

This ability will not take effect if this Pokémon is []{type:ground}-type and thus immune to Electric moves.  Electric moves will ignore this Pokémon''s []{move:substitute}.

This effect includes non-damaging moves, i.e. []{move:thunder-wave}.'),
 (11,9,'Absorbs []{type:water} moves, healing for 1/4 max [HP]{mechanic:hp}.','Whenever a []{type:water}-type move hits this Pokémon, it heals for 1/4 of its maximum [HP]{mechanic:hp}, negating any other effect on it.

Water moves will ignore this Pokémon''s []{move:substitute}.'),
 (12,9,'Prevents [infatuation]{mechanic:infatuation} and protects against []{move:captivate}.','This Pokémon cannot be [infatuated]{mechanic:infatuation} and is immune to []{move:captivate}.

If a Pokémon is infatuated and acquires this ability, its infatuation is cleared.'),
 (13,9,'Negates all effects of [weather]{mechanic:weather}, but does not prevent the weather itself.','While this Pokémon is in battle, [weather]{mechanic:weather} can still be in play, but will not have any of its effects.

This ability functions identically to []{ability:air-lock}.'),
 (14,9,'Increases moves'' [accuracy]{mechanic:accuracy} to 1.3×.','This Pokémon''s moves have 1.3× their [accuracy]{mechanic:accuracy}.

This ability has no effect on the one-hit KO moves ([]{move:fissure}, []{move:guillotine}, []{move:horn-drill}, and []{move:sheer-cold}).

Overworld: If the first Pokémon in the party has this ability, the chance of a wild Pokémon holding a particular item is raised from 50%, 5%, or 1% to 60%, 20%, or 5%, respectively.'),
 (15,9,'Prevents [sleep]{mechanic:sleep}.','This Pokémon cannot be [asleep]{mechanic:sleep}.

This causes []{move:rest} to fail altogether.  If a Pokémon is asleep and acquires this ability, it will immediately wake up; this includes when regaining a lost ability upon leaving battle.

This ability functions identically to []{ability:vital-spirit} in battle.'),
 (16,9,'Changes type to match when hit by a damaging move.','Whenever this Pokémon takes damage from a move, the Pokémon''s type changes to match the move.

If the Pokémon has two types, both are overridden.  The Pokémon must directly take damage; for example, moves blocked by a []{move:substitute} will not trigger this ability, nor will moves that deal damage indirectly, such as []{move:spikes}.

This ability takes effect on only the last hit of a multiple-hit attack.

In Pokémon Colosseum and XD: Gale of Darkness, this ability does not take effect on Shadow-type moves.'),
 (17,9,'Prevents [poison]{mechanic:poison}.','This Pokémon cannot be [poisoned]{mechanic:poison}.  This includes bad poison.

If a Pokémon is poisoned and acquires this ability, its poison is healed; this includes when regaining a lost ability upon leaving battle.'),
 (18,9,'Protects against []{type:fire} moves.  Once one has been blocked, the Pokémon''s own Fire moves inflict 1.5× damage until it leaves battle.','This Pokémon is immune to []{type:fire}-type moves.  Once this Pokémon has been hit by a Fire move, its own Fire moves will inflict 1.5× as much damage until it leaves battle.

This ability has no effect while the Pokémon is [frozen]{mechanic:freezing}.  The Fire damage bonus is retained even if the Pokémon is frozen and thawed or the ability is lost or disabled.  Fire moves will ignore this Pokémon''s []{move:substitute}.  This ability takes effect even on non-damaging moves, i.e. []{move:will-o-wisp}.'),
 (19,9,'Protects against incoming moves'' extra effects.','This Pokémon is immune to the extra effects of moves used against it.

An extra effect is a move''s chance, listed as an "effect chance", to inflict a [status ailment]{mechanic:status-ailment}, cause a [stat change]{mechanic:stat-modifier}, or make the target [flinch]{mechanic:flinching} in addition to the move''s main effect.  For example, []{move:thunder-shock}''s [paralysis]{mechanic:paralysis} is an extra effect, but []{move:thunder-wave}''s is not, nor are []{move:knock-off}''s item removal and []{move:air-cutter}''s increased [critical hit]{mechanic:critial-hit} rate.'),
 (20,9,'Prevents [confusion]{mechanic:confusion}.','This Pokémon cannot be [confused]{mechanic:confusion}.

If a Pokémon is confused and acquires this ability, its confusion will immediately be healed.'),
 (21,9,'Prevents being forced out of battle by other Pokémon''s moves.','This Pokémon cannot be forced out of battle by moves such as []{move:whirlwind}.

[]{move:dragon-tail} and []{move:circle-throw} still inflict damage against this Pokémon.

Overworld: If the lead Pokémon has this ability, the success rate while fishing is increased.'),
 (22,9,'Lowers opponents'' [Attack]{mechanic:attack} one [stage]{mechanic:stat-modifier} upon entering battle.','When this Pokémon enters battle, the opponent''s [Attack]{mechanic:attack} is lowered by one [stage]{mechanic:stat-modifier}.  In a double battle, both opponents are affected.

This ability also takes effect when acquired during a battle, but will not take effect again if lost and reobtained without leaving battle.

This ability has no effect on an opponent that has a []{move:substitute}.

Overworld: If the first Pokémon in the party has this ability, any random encounter with a Pokémon five or more levels lower than it has a 50% chance of being skipped.'),
 (23,9,'Prevents opponents from fleeing or switching out.','While this Pokémon is in battle, opposing Pokémon cannot flee or switch out.

Other Pokémon with this ability are unaffected.  Pokémon with []{ability:run-away} can still flee.  Pokémon can still switch out with the use of a move or item.'),
 (24,9,'Damages attacking Pokémon for 1/8 their max [HP]{mechanic:hp} on contact.','Whenever a move makes contact with this Pokémon, the move''s user takes 1/8 of its maximum [HP]{mechanic:hp} in damage.

This ability functions identically to []{ability:iron-barbs}.'),
 (25,9,'Protects against damaging moves that are not [super effective]{mechanic:super-effective}.','This Pokémon is immune to damaging moves that are not [super effective]{mechanic:super-effective} against it.

Moves that inflict fixed damage, such as []{move:night-shade} or []{move:seismic-toss}, are considered super effective if their types are.  Damage not directly dealt by moves, such as damage from [weather]{mechanic:weather}, a [status ailment]{mechanic:status-ailment}, or []{move:spikes}, is not prevented.

This ability cannot be copied with []{move:role-play} or traded away with []{move:skill-swap}, but it can be copied with []{ability:trace}, disabled with []{move:gastro-acid}, or changed with []{move:worry-seed}.  This Pokémon can still use Role Play itself to lose this ability, but not Skill Swap.

If this Pokémon has a []{move:substitute}, this ability will block moves as usual and any moves not blocked will react to the Substitute as usual.'),
 (26,9,'Evades []{type:ground} moves.','This Pokémon is immune to []{type:ground}-type moves, []{move:spikes}, []{move:toxic-spikes}, and []{ability:arena-trap}.

This ability is disabled during []{move:gravity} or []{move:ingrain}, or while holding an []{item:iron-ball}.  This ability is not disabled during []{move:roost}.'),
 (27,9,'Has a 30% chance of inflcting either [paralysis]{mechanic:paralysis}, [poison]{mechanic:poison}, or [sleep]{mechanic:sleep} on attacking Pokémon on contact.','Whenever a move makes contact with this Pokémon, the move''s user has a 30% chance of being [paralyzed]{mechanic:paralysis}, [poisoned]{mechanic:poison}, or put to [sleep]{mechanic:sleep}, chosen at random.

Nothing is done to compensate if the move''s user is immune to one of these ailments; there is simply a lower chance that the move''s user will be affected.'),
 (28,9,'Copies [burns]{mechanic:burn}, [paralysis]{mechanic:paralysis}, and [poison]{mechanic:poison} received onto the Pokémon that inflicted them.','Whenever this Pokémon is [burned]{mechanic:burn}, [paralyzed]{mechanic:paralysis}, or [poisoned]{mechanic:poison}, the Pokémon who gave this Pokémon that ailment is also given the ailment.

This ability passes back bad poison when this Pokémon is badly poisoned.  This ability cannot pass on a status ailment that the Pokémon did not directly receive from another Pokémon, such as the poison from []{move:toxic-spikes} or the burn from a []{item:flame-orb}.

Overworld: If the lead Pokémon has this ability, wild Pokémon have a 50% chance of having the lead Pokémon''s nature, and a 50% chance of being given a random nature as usual, including the lead Pokémon''s nature.  This does not work on Pokémon received outside of battle or roaming legendaries.'),
 (29,9,'Prevents stats from being [lowered]{mechanic:stat-modifier} by other Pokémon.','This Pokémon cannot have its stats [lowered]{mechanic:stat-modifier} by other Pokémon.

This ability does not prevent any stat losses other than [stat modifiers]{mechanic:stat-modifiers}, such as the [Speed]{mechanic:speed} cut from [paralysis]{mechanic:paralysis}.  This Pokémon can still be passed negative stat modifiers through []{move:guard-swap}, []{move:heart-swap}, or []{move:power-swap}.

This ability functions identically to []{ability:white-smoke} in battle.'),
 (30,9,'Cures any [major status ailment]{mechanic:major-status-ailment} upon switching out.','This Pokémon is cured of any [major status ailment]{mechanic:major-status-ailment} when it is switched out for another Pokémon.

If this ability is acquired during battle, the Pokémon is cured upon leaving battle before losing the temporary ability.'),
 (31,9,'Redirects single-target []{type:electric} moves to this Pokémon where possible.  Absorbs Electric moves, raising [Special Attack]{mechanic:special-attack} one [stage]{mechanic:stat-modifier}.','All other Pokémon''s single-target []{type:electric}-type moves are redirected to this Pokémon if it is an eligible target.  Other Pokémon''s Electric moves raise this Pokémon''s [Special Attack]{mechanic:special-attack} one [stage]{mechanic:stat-modifier}, negating any other effect on it, and cannot miss it.

If the move''s intended target also has this ability, the move is not redirected.  When multiple Pokémon with this ability are possible targets for redirection, the move is redirected to the one with the highest [Speed]{mechanic:speed} stat, or, in the case of a tie, to a random tied Pokémon.  []{move:follow-me} takes precedence over this ability.

If the Pokémon is a []{type:ground}-type and thus immune to Electric moves, its immunity prevents the Special Attack boost.'),
 (32,9,'Doubles the chance of moves'' extra effects occurring.','This Pokémon''s moves have twice their usual effect chance.

An effect chance is a move''s chance to inflict a [status ailment]{mechanic:status-ailment}, cause a [stat change]{mechanic:stat-modifier}, or make the target [flinch]{mechanic:flinching} in addition to the move''s main effect.  For example, []{move:flamethrower}''s chance of [burning]{mechanic:burn} the target is doubled, but []{move:protect}''s chance of success and []{move:air-cutter}''s increased [critical hit]{mechanic:critical-hit} rate are unaffected.

[]{move:secret-power} is unaffected.'),
 (33,9,'Doubles [Speed]{mechanic:speed} during [rain]{mechanic:rain}.','This Pokémon''s [Speed]{mechanic:speed} is doubled during [rain]{mechanic:rain}.

This bonus does not count as a [stat modifier]{mechanic:stat-modifier}.'),
 (34,9,'Doubles [Speed]{mechanic:speed} during [strong sunlight]{mechanic:strong-sunlight}.','This Pokémon''s [Speed]{mechanic:speed} is doubled during [strong sunlight]{mechanic:strong-sunlight}.

This bonus does not count as a [stat modifier]{mechanic:stat-modifier}.'),
 (35,9,'Doubles the wild encounter rate.','Overworld: If the lead Pokémon has this ability, the wild encounter rate is doubled.

This ability has no effect in battle.'),
 (36,9,'Copies an opponent''s ability upon entering battle.','When this Pokémon enters battle, it copies a random opponent''s ability.

This ability cannot copy []{ability:flower-gift}, []{ability:forecast}, []{ability:illusion}, []{ability:imposter}, []{ability:multitype}, []{ability:trace}, []{ability:wonder-guard}, or []{ability:zen-mode}.'),
 (37,9,'Doubles [Attack]{mechanic:attack} in battle.','This Pokémon''s [Attack]{mechanic:attack} is doubled while in battle.

This bonus does not count as a [stat modifier]{mechanic:stat-modifier}.

This ability functions identically to []{ability:pure-power}.'),
 (38,9,'Has a 30% chance of [poisoning]{mechanic:poison} attacking Pokémon on contact.','Whenever a move makes contact with this Pokémon, the move''s user has a 30% chance of being [poisoned]{mechanic:poison}.'),
 (39,9,'Prevents [flinching]{mechanic:flinching}.','This Pokémon cannot [flinch]{mechanic:flinching}.'),
 (40,9,'Prevents [freezing]{mechanic:freezing}.','This Pokémon cannot be [frozen]{mechanic:freezing}.

If a Pokémon is frozen and acquires this ability, it will immediately thaw out; this includes when regaining a lost ability upon leaving battle.

Overworld: If any Pokémon in the party has this ability, each egg in the party has its [hatch counter]{mechanic:hatch-counter} decreased by 2 (rather than 1) each [step cycle]{mechanic:step-cycle}, making eggs hatch roughly twice as quickly.  This effect does not stack if multiple Pokémon have this ability or []{ability:flame-body}.'),
 (41,9,'Prevents [burns]{mechanic:burn}.','This Pokémon cannot be [burned]{mechanic:burn}.

If a Pokémon is burned and acquires this ability, its burn is healed; this includes when regaining a lost ability upon leaving battle.'),
 (42,9,'Prevents []{type:steel} opponents from fleeing or switching out.','While this Pokémon is in battle, opposing []{type:steel}-type Pokémon cannot flee or switch out.

Pokémon with []{ability:run-away} can still flee.  Pokémon can still switch out with the use of a move or item.

Overworld: If the lead Pokémon has this ability, Steel-type Pokémon have a higher encounter rate.'),
 (43,9,'Protects against sound-based moves.','This Pokémon is immune to moves flagged as being sound-based.

[]{move:heal-bell} is unaffected.  []{move:uproar} still prevents this Pokémon from [sleeping]{mechanic:sleep}.  This Pokémon can still receive a Perish Song counter through []{move:baton-pass}, and will retain a Perish Song counter if it acquires this ability after Perish Song is used.

[]{move:howl}, []{move:roar-of-time}, []{move:sonic-boom}, and []{move:yawn} are not flagged as sound-based.'),
 (44,9,'Heals for 1/16 max [HP]{mechanic:hp} after each turn during [rain]{mechanic:rain}.','This Pokémon heals for 1/16 of its maximum [HP]{mechanic:hp} after each turn during [rain]{mechanic:rain}.'),
 (45,9,'Summons a [sandstorm]{mechanic:sandstorm} that lasts indefinitely upon entering battle.','The [weather]{mechanic:weather} changes to a [sandstorm]{mechanic:sandstorm} when this Pokémon enters battle and does not end unless cancelled by another weather condition.

If multiple Pokémon with this ability, []{ability:drizzle}, []{ability:drought}, or []{ability:snow-warning} are sent out at the same time, the abilities will activate in order of [Speed]{mechanic:speed}, respecting []{move:trick-room}.  Each ability''s weather will cancel the previous weather, and only the weather summoned by the slowest of the Pokémon will stay.

Overworld: If the lead Pokémon has this ability, the wild encounter rate is halved in a sandstorm.'),
 (46,9,'Increases the [PP]{mechanic:pp} cost of moves targetting the Pokémon by one.','Moves targetting this Pokémon use one extra [PP]{mechanic:pp}.

This ability stacks if multiple targets have it.  This ability still affects moves that fail or miss.  This ability does not affect ally moves that target either the entire field or just its side, nor this Pokémon''s self-targetted moves; it does, however, affect single-targetted ally moves aimed at this Pokémon, ally moves that target all other Pokémon, and opponents'' moves that target the entire field.  If this ability raises a move''s PP cost above its remaining PP, it will use all remaining PP.

When this Pokémon enters battle, all participating trainers are notified that it has this ability.

Overworld: If the lead Pokémon has this ability, higher-levelled Pokémon have their encounter rate increased.'),
 (47,9,'Halves damage from []{type:fire} and []{type:ice} moves.','This Pokémon takes half as much damage from []{type:fire}- and []{type:ice}-type moves.'),
 (48,9,'Makes [sleep]{mechanic:sleep} pass twice as quickly.','This Pokémon''s remaining sleep turn count falls by 2 rather than 1.

If this Pokémon''s sleep counter is at 1, it will fall to 0 and then the Pokémon will wake up.'),
 (49,9,'Has a 30% chance of [burning]{mechanic:burn} attacking Pokémon on contact.','Whenever a move makes contact with this Pokémon, the move''s user has a 30% chance of being [burned]{mechanic:burn}.

Overworld: If any Pokémon in the party has this ability, each egg in the party has its [hatch counter]{mechanic:hatch-counter} decreased by 2 (rather than 1) each [step cycle]{mechanic:step-cycle}, making eggs hatch roughly twice as quickly.  This effect does not stack if multiple Pokémon have this ability or []{ability:magma-armor}.'),
 (50,9,'Ensures success fleeing from wild battles.','This Pokémon is always successful fleeing from wild battles, even if [trapped]{mechanic:trapped} by a move or ability.'),
 (51,9,'Prevents [accuracy]{mechanic:accuracy} from being [lowered]{mechanic:stat-modifier}.','This Pokémon cannot have its [accuracy]{mechanic:accuracy} [lowered]{mechanic:stat-modifier}.

This ability does not prevent any accuracy losses other than [stat modifiers]{mechanic:stat-modifiers}, such as the accuracy cut from [fog]{mechanic:fog}; nor does it prevent other Pokémon''s [evasion]{mechanic:evasion} from making this Pokémon''s moves less accurate.  This Pokémon can still be passed negative accuracy modifiers through []{move:heart-swap}.

Overworld: If the first Pokémon in the party has this ability, any random encounter with a Pokémon five or more levels lower than it has a 50% chance of being skipped.'),
 (52,9,'Prevents [Attack]{mechanic:attack} from being [lowered]{mechanic:stat-modifiers} by other Pokémon.','This Pokémon''s [Attack]{mechanic:attack} cannot be [lowered]{mechanic:stat-modifier} by other Pokémon.

This ability does not prevent any Attack losses other than [stat modifiers]{mechanic:stat-modifiers}, such as the Attack cut from a [burn]{mechanic:burn}.  This Pokémon can still be passed negative Attack modifiers through []{move:heart-swap} or []{move:power-swap}.'),
 (53,9,'Picks up other Pokémon''s used and [Flung]{move:fling} held items.  May also pick up an item after battle.','At the end of each turn, if another Pokémon consumed or [Flung]{move:fling} a held item that turn, this Pokémon picks up the item if it is not already holding one.  After each battle, this Pokémon has a 10% chance of picking up an item if it is not already holding one.

The []{item:air-balloon} and []{item:eject-button} cannot be picked up.

The items that may be found vary by game, and, since Pokémon Emerald, by the Pokémon''s level.  This ability is checked after the battle ends, at which point any temporary ability changes have worn off.'),
 (54,9,'Skips every second turn.','Every second turn on which this Pokémon should attempt to use a move, it will instead do nothing ("loaf around").

Loafing around interrupts moves that take multiple turns the same way [paralysis]{mechanic:paralysis}, [flinching]{mechanic:flinching}, etc do.  Most such moves, for example []{move:bide} or []{move:rollout}, are simply cut off upon loafing around.  Attacks with a recharge turn, such as []{move:hyper-beam}, do not have to recharge; attacks with a preparation turn, such as []{move:fly}, do not end up being used.  Moves that are forced over multiple turns and keep going through failure, such as []{move:outrage}, []{move:uproar}, or any move forced by []{move:encore}, keep going as usual.

If this Pokémon is [confused]{mechanic:confusion}, its confusion is not checked when loafing around; the Pokémon cannot hurt itself, and its confusion does not end or come closer to ending.

If this Pokémon attempts to move but fails, e.g. because of [paralysis]{mechanic:paralysis} or []{move:gravity}, it still counts as having moved and will loaf around the next turn.  If it does not attempt to move, e.g. because it is [asleep]{mechanic:sleep} or [frozen]{mechanic:freezing}, whatever it would have done will be postponed until its next attempt; that is, it will either loaf around or move as usual, depending on what it last did.

This ability cannot be changed with []{move:worry-seed}, but it can be disabled with []{move:gastro-acid}, changed with []{move:role-play}, or traded away with []{move:skill-swap}.'),
 (55,9,'Strengthens physical moves to inflict 1.5× damage, but decreases their [accuracy]{mechanic:accuracy} to 0.8×.','This Pokémon''s physical moves do 1.5× as much [regular damage]{mechanic:regular-damage}, but have 0.8× their usual [accuracy]{mechanic:accuracy}.

Special moves are unaffected.  Moves that do set damage, such as []{move:seismic-toss}, have their accuracy affected, but not their damage.

Overworld: If the lead Pokémon has this ability, higher-levelled Pokémon have their encounter rate increased.'),
 (56,9,'Has a 30% chance of [infatuating]{mechanic:infatuation} attacking Pokémon on contact.','Whenever a move makes contact with this Pokémon, the move''s user has a 30% chance of being [infatuated]{mechanic:infatuation}.

Overworld: If the first Pokémon in the party has this ability, any wild Pokémon whose species can be either gender has a 2/3 chance of being set to the opposite gender, and a 1/3 chance of having a random gender as usual.'),
 (57,9,'Increases [Special Attack]{mechanic:special-attack} to 1.5× when a friendly Pokémon has []{ability:plus} or []{ability:minus}.','This Pokémon has 1.5× its [Special Attack]{mechanic:special-attack} if any friendly Pokémon has []{ability:plus} or []{ability:minus}.

This bonus does not count as a [stat modifier]{mechanic:stat-modifier}.  If either ability is disabled by []{move:gastro-acid}, both lose their effect.'),
 (58,9,'Increases [Special Attack]{mechanic:special-attack} to 1.5× when a friendly Pokémon has []{ability:plus} or []{ability:minus}.','This Pokémon has 1.5× its [Special Attack]{mechanic:special-attack} if any friendly Pokémon has []{ability:plus} or []{ability:minus}.

This bonus does not count as a [stat modifier]{mechanic:stat-modifier}.  If either ability is disabled by []{move:gastro-acid}, both lose their effect.'),
 (59,9,'Changes []{pokemon:castform}''s type and form to match the [weather]{mechanic:weather}.','During [rain]{mechanic:rain}, [strong sunlight]{mechanic:strong-sunlight}, or [hail]{mechanic:hail}, this Pokémon''s type changes to []{type:water}, []{type:fire}, or []{type:ice}, respectively, and its form changes to match.

This ability has no effect for any Pokémon other than []{pokemon:castform}.

If the [weather]{mechanic:weather} ends or becomes anything that does not trigger this ability, or a Pokémon with []{ability:air-lock} or []{ability:cloud-nine} enters battle, this Pokémon''s type and form revert to their default.  If this ability is lost or disabled, this Pokémon cannot change its current type and form until it regains its ability.'),
 (60,9,'Prevents a held item from being removed by other Pokémon.','This Pokémon''s hold item cannot be removed by other Pokémon.

Damaging moves that would remove this Pokémon''s item can still inflict damage against this Pokémon, e.g. []{move:knock-off} or []{move:pluck}.  This Pokémon can still use moves that involve the loss of its own item, e.g. []{move:fling} or []{move:trick}.

Overworld: If the lead Pokémon has this ability, the encounter rate while fishing is increased.'),
 (61,9,'Has a 33% chance of curing any [major status ailment]{mechanic:major-status-ailment} after each turn.','After each turn, this Pokémon has a 33% of being cured of any [major status ailment]{mechanic:major-status-ailment}.'),
 (62,9,'Increases [Attack]{mechanic:attack} to 1.5× with a [major status ailment]{mechanic:major-status-ailment}.','Whenever this Pokémon is [asleep]{mechanic:sleep}, [burned]{mechanic:burn}, [paralyzed]{mechanic:paralysis}, or [poisoned]{mechanic:poison}, it has 1.5× its [Attack]{mechanic:attack}.  This Pokémon is not affected by the usual Attack cut from a burn.

This bonus does not count as a [stat modifier]{mechanic:stat-modifier}.'),
 (63,9,'Increases [Defense]{mechanic:defense} to 1.5× with a [major status ailment]{mechanic:major-status-ailment}.','Whenever this Pokémon has a [major status ailment]{mechanic:major-status-ailment}, it has 1.5× its [Defense]{mechanic:defense}.

This bonus does not count as a [stat modifier]{mechanic:stat-modifier}.'),
 (64,9,'Damages opponents using leeching moves for as much as they would heal.','Whenever a Pokémon would heal after hitting this Pokémon with a leeching move like []{move:absorb}, it instead loses as many [HP]{mechanic:hp} as it would usually gain.

[]{move:dream-eater} is unaffected.'),
 (65,9,'Strengthens []{type:grass} moves to inflict 1.5× damage at 1/3 max [HP]{mechanic:hp} or less.','When this Pokémon has 1/3 or less of its [HP]{mechanic:hp} remaining, its []{type:grass}-type moves inflict 1.5× as much [regular damage]{mechanic:regular-damage}.'),
 (66,9,'Strengthens []{type:fire} moves to inflict 1.5× damage at 1/3 max [HP]{mechanic:hp} or less.','When this Pokémon has 1/3 or less of its [HP]{mechanic:hp} remaining, its []{type:fire}-type moves inflict 1.5× as much [regular damage]{mechanic:regular-damage}.'),
 (67,9,'Strengthens []{type:water} moves to inflict 1.5× damage at 1/3 max [HP]{mechanic:hp} or less.','When this Pokémon has 1/3 or less of its [HP]{mechanic:hp} remaining, its []{type:water}-type moves inflict 1.5× as much [regular damage]{mechanic:regular-damage}.'),
 (68,9,'Strengthens []{type:bug} moves to inflict 1.5× damage at 1/3 max [HP]{mechanic:hp} or less.','When this Pokémon has 1/3 or less of its [HP]{mechanic:hp} remaining, its []{type:bug}-type moves inflict 1.5× as much [regular damage]{mechanic:regular-damage}.

Overworld: If the lead Pokémon has this ability, the wild encounter rate is increased.'),
 (69,9,'Protects against recoil damage.','This Pokémon does not receive recoil damage from its recoil moves.

[]{move:struggle}''s recoil is unaffected.  This ability does not prevent crash damage from missing with []{move:jump-kick} or []{move:high-jump-kick}.'),
 (70,9,'Summons [strong sunlight]{mechanic:strong-sunlight} that lasts indefinitely upon entering battle.','The [weather]{mechanic:weather} changes to [strong sunlight]{mechanic:strong-sunlight} when this Pokémon enters battle and does not end unless cancelled by another weather condition.

If multiple Pokémon with this ability, []{ability:drizzle}, []{ability:sand-stream}, or []{ability:snow-warning} are sent out at the same time, the abilities will activate in order of [Speed]{mechanic:speed}, respecting []{move:trick-room}.  Each ability''s weather will cancel the previous weather, and only the weather summoned by the slowest of the Pokémon will stay.'),
 (71,9,'Prevents opponents from fleeing or switching out.  Eluded by []{type:flying}-types and Pokémon in the air.','While this Pokémon is in battle, opposing Pokémon cannot flee or switch out.  []{type:flying}-type Pokémon and Pokémon in the air, e.g. due to []{ability:levitate} or []{move:magnet-rise}, are unaffected.

Pokémon with []{ability:run-away} can still flee.  Pokémon can still switch out with the use of a move or item.

Overworld: If the lead Pokémon has this ability, the wild encounter rate is doubled.'),
 (72,9,'Prevents [sleep]{mechanic:sleep}.','This Pokémon cannot be [asleep]{mechanic:sleep}.

This causes []{move:rest} to fail altogether.  If a Pokémon is asleep and acquires this ability, it will immediately wake up; this includes when regaining a lost ability upon leaving battle.

This ability functions identically to []{ability:insomnia} in battle.

Overworld: If the lead Pokémon has this ability, higher-levelled Pokémon have their encounter rate increased.'),
 (73,9,'Prevents stats from being [lowered]{mechanic:stat-modifier} by other Pokémon.','This Pokémon cannot have its stats [lowered]{mechanic:stat-modifier} by other Pokémon.

This ability does not prevent any stat losses other than [stat modifiers]{mechanic:stat-modifiers}, such as the [Speed]{mechanic:speed} cut from [paralysis]{mechanic:paralysis}; nor self-inflicted stat drops, such as the [Special Attack]{mechanic:special-attack} drop from []{move:overheat}; nor opponent-triggered stat boosts, such as the [Attack]{mechanic:attack} boost from []{move:swagger}.  This Pokémon can still be passed negative stat modifiers through []{move:guard-swap}, []{move:heart-swap}, or []{move:power-swap}.

This ability functions identically to []{ability:clear-body} in battle.

Overworld: If the lead Pokémon has this ability, the wild encounter rate is halved.'),
 (74,9,'Doubles [Attack]{mechanic:attack} in battle.','This Pokémon''s [Attack]{mechanic:attack} is doubled in battle.

This bonus does not count as a [stat modifier]{mechanic:stat-modifier}.

This ability functions identically to []{ability:huge-power}.'),
 (75,9,'Protects against [critical hits]{mechanic:critical-hit}.','Moves cannot score [critical hits]{mechanic:critical-hit} against this Pokémon.

This ability functions identically to []{ability:battle-armor}.'),
 (76,9,'Negates all effects of [weather]{mechanic:weather}, but does not prevent the weather itself.','While this Pokémon is in battle, [weather]{mechanic:weather} can still be in play, but will not have any of its effects.

This ability functions identically to []{ability:cloud-nine}.'),
 (77,9,'Doubles [evasion]{mechanic:evasion} when [confused]{mechanic:confusion}.','When this Pokémon is [confused]{mechanic:confusion}, it has twice its [evasion]{mechanic:evasion}.'),
 (78,9,'Absorbs []{type:electric} moves, raising [Speed]{mechanic:speed} one [stage]{mechanic:stat-modifier}.','Whenever an []{type:electric}-type move hits this Pokémon, its [Speed]{mechanic:speed} rises one [stage]{mechanic:stat-modifier}, negating any other effect on it.

This ability will not take effect if this Pokémon is immune to Electric moves.  Electric moves will ignore this Pokémon''s []{move:substitute}.

This effect includes non-damaging moves, i.e. []{move:thunder-wave}.'),
 (79,9,'Increases damage inflicted to 1.25× against Pokémon of the same gender, but decreases damage to 0.75× against the opposite gender.','This Pokémon inflicts 1.25× as much [regular damage]{mechanic:regular-damage} against Pokémon of the same gender and 0.75× as much regular damage against Pokémon of the opposite gender.

If either Pokémon is genderless, damage is unaffected.'),
 (80,9,'Raises [Speed]{mechanic:speed} one [stage]{mechanic:stat-modifier} upon [flinching]{mechanic:flinching}.','Whenever this Pokémon [flinches]{mechanic:flinching}, its [Speed]{mechanic:speed} rises one [stage]{mechanic:stat-modifier}.'),
 (81,9,'Increases evasion to 1.25× during [hail]{mechanic:hail}.  Protects against hail damage.','During [hail]{mechanic:hail}, this Pokémon has 1.25× its [evasion]{mechanic:evasion}, and it does not take hail damage regardless of type.

The evasion bonus does not count as a [stat modifier]{mechanic:stat-modifier}.

Overworld: If the lead Pokémon has this ability, the wild encounter rate is halved in snow.'),
 (82,9,'Makes the Pokémon eat any held Berry triggered by low [HP]{mechanic:hp} below 1/2 its max HP.','This Pokémon eats any held Berry triggered by low [HP]{mechanic:hp} when it falls below 50% of its HP, regardless of the Berry''s usual threshold.'),
 (83,9,'Raises [Attack]{mechanic:attack} to the maximum of six [stages]{mechanic:stat-modifier} upon receiving a [critical hit]{mechanic:critical-hit}.','Whenever this Pokémon receives a [critical hit]{mechanic:critical-hit}, its [Attack]{mechanic:attack} rises to the maximum of 6 [stages]{mechanic:stat-modifier}.

This ability will still take effect if the critical hit is received by a []{move:substitute}.'),
 (84,9,'Doubles [Speed]{mechanic:speed} upon using or losing a held item.','When this Pokémon uses or loses its held item, its [Speed]{mechanic:speed} is doubled.  If it gains another item or leaves battle, this bonus is lost.

This includes when the Pokémon drops its item because of []{move:knock-off}.  This bonus does not count as a [stat modifier]{mechanic:stat-modifier}.  There is no notification when this ability takes effect.'),
 (85,9,'Halves damage from []{type:fire} moves and [burns]{mechanic:burn}.','This Pokémon takes half as much damage from []{type:fire}-type moves and [burns]{mechanic:burn}.'),
 (86,9,'Doubles the Pokémon''s [stat modifiers]{mechanic:stat-modifiers}.  These doubled modifiers are still capped at -6 or 6 stages.','Each stage of this Pokémon''s [stat modifiers]{mechanic:stat-modifiers} acts as two stages.  These doubled stages are still limited to a minimum of -6 and a maximum of 6.

This Pokémon can still accumulate less than -3 or more than 3 stages of stat modifiers, even though the extra ones have no effect after doubling.'),
 (87,9,'Causes 1/8 max [HP]{mechanic:hp} in damage each turn during [strong sunlight]{mechanic:strong-sunlight}, but heals for 1/8 max HP during [rain]{mechanic:rain}.  Increases damage from []{type:fire} moves to 1.25×, but absorbs []{type:water} moves, healing for 1/4 max HP.','This Pokémon takes 1/8 of its maximum HP in damage after each turn during [strong sunlight]{mechanic:strong-sunlight}, but it heals for 1/8 of its HP each turn during [rain]{mechanic:rain}.  This Pokémon takes 1.25× as much damage from []{type:fire}-type moves, but whenever a []{type:water} move hits it, it heals for 1/4 its maximum HP instead.'),
 (88,9,'Raises the attack stat corresponding to the opponents'' weaker defense one [stage]{mechanic:stat-modifier} upon entering battle.','When this Pokémon enters battle, its [Attack]{mechanic:attack} or [Special Attack]{mechanic:special-attack}, whichever corresponds to its opponents'' weaker total defensive stat, rises one [stage]{mechanic:stat-modifier}.  In the event of a tie, Special Attack is raised.

This ability also takes effect when acquired during a battle.'),
 (89,9,'Strengthens punch-based moves to 1.2× their power.','Moves flagged as being punch-based have 1.2× their base power for this Pokémon.

[]{move:sucker-punch} is not flagged as punch-based; its original, Japanese name only means "surprise attack".'),
 (90,9,'Heals for 1/8 max [HP]{mechanic:hp} after each turn when [poisoned]{mechanic:poison} in place of damage.','If this Pokémon is [poisoned]{mechanic:poison}, it will heal for 1/8 of its maximum [HP]{mechanic:hp} after each turn rather than taking damage.  This includes bad poison.'),
 (91,9,'Increases the [same-type attack bonus]{mechanic:same-type-attack-bonus} from 1.5× to 2×.','This Pokémon inflicts twice as much damage with moves whose types match its own, rather than the usual [same-type attack bonus]{mechanic:same-type-attack-bonus} of 1.5×.'),
 (92,9,'Extends two-to-five-hit moves and []{move:triple-kick} to their full length every time.','This Pokémon always hits five times with two-to-five-hit moves, such as []{move:icicle-spear}.  It also bypasses the accuracy checks on []{move:triple-kick}''s second and third hits.'),
 (93,9,'Cures any [major status ailment]{mechanic:major-status-ailment} after each turn during [rain]{mechanic:rain}.','This Pokémon is cured of any [major status ailment]{mechanic:major-status-ailment} after each turn during [rain]{mechanic:rain}.'),
 (94,9,'Increases [Special Attack]{mechanic:special-attack} to 1.5× but costs 1/8 max [HP]{mechanic:hp} after each turn during [strong sunlight]{mechanic:strong-sunlight}.','During [strong sunlight]{mechanic:strong-sunlight}, this Pokémon has 1.5× its [Special Attack]{mechanic:special-attack} but takes 1/8 of its maximum [HP]{mechanic:hp} in damage after each turn.'),
 (95,9,'Increases [Speed]{mechanic:speed} to 1.5× with a [major status ailment]{mechanic:major-status-ailment}.','Whenever this Pokémon has a [major status ailment]{mechanic:major-status-ailment}, it has 1.5× its [Speed]{mechanic:speed}.  This Pokémon is not affected by the usual Speed cut from [paralysis]{mechanic:paralysis}.

Overworld: If the lead Pokémon has this ability, the wild encounter rate is halved.'),
 (96,9,'Makes the Pokémon''s moves all act []{type:normal}-type.','This Pokémon''s moves all act as if they were []{type:normal}-type.

Moves that inflict [typeless damage]{mechanic:typeless-damage} do so as usual.  Moves of variable type, such as []{move:hidden-power}, are affected.  They otherwise work as usual, however; []{move:weather-ball}, for example, is always forced to be Normal, but it still has doubled power and looks different during [weather]{mechanic:weather}.

As []{move:thunder-wave} is prevented by immunities, unlike most non-damaging moves, it does not affect []{type:ghost}-type Pokémon under the effect of this ability.'),
 (97,9,'Strengthens [critical hits]{mechanic:critical-hit} to inflict 3× damage rather than 2×.','This Pokémon inflicts triple damage with [critical hits]{mechanic:critical-hit}, rather than the usual double damage.'),
 (98,9,'Protects against damage not directly caused by a move.','This Pokémon is immune to damage not directly caused by a move.

For example, this Pokémon takes no damage from from [weather]{mechanic:weather}, recoil, [status ailments]{mechanic:status-ailments}, or []{move:spikes}, but it still suffers from the [Attack]{mechanic:attack} cut when [burned]{mechanic:burn}, and a []{item:life-orb} will still power up this Pokémon''s moves without damaging it.  Anything that directly depends on such damage will also not happen; for example, []{move:leech-seed} will neither hurt this Pokémon nor heal the opponent, and Pokémon with a []{item:jaboca-berry} or []{item:rowap-berry} will not consume the berry when hit by this Pokémon.

The following are unaffected: []{move:struggle}, []{move:pain-split} (whether used by or against this Pokémon), []{move:belly-drum}, []{move:substitute}, []{move:curse}, moves that knock the user out, and damage from [confusion]{mechanic:confusion}.

This Pokémon will neither lose nor regain [HP]{mechanic:hp} if it drains HP from a Pokémon with []{ability:liquid-ooze}.

If this Pokémon is [badly poisoned]{mechanic:poison}, the poison counter is still increased each turn; if the Pokémon loses this ability, it will begin taking as much damage as it would be if it had been taking increasing damage each turn.'),
 (99,9,'Ensures all moves used by and against the Pokémon hit.','Moves used by or against this Pokémon never miss.

One-hit KO moves are unaffected.  Moves affected by this ability can hit Pokémon during the preparation turn of moves like []{move:dig} or []{move:fly}.

Overworld: If the lead Pokémon has this ability, the wild encounter rate is doubled.'),
 (100,9,'Makes the Pokémon move last within its move''s priority bracket.','This Pokémon moves last within its priority bracket.

Multiple Pokémon with this ability move in order of [Speed]{mechanic:speed} amongst themselves.

The []{item:full-incense} and []{item:lagging-tail} take precedence over this ability; that is, Pokémon with these items move after Pokémon with this ability.  Pokémon with both this ability and one of these items are delayed as much as if they had only the item.

This ability works as usual during []{move:trick-room}: Pokémon with this ability will move in reverse order of Speed after Pokémon without it.'),
 (101,9,'Strengthens moves of 60 base power or less to 1.5× their power.','This Pokémon''s moves have 1.5× their power if their base power is 60 or less.

This includes moves of variable power, such as []{move:hidden-power} and []{move:magnitude}, when their power is 60 or less.  []{move:helping-hand}''s power boost is taken into account for any move, as is []{move:defense-curl}''s power boost for []{move:rollout}.'),
 (102,9,'Protects against [major status ailments]{mechanic:major-status-ailments} during [strong sunlight]{mechanic:strong-sunlight}.','This Pokémon cannot be given a [major status ailment]{mechanic:major-status-ailment} during [strong sunlight]{mechanic:strong-sunlight}.

This ability does not heal prior status ailments.  []{move:rest} will fail altogether with this ability in effect.  []{move:yawn} will immediately fail if used on this Pokémon during strong sunlight, and an already-used Yawn will fail if the weather turns to strong sunlight in the meantime.'),
 (103,9,'Prevents the Pokémon from using its held item in battle.','In battle, this Pokémon cannot use its held item, nor will the item have any passive effect on the battle, positive or negative.  This Pokémon also cannot use []{move:fling}.

The [Speed]{mechanic:speed} cut from the []{item:iron-ball} and the effort items (the []{item:macho-brace}, []{item:power-weight}, []{item:power-bracer}, []{item:power-belt}, []{item:power-lens}, []{item:power-band}, and []{item:power-anklet}) is unaffected.  Items that do not directly affect the battle, such as the []{item:exp-share}, the []{item:amulet-coin}, or the []{item:soothe-bell}, work as usual.  All held items work as usual out of battle.

Other moves that use the held item, such as []{move:natural-gift} and []{move:switcheroo}, work as usual.'),
 (104,9,'Bypasses targets'' abilities if they could hinder or prevent a move.','This Pokémon''s moves completely ignore abilities that could hinder or prevent their effect on the target.

For example, this Pokémon''s moves ignore abilities that would fully negate them, such as []{ability:water-absorb}; abilities that would prevent any of their effects, such as []{ability:clear-body}, []{ability:shell-armor}, or []{ability:sticky-hold}; and abilities that grant any general protective benefit, such as []{ability:simple}, []{ability:snow-cloak}, or []{ability:thick-fat}.  If an ability could either hinder or help this Pokémon''s moves, e.g. []{ability:dry-skin} or []{ability:unaware}, the ability is ignored either way.

Abilities that do not fit this description, even if they could hinder moves in some other way, are not affected.  For example, []{ability:cursed-body} only affects potential future uses of the move, while []{ability:liquid-ooze} and []{ability:shadow-tag} can only hinder a move''s effect on the user.  This ablity cannot ignore type or form changes granted by abilities, for example []{ability:color-change} or []{ability:forecast}; nor effects that were caused by abilities but are no longer tied to an ability, such as the rain from []{ability:drizzle}.  This ability cannot ignore []{ability:multitype} at all.

An ability ignored by this ability is only nullified while the move is being used.  For example, this Pokémon''s moves can [paralyze]{mechanic:paralysis} a Pokémon with []{ability:limber}, but Limber will activate and heal the paralysis immediately thereafter, and this Pokémon''s []{move:spikes} are not affected by this ability after they have been placed.

When this Pokémon enters battle, all participating trainers are notified that it has this ability.

This ability functions identically to []{ability:teravolt} and []{ability:turboblaze}.'),
 (105,9,'Raises moves'' [critical hit]{mechanic:critical-hit} rates one stage.','This Pokémon''s moves have [critical hit]{mechanic:critical-hit} rates one stage higher than normal.'),
 (106,9,'Damages the attacker for 1/4 its max [HP]{mechanic:hp} when knocked out by a contact move.','When this Pokémon is knocked out by a move that makes contact, the move''s user takes 1/4 its maximum [HP]{mechanic:hp} in damage.'),
 (107,9,'Notifies all trainers upon entering battle if an opponent has a [super-effective]{mechanic:super-effective} move, []{move:self-destruct}, []{move:explosion}, or a one-hit KO move.','When this Pokémon enters battle, if one of its opponents has a move that is [super effective]{mechanic:super-effective} against it, []{move:self-destruct}, []{move:explosion}, or a one-hit knockout move, all participating trainers are notified.

The move itself is not revealed; only that there is such a move.  Moves that inflict [typeless damage]{mechanic:typeless-damage}, such as []{move:future-sight}, and moves of variable type, such as []{move:hidden-power}, count as their listed types.  []{move:counter}, []{move:metal-burst}, []{move:mirror-coat}, and one-hit KO moves to which this Pokémon is immune do not trigger this ability.'),
 (108,9,'Reveals the opponents'' strongest move upon entering battle.','When this Pokémon enters battle, it reveals the move with the highest base power known by any opposing Pokémon to all participating trainers.

In the event of a tie, one is chosen at random.

Moves without a listed base power are assigned one as follows:

Power | Moves
----: | -----
  160 | One-hit KO moves: []{move:fissure}, []{move:guillotine}, []{move:horn-drill}, and []{move:sheer-cold}
  120 | Counter moves: []{move:counter}, []{move:metal-burst}, and []{move:mirror-coat}
   80 | Variable power or set damage: []{move:crush-grip}, []{move:dragon-rage}, []{move:electro-ball}, []{move:endeavor}, []{move:final-gambit}, []{move:flail}, []{move:frustration}, []{move:grass-knot}, []{move:gyro-ball}, []{move:heat-crash}, []{move:heavy-slam}, []{move:hidden-power}, []{move:low-kick}, []{move:natural-gift}, []{move:night-shade}, []{move:psywave}, []{move:return}, []{move:reversal}, []{move:seismic-toss}, []{move:sonic-boom}, []{move:trump-card}, and []{move:wring-out}
    0 | Any such move not listed
'),
 (109,9,'Ignores other Pokémon''s stat modifiers for damage and accuracy calculation.','This Pokémon ignores other Pokémon''s [stat modifiers]{mechanic:stat-modifiers} for the purposes of damage and accuracy calculation.

Effectively, this affects modifiers of every stat except [Speed]{mechanic:speed}.

The power of []{move:punishment} and []{move:stored-power} is calculated as usual.  When this Pokémon hurts itself in [confusion]{mechanic:confusion}, its stat modifiers affect damage as usual.'),
 (110,9,'Doubles damage inflicted with [not-very-effective]{mechanic:not-very-effective} moves.','This Pokémon deals twice as much damage with moves that are [not very effective]{mechanic:not-very-effective} against the target.'),
 (111,9,'Decreases damage taken from [super-effective]{mechanic:super-effective} moves by 1/4.','This Pokémon takes 0.75× as much damage from moves that are [super effective]{mechanic:super-effective} against it.

This ability functions identically to []{ability:solid-rock}.'),
 (112,9,'Halves [Attack]{mechanic:attack} and [Speed]{mechanic:speed} for five turns upon entering battle.','This Pokémon''s [Attack]{mechanic:attack} and [Speed]{mechanic:speed} are halved for five turns upon entering battle.

This ability also takes effect when acquired during battle.  If this Pokémon loses its ability before the five turns are up, its Attack and Speed return to normal; if it then regains this ability without leaving battle, its Attack and Speed are halved again, but the counter keeps counting from where it was.'),
 (113,9,'Lets the Pokémon''s []{type:normal} and []{type:fighting} moves hit []{type:ghost} Pokémon.','This Pokémon ignores []{type:ghost}-type Pokémon''s immunity to []{type:normal}- and []{type:fighting}-type moves.

Ghost Pokémon''s other types affect damage as usual.'),
 (114,9,'Redirects single-target []{type:water} moves to this Pokémon where possible.  Absorbs Water moves, raising [Special Attack]{mechanic:special-attack} one [stage]{mechanic:stat-modifier}.','All other Pokémon''s single-target []{type:water}-type moves are redirected to this Pokémon, if it is an eligible target.  Other Pokémon''s Water moves raise this Pokémon''s [Special Attack]{mechanic:special-attack} one [stage]{mechanic:stat-modifier}, negating any other effect on it, and cannot miss it.

If the move''s intended target also has this ability, the move is not redirected.  When multiple Pokémon with this ability are possible targets for redirection, the move is redirected to the one with the highest [Speed]{mechanic:speed} stat, or, in the case of a tie, to a random tied Pokémon.  []{move:follow-me} takes precedence over this ability.'),
 (115,9,'Heals for 1/16 max [HP]{mechanic:hp} after each turn during hail.  Protects against hail damage.','This Pokémon heals for 1/16 of its maximum [HP]{mechanic:hp} after each turn during [hail]{mechanic:hail}, and it does not take hail damage regardless of type.'),
 (116,9,'Decreases damage taken from [super-effective]{mechanic:super-effective} moves by 1/4.','This Pokémon takes 0.75× as much damage from moves that are [super effective]{mechanic:super-effective} against it.

This ability functions identically to []{ability:filter}.'),
 (117,9,'Summons [hail]{mechanic:hail} that lasts indefinitely upon entering battle.','The [weather]{mechanic:weather} changes to [hail]{mechanic:hail} when this Pokémon enters battle and does not end unless cancelled by another weather condition.

If multiple Pokémon with this ability, []{ability:drizzle}, []{ability:drought}, or []{ability:sand-stream} are sent out at the same time, the abilities will activate in order of [Speed]{mechanic:speed}, respecting []{move:trick-room}.  Each ability''s weather will cancel the previous weather, and only the weather summoned by the slowest of the Pokémon will stay.'),
 (118,9,'The Pokémon may pick up []{item:honey} after battle.','This Pokémon has a chance of picking up []{item:honey} after each battle.  This chance starts at 5% and rises another 5% after every tenth level: 5% from level 1–10, 10% from 11–20, and so on, up to 50% from 91–100.

This ability is checked after the battle ends, at which point any temporary ability changes have worn off.'),
 (119,9,'Reveals an opponent''s held item upon entering battle.','When this Pokémon enters battle, it reveals an opposing Pokémon''s held item to all participating trainers.

In a double battle, if one opponent has an item, this Pokémon will Frisk that Pokémon; if both have an item, it will Frisk one at random.'),
 (120,9,'Strengthens recoil moves to 1.2× their power.','This Pokémon''s recoil moves and crash moves have 1.2× their base power.

[]{move:struggle} is unaffected.

The "crash moves" are the moves that damage the user upon missing: []{move:jump-kick} and []{move:high-jump-kick}.'),
 (121,9,'Changes []{pokemon:arceus}''s type and form to match its held Plate.','If this Pokémon is holding an elemental Plate, its type and form change to match the Plate.

This Pokémon''s held item, whether or not it is a Plate, cannot be taken by []{move:covet} or []{move:thief}, nor removed by []{move:knock-off}, nor traded by []{move:switcheroo} or []{move:trick}.  Covet, Thief, and Knock Off still inflict damage against this Pokémon.  Unlike with []{ability:sticky-hold}, this Pokémon cannot use []{move:fling}, Switcheroo, or Trick to lose its item itself, nor gain an item through Switcheroo or Trick if it does not have one.

This ability has no effect for any Pokémon other than []{pokemon:arceus}.  This ability cannot be traded with []{move:skill-swap}, nor copied with []{move:role-play} or []{ability:trace}, nor disabled with []{move:gastro-acid}, nor changed with []{move:worry-seed}.  This Pokémon cannot use Skill Swap or Role Play to lose its ability itself.  []{ability:mold-breaker} cannot ignore this ability.

If a Pokémon [Transforms]{move:transform} into an Arceus with this ability, it will Transform into Arceus''s default, []{type:normal}-type form.  If the Transforming Pokémon is holding a Plate, this ability will then activate and change the Pokémon into the corresponding form.'),
 (122,9,'Increases friendly Pokémon''s [Attack]{mechanic:attack} and [Special Defense]{mechanic:special-defense} to 1.5× during [strong sunlight]{mechanic:strong-sunlight}.','Friendly Pokémon have 1.5× their [Attack]{mechanic:attack} and [Special Defense]{mechanic:special-defense} during [strong sunlight]{mechanic:strong-sunlight} if any friendly Pokémon has this ability.

Unlike []{ability:forecast}, []{ability:multitype}, and []{ability:zen-mode}, this ability is not tied to its Pokémon''s form change; []{pokemon:cherrim} will switch between its forms even if it loses this ability.  As such, this ability also works if obtained by a Pokémon other than Cherrim.'),
 (123,9,'Damages [sleeping]{mechanic:sleep} opponents for 1/8 their max [HP]{mechanic:hp} after each turn.','Opposing Pokémon take 1/8 of their maximum [HP]{mechanic:hp} in damage after each turn while they are [asleep]{mechanic:asleep}.'),
 (124,9,'Steals attacking Pokémon''s held items on contact.','Whenever a move makes contact with this Pokémon, if it does not have a held item, it steals the attacker''s held item.

This Pokémon cannot steal upon being knocked out.  It can steal if the attacker has a []{move:substitute}, but cannot steal when its own Substitute is hit.  If a move hits multiple times, only the last hit triggers this ability.  If this Pokémon is wild, it cannot steal from a trained Pokémon.'),
 (125,9,'Strengthens moves with extra effects to 1.3× their power, but prevents their extra effects.','This Pokémon''s moves with extra effects have 1.3× their power, but lose their extra effects.

An effect chance is a move''s chance to inflict a status ailment, cause a stat change, or make the target flinch in addition to the move''s main effect. For example, []{move:thunder-shock}''s paralysis is an extra effect, but []{move:thunder-wave}''s is not, nor are []{move:knock-off}''s item removal and []{move:air-cutter}''s increased [critical hit]{mechanic:critical-hit} rate.

Moves that lower the user''s stats are unaffected.'),
 (126,9,'Inverts [stat changes]{mechanic:stat-modifiers}.','Whenever this Pokémon''s stats would be [raised]{mechanic:stat-modifiers}, they are instead lowered by the same amount, and vice versa.'),
 (127,9,'Prevents opposing Pokémon from eating held Berries.','Opposing Pokémon cannot eat held Berries while this Pokémon is in battle.

Affected Pokémon can still use []{move:bug-bite} or []{move:pluck} to eat a target''s Berry.'),
 (128,9,'Raises [Attack]{mechanic:attack} two [stages]{mechanic:stat-modifier} upon having any stat lowered.','When any of this Pokémon''s stats are [lowered]{mechanic:stat-modifier}, its [Attack]{mechanic:attack} rises by two stages.

If multiple stats are lowered at once, this ability takes effect with each stat lowered.'),
 (129,9,'Halves [Attack]{mechanic:attack} and [Special Attack]{mechanic:special-attack} at 50% max [HP]{mechanic:hp} or less.','This Pokémon''s [Attack]{mechanic:attack} and [Special Attack]{mechanic:special-attack} are halved when it has half its [HP]{mechanic:hp} or less.'),
 (130,9,'Has a 30% chance of [Disabling]{move:disable} any move that hits the Pokémon.','Moves that hit this Pokémon have a 30% chance of being [Disabled]{move:disable} afterward.'),
 (131,9,'Has a 30% chance of curing each adjacent ally of any [major status ailment]{mechanic:major-status-ailment} after each turn.','Friendly Pokémon next to this Pokémon in double and triple battles each have a 30% chance of being cured of any [major status ailment]{mechanic:major-status-ailment} after each turn.'),
 (132,9,'Decreases all direct damage taken by friendly Pokémon to 0.75×.','All friendly Pokémon take 0.75× as much direct damage from moves while this Pokémon is in battle.

This effect stacks if multiple allied Pokémon have it.'),
 (133,9,'Raises [Speed]{mechanic:speed} and lowers [Defense]{mechanic:defense} by one stage each upon being hit by a physical move.','Whenever a physical move hits this Pokémon, its [Speed]{mechanic:speed} rises one stage and its [Defense]{mechanic:defense} falls one stage.

This ability triggers on every hit of a multiple-hit move.'),
 (134,9,'Doubles the Pokémon''s weight.','This Pokémon has double the usual weight for its species.'),
 (135,9,'Halves the Pokémon''s weight.','This Pokémon has half the usual weight for its species.'),
 (136,9,'Halves damage taken from full [HP]{mechanic:hp}.','This Pokémon takes half as much damage when it is hit having full [HP]{mechanic:hp}.'),
 (137,9,'Increases [Attack]{mechanic:attack} to 1.5× when [poisoned]{mechanic:poison}.','This Pokémon has 1.5× its [Attack]{mechanic:attack} when [poisoned]{mechanic:poison}.'),
 (138,9,'Increases [Special Attack]{mechanic:special-attack} to 1.5× when [burned]{mechanic:burn}.','This Pokémon has 1.5× its [Special Attack]{mechanic:special-attack} when [burned]{mechanic:burn}.'),
 (139,9,'Has a 50% chance of restoring a used Berry after each turn if the Pokémon has held no items in the meantime.','After each turn, if the last item this Pokémon consumed was a Berry and it is not currently holding an item, it has a 50% chance of regaining that Berry, or a 100% chance during [strong sunlight]{mechanic:strong-sunlight}.'),
 (140,9,'Protects against friendly Pokémon''s damaging moves.','This Pokémon does not take damage from friendly Pokémon''s moves, including single-target moves aimed at it.'),
 (141,9,'Raises a random stat two [stages]{mechanic:stat-modifier} and lowers another one stage after each turn.','After each turn, one of this Pokémon''s stats at random rises two [stages]{mechanic:stat-modifier}, and another falls one stage.

If a stat is already at 6 or -6 stages, it will not be chosen to be increased or decreased, respectively.'),
 (142,9,'Protects against damage from [weather]{mechanic:weather}.','This Pokémon does not take damage from [weather]{mechanic:weather}.'),
 (143,9,'Has a 30% chance of [poisoning]{mechanic:poison} target Pokémon upon contact.','This Pokémon''s contact moves have a 30% chance of [poisoning]{mechanic:poison} the target with each hit.

This counts as an extra effect for the purposes of []{ability:shield-dust}.  This ability takes effect before []{ability:mummy}.'),
 (144,9,'Heals for 1/3 max [HP]{mechanic:hp} upon switching out.','This Pokémon regains 1/3 of its maximum [HP]{mechanic:hp} when it is switched out for another Pokémon under any circumstances other than having fainted.

This ability does not take effect when a battle ends.'),
 (145,9,'Protects against [Defense]{mechanic:defense} drops.','This Pokémon''s [Defense]{mechanic:defense} cannot be [lowered]{mechanic:stat-modifiers} by other Pokémon.

This Pokémon can still be passed negative Defense modifiers through []{move:heart-swap} or []{move:guard-swap}.'),
 (146,9,'Doubles [Speed]{mechanic:speed} during a [sandstorm]{mechanic:sandstorm}.  Protects against sandstorm damage.','This Pokémon''s [Speed]{mechanic:speed} is doubled during a [sandstorm]{mechanic:sandstorm}, and it does not take sandstorm damage, regardless of type.'),
 (147,9,'Lowers incoming non-damaging moves'' base [accuracy]{mechanic:accuracy} to exactly 50%.','Non-damaging moves have exactly 50% base [accuracy]{mechanic:accuracy} against this Pokémon.'),
 (148,9,'Strengthens moves to 1.3× their power when moving last.','This Pokémon''s moves have 1.3× their power when it moves last in a turn.

[]{move:future-sight} and []{move:doom-desire} are unaffected.'),
 (149,9,'Takes the appearance of the last conscious party Pokémon upon being sent out until hit by a damaging move.','This Pokémon, upon being sent out, appears to have the species, nickname, and Poké Ball of the last Pokémon in the party that is able to battle.  This illusion breaks upon being hit by a damaging move.

Other damage, e.g. from [weather]{mechanic:weather} or []{move:spikes}, does not break the illusion, nor does damage done to a []{move:substitute}.

If the party order becomes temporarily shuffled around as Pokémon are switched out in battle, this ability chooses the last Pokémon according to that shuffled order.'),
 (150,9,'[Transforms]{move:transform} upon entering battle.','This Pokémon transforms into a random opponent upon entering battle.  This effect is identical to the move []{move:transform}.'),
 (151,9,'Bypasses []{move:light-screen}, []{move:reflect}, and []{move:safeguard}.','This Pokémon''s moves ignore []{move:light-screen}, []{move:reflect}, and []{move:safeguard}.'),
 (152,9,'Changes attacking Pokémon''s abilities to Mummy on contact.','Whenever a contact move hits this Pokémon, the attacking Pokémon''s ability changes to Mummy.

[]{ability:multitype} is unaffected.  If a Pokémon with []{ability:moxie} knocks this Pokémon out, the former''s ability will change without taking effect.'),
 (153,9,'Raises [Attack]{mechanic:attack} one stage upon KOing a Pokémon.','This Pokémon''s [Attack]{mechanic:attack} rises one stage upon knocking out another Pokémon, even a friendly Pokémon.

This ability does not take effect when the Pokémon indirectly causes another Pokémon to faint, e.g. through [poison]{mechanic:poison} or []{move:spikes}.

If this Pokémon knocks out a Pokémon with []{ability:mummy}, the former''s ability will change without taking effect.'),
 (154,9,'Raises [Attack]{mechanic:attack} one stage upon taking damage from a []{type:dark} move.','Whenever a []{type:dark}-type move hits this Pokémon, its [Attack]{mechanic:attack} rises one [stage]{mechanic:stat-modifier}.

The move is not negated in any way.'),
 (155,9,'Raises [Speed]{mechanic:speed} one [stage]{mechanic:stat-modifier} upon being hit by a []{type:dark}, []{type:ghost}, or []{type:bug} move.','This Pokémon''s [Speed]{mechanic:speed} rises one stage with each hit from a damaging []{type:dark}-, []{type:ghost}-, or []{type:bug}-type move.'),
 (156,9,'Reflects most non-damaging moves back at their user.','When this Pokémon is targeted by a move flagged as being reflectable, the move is redirected to its user.

All reflectable moves are non-damaging, and most non-damaging moves that target other Pokémon are reflectable.

A move reflected by this ability or []{move:magic-coat} cannot be reflected back.'),
 (157,9,'Absorbs []{type:grass} moves, raising [Attack]{mechanic:attack} one [stage]{mechanic:stat-modifier}.','Whenever a []{type:grass}-type move hits this Pokémon, its [Attack]{mechanic:attack} rises one [stage]{mechanic:stat-modifier}, negating any other effect on it.'),
 (158,9,'Raises non-damaging moves'' priority by one stage.','This Pokémon''s non-damaging moves have their priority increased by one stage.'),
 (159,9,'Strengthens []{type:rock}, []{type:ground}, and []{type:steel} moves to 1.3× their power during a [sandstorm]{mechanic:sandstorm}.  Protects against sandstorm damage.','During a [sandstorm]{mechanic:sandstorm}, this Pokémon''s []{type:rock}-, []{type:ground}-, and []{type:steel}-type moves have 1.3× their base power.  This Pokémon does not take sandstorm damage, regardless of type.'),
 (160,9,'Damages attacking Pokémon for 1/8 their max [HP]{mechanic:hp} on contact.','Whenever a move makes contact with this Pokémon, the move''s user takes 1/8 of its maximum [HP]{mechanic:hp} in damage.

This ability functions identically to []{ability:rough-skin}.'),
 (161,9,'Changes []{pokemon:darmanitan}''s form after each turn depending on its [HP]{mechanic:hp}: Zen Mode below 50% max HP, and Standard Mode otherwise.','This Pokémon switches between Standard Mode and Zen Mode after each turn depending on its [HP]{mechanic:hp}.  Below 50% of its maximum HP, it switches to Zen Mode, and at 50% or above, it switches to Standard Mode.

This Pokémon returns to Standard Mode upon leaving battle or losing this ability.  This ability has no effect if this Pokémon is not a []{pokemon:darmanitan}.'),
 (162,9,'Increases moves'' accuracy to 1.1× for friendly Pokémon.','All friendly Pokémon''s moves, including this Pokémon''s own moves, have 1.1× their usual accuracy while this Pokémon is in battle.'),
 (163,9,'Bypasses targets'' abilities if they could hinder or prevent moves.','This Pokémon''s moves completely ignore abilities that could hinder or prevent their effect on the target.

For example, this Pokémon''s moves ignore abilities that would fully negate them, such as []{ability:water-absorb}; abilities that would prevent any of their effects, such as []{ability:clear-body}, []{ability:shell-armor}, or []{ability:sticky-hold}; and abilities that grant any general protective benefit, such as []{ability:simple}, []{ability:snow-cloak}, or []{ability:thick-fat}.  If an ability could either hinder or help this Pokémon''s moves, e.g. []{ability:dry-skin} or []{ability:unaware}, the ability is ignored either way.

Abilities that do not fit this description, even if they could hinder moves in some other way, are not affected.  For example, []{ability:cursed-body} only affects potential future uses of the move, while []{ability:liquid-ooze} and []{ability:shadow-tag} can only hinder a move''s effect on the user.  This ablity cannot ignore type or form changes granted by abilities, for example []{ability:color-change} or []{ability:forecast}; nor effects that were caused by abilities but are no longer tied to an ability, such as the rain from []{ability:drizzle}.  This ability cannot ignore []{ability:multitype} at all.

An ability ignored by this ability is only nullified while the move is being used.  For example, this Pokémon''s moves can [paralyze]{mechanic:paralysis} a Pokémon with []{ability:limber}, but Limber will activate and heal the paralysis immediately thereafter, and this Pokémon''s []{move:spikes} are not affected by this ability after they have been placed.

When this Pokémon enters battle, all participating trainers are notified that it has this ability.

This ability functions identically to []{ability:mold-breaker} and []{ability:teravolt}.'),
 (164,9,'Bypasses targets'' abilities if they could hinder or prevent moves.','This Pokémon''s moves completely ignore abilities that could hinder or prevent their effect on the target.

For example, this Pokémon''s moves ignore abilities that would fully negate them, such as []{ability:water-absorb}; abilities that would prevent any of their effects, such as []{ability:clear-body}, []{ability:shell-armor}, or []{ability:sticky-hold}; and abilities that grant any general protective benefit, such as []{ability:simple}, []{ability:snow-cloak}, or []{ability:thick-fat}.  If an ability could either hinder or help this Pokémon''s moves, e.g. []{ability:dry-skin} or []{ability:unaware}, the ability is ignored either way.

Abilities that do not fit this description, even if they could hinder moves in some other way, are not affected.  For example, []{ability:cursed-body} only affects potential future uses of the move, while []{ability:liquid-ooze} and []{ability:shadow-tag} can only hinder a move''s effect on the user.  This ablity cannot ignore type or form changes granted by abilities, for example []{ability:color-change} or []{ability:forecast}; nor effects that were caused by abilities but are no longer tied to an ability, such as the rain from []{ability:drizzle}.  This ability cannot ignore []{ability:multitype} at all.

An ability ignored by this ability is only nullified while the move is being used.  For example, this Pokémon''s moves can [paralyze]{mechanic:paralysis} a Pokémon with []{ability:limber}, but Limber will activate and heal the paralysis immediately thereafter, and this Pokémon''s []{move:spikes} are not affected by this ability after they have been placed.

When this Pokémon enters battle, all participating trainers are notified that it has this ability.

This ability functions identically to []{ability:mold-breaker} and []{ability:turboblaze}.'),
 (165,9,'Protects allies against moves that affect their mental state.','Protects allies against moves that affect their mental state.'),
 (166,9,'Protects friendly []{type:grass} Pokémon from having their stats lowered by other Pokémon.','Protects friendly []{type:grass} Pokémon from having their stats lowered by other Pokémon.'),
 (167,9,'Restores HP upon eating a Berry, in addition to the Berry''s effect.','Restores HP upon eating a Berry, in addition to the Berry''s effect.'),
 (168,9,'Changes the bearer''s type to match each move it uses.','Changes the bearer''s type to match each move it uses.

The type change takes place just before the move is used.'),
 (169,9,'Halves damage from physical attacks.','Halves damage from physical attacks.'),
 (170,9,'Steals the target''s held item when the bearer uses a damaging move.','Steals the target''s held item when the bearer uses a damaging move.'),
 (171,9,'Protects against bullet, ball, and bomb-based moves.','Protects against bullet, ball, and bomb-based moves.'),
 (172,9,'Raises Special Attack by two stages upon having any stat lowered.','Raises Special Attack by two stages upon having any stat lowered.'),
 (173,9,'Strengthens biting moves to 1.5× their power.','Strengthens biting moves to 1.5× their power.'),
 (174,9,'Turns the bearer''s []{type:normal} moves into []{type:ice} moves and strengthens them to 1.3× their power.','Turns the bearer''s []{type:normal}-type moves into []{type:ice}-type moves.  Moves changed by this ability have 1.3× their power.'),
 (175,9,'Prevents friendly Pokémon from sleeping.','Prevents friendly Pokémon from sleeping.'),
 (176,9,'Changes []{pokemon:aegislash} to Blade Forme before using a damaging move, or Shield Forme before using []{move:kings-shield}.','Changes []{pokemon:aegislash} to Blade Forme before using a damaging move, or Shield Forme before using []{move:kings-shield}.'),
 (177,9,'Raises []{type:flying} moves'' priority by one stage.','Raises []{type:flying} moves'' priority by one stage.'),
 (178,9,'Strengthens aura and pulse moves to 1.5× their power.','Strengthens aura and pulse moves to 1.5× their power.'),
 (179,9,'Boosts Defense while []{move:grassy-terrain} is in effect.','Boosts Defense while []{move:grassy-terrain} is in effect.'),
 (180,9,'Passes the bearer''s held item to an ally when the ally uses up its item.','Passes the bearer''s held item to an ally when the ally uses up its item.'),
 (181,9,'Strengthens moves that make contact to 1.33× their power.','Strengthens moves that make contact to 1.33× their power.'),
 (182,9,'Turns the bearer''s []{type:normal} moves into []{type:fairy} moves and strengthens them to 1.3× their power.','Turns the bearer''s []{type:normal}-type moves into []{type:fairy} moves.  Moves changed by this ability have 1.3× their power.'),
 (183,9,'Lowers attacking Pokémon''s Speed by one stage on contact.','Lowers attacking Pokémon''s Speed by one stage on contact.'),
 (184,9,'Turns the bearer''s []{type:normal} moves into []{type:flying} moves and strengthens them to 1.3× their power.','Turns the bearer''s []{type:normal}-type moves into []{type:flying}-type moves.  Moves changed by this ability have 1.3× their power.'),
 (185,9,'Lets the bearer hit twice with damaging moves.  The second hit has half power.','Lets the bearer hit twice with damaging moves.  The second hit has half power.'),
 (186,9,'Strengthens []{type:dark} moves to 1.33× their power for all friendly and opposing Pokémon.','Strengthens []{type:dark} moves for all friendly and opposing Pokémon.'),
 (187,9,'Strengthens []{type:fairy} moves to 1.33× their power for all friendly and opposing Pokémon.','Strengthens []{type:fairy} moves for all friendly and opposing Pokémon.'),
 (188,9,'Makes []{ability:dark-aura} and []{ability:fairy-aura} weaken moves of their respective types.','While this Pokémon is on the field, []{ability:dark-aura} and []{ability:fairy-aura} weaken moves of their respective types to 2/3 their power, rather than strengthening them.'),
 (189,9,NULL,NULL),
 (190,9,NULL,NULL),
 (191,9,NULL,NULL),
 (1,10,'Má šanci nepřítele [zastrašit]{mechanic:flinch} během útočení.',NULL),
 (33,10,'Během [deště]{mechanic:rain} zdvojnásobuje [Rychlost]{mechanic:speed}.',NULL),
 (3,10,'Zvýší [Rychlost]{mechanic:speed} o jeden [stupeň]{mechanic:stat-modifier} po každém kole.',NULL),
 (34,10,'Během [slunečného počasí]{mechanic:strong-sunlight} zdvojnásobuje [Rychlost]{mechanic:speed}.',NULL),
 (2,10,'Přivolá [déšť]{mechanic:rain}, který trvá až po ukončení zápasu.',NULL);
--GO
--DROP TABLE IF EXISTS ability_names;
CREATE TABLE ability_names (
	ability_id INT NOT NULL, 
	local_language_id INT NOT NULL, 
	[name] VARCHAR(79) NOT NULL, 
	PRIMARY KEY (ability_id, local_language_id), 
	FOREIGN KEY(ability_id) REFERENCES abilities (id) ON UPDATE CASCADE ON DELETE NO ACTION, 
	FOREIGN KEY(local_language_id) REFERENCES languages (id) ON UPDATE CASCADE ON DELETE NO ACTION
);
INSERT INTO [ability_names] (ability_id,local_language_id,[name]) VALUES (1,1,'あくしゅう'),
 (1,3,'악취'),
 (1,5,'Puanteur'),
 (1,6,'Duftnote'),
 (1,7,'Hedor'),
 (1,8,'Tanfo'),
 (1,9,'Stench'),
 (2,1,'あめふらし'),
 (2,3,'잔비'),
 (2,5,'Crachin'),
 (2,6,'Niesel'),
 (2,7,'Llovizna'),
 (2,8,'Piovischio'),
 (2,9,'Drizzle'),
 (3,1,'かそく'),
 (3,3,'가속'),
 (3,5,'Turbo'),
 (3,6,'Temposchub'),
 (3,7,'Impulso'),
 (3,8,'Acceleratore'),
 (3,9,'Speed Boost'),
 (4,1,'カブトアーマー'),
 (4,3,'전투무장'),
 (4,5,'Armurbaston'),
 (4,6,'Kampfpanzer'),
 (4,7,'Armadura Batalla'),
 (4,8,'Lottascudo'),
 (4,9,'Battle Armor'),
 (5,1,'がんじょう'),
 (5,3,'옹골참'),
 (5,5,'Fermeté'),
 (5,6,'Robustheit'),
 (5,7,'Robustez'),
 (5,8,'Vigore'),
 (5,9,'Sturdy'),
 (6,1,'しめりけ'),
 (6,3,'습기'),
 (6,5,'Moiteur'),
 (6,6,'Feuchtigkeit'),
 (6,7,'Humedad'),
 (6,8,'Umidità'),
 (6,9,'Damp'),
 (7,1,'じゅうなん'),
 (7,3,'유연'),
 (7,5,'Échauffement'),
 (7,6,'Flexibilität'),
 (7,7,'Flexibilidad'),
 (7,8,'Scioltezza'),
 (7,9,'Limber'),
 (8,1,'すながくれ'),
 (8,3,'모래숨기'),
 (8,5,'Voile Sable'),
 (8,6,'Sandschleier'),
 (8,7,'Velo Arena'),
 (8,8,'Sabbiavelo'),
 (8,9,'Sand Veil'),
 (9,1,'せいでんき'),
 (9,3,'정전기'),
 (9,5,'Statik'),
 (9,6,'Statik'),
 (9,7,'Elec. Estática'),
 (9,8,'Statico'),
 (9,9,'Static'),
 (10,1,'ちくでん'),
 (10,3,'축전'),
 (10,5,'Absorb Volt'),
 (10,6,'Voltabsorber'),
 (10,7,'Absorbe Elec'),
 (10,8,'Assorbivolt'),
 (10,9,'Volt Absorb'),
 (11,1,'ちょすい'),
 (11,3,'저수'),
 (11,5,'Absorb Eau'),
 (11,6,'H2O-Absorber'),
 (11,7,'Absorbe Agua'),
 (11,8,'Assorbacqua'),
 (11,9,'Water Absorb'),
 (12,1,'どんかん'),
 (12,3,'둔감'),
 (12,5,'Benêt'),
 (12,6,'Dösigkeit'),
 (12,7,'Despiste'),
 (12,8,'Indifferenza'),
 (12,9,'Oblivious'),
 (13,1,'ノーてんき'),
 (13,3,'날씨부정'),
 (13,5,'Ciel Gris'),
 (13,6,'Wolke Sieben'),
 (13,7,'Aclimatación'),
 (13,8,'Antimeteo'),
 (13,9,'Cloud Nine'),
 (14,1,'ふくがん'),
 (14,3,'복안'),
 (14,5,'Œil Composé'),
 (14,6,'Facettenauge'),
 (14,7,'Ojo Compuesto'),
 (14,8,'Insettocchi'),
 (14,9,'Compound Eyes'),
 (15,1,'ふみん'),
 (15,3,'불면'),
 (15,5,'Insomnia'),
 (15,6,'Insomnia'),
 (15,7,'Insomnio'),
 (15,8,'Insonnia'),
 (15,9,'Insomnia'),
 (16,1,'へんしょく'),
 (16,3,'변색'),
 (16,5,'Déguisement'),
 (16,6,'Farbwechsel'),
 (16,7,'Cambio Color'),
 (16,8,'Cambiacolore'),
 (16,9,'Color Change'),
 (17,1,'めんえき'),
 (17,3,'면역'),
 (17,5,'Vaccin'),
 (17,6,'Immunität'),
 (17,7,'Inmunidad'),
 (17,8,'Immunità'),
 (17,9,'Immunity'),
 (18,1,'もらいび'),
 (18,3,'타오르는불꽃'),
 (18,5,'Torche'),
 (18,6,'Feuerfänger'),
 (18,7,'Absorbe Fuego'),
 (18,8,'Fuocardore'),
 (18,9,'Flash Fire'),
 (19,1,'りんぷん'),
 (19,3,'인분'),
 (19,5,'Écran Poudre'),
 (19,6,'Puderabwehr'),
 (19,7,'Polvo Escudo'),
 (19,8,'Polvoscudo'),
 (19,9,'Shield Dust'),
 (20,1,'マイペース'),
 (20,3,'마이페이스'),
 (20,5,'Tempo Perso'),
 (20,6,'Tempomacher'),
 (20,7,'Ritmo Propio'),
 (20,8,'Mente Locale'),
 (20,9,'Own Tempo'),
 (21,1,'きゅうばん'),
 (21,3,'흡반'),
 (21,5,'Ventouse'),
 (21,6,'Saugnapf'),
 (21,7,'Ventosas'),
 (21,8,'Ventose'),
 (21,9,'Suction Cups'),
 (22,1,'いかく'),
 (22,3,'위협'),
 (22,5,'Intimidation'),
 (22,6,'Bedroher'),
 (22,7,'Intimidación'),
 (22,8,'Prepotenza'),
 (22,9,'Intimidate'),
 (23,1,'かげふみ'),
 (23,3,'그림자밟기'),
 (23,5,'Marque Ombre'),
 (23,6,'Wegsperre'),
 (23,7,'Sombra Trampa'),
 (23,8,'Pedinombra'),
 (23,9,'Shadow Tag'),
 (24,1,'さめはだ'),
 (24,3,'까칠한피부'),
 (24,5,'Peau Dure'),
 (24,6,'Rauhaut'),
 (24,7,'Piel Tosca'),
 (24,8,'Cartavetro'),
 (24,9,'Rough Skin'),
 (25,1,'ふしぎなまもり'),
 (25,3,'불가사의부적'),
 (25,5,'Garde Mystik'),
 (25,6,'Wunderwache'),
 (25,7,'Superguarda'),
 (25,8,'Magidifesa'),
 (25,9,'Wonder Guard'),
 (26,1,'ふゆう'),
 (26,3,'부유'),
 (26,5,'Lévitation'),
 (26,6,'Schwebe'),
 (26,7,'Levitación'),
 (26,8,'Levitazione'),
 (26,9,'Levitate'),
 (27,1,'ほうし'),
 (27,3,'포자'),
 (27,5,'Pose Spore'),
 (27,6,'Sporenwirt'),
 (27,7,'Efecto Espora'),
 (27,8,'Spargispora'),
 (27,9,'Effect Spore'),
 (28,1,'シンクロ'),
 (28,3,'싱크로'),
 (28,5,'Synchro'),
 (28,6,'Synchro'),
 (28,7,'Sincronía'),
 (28,8,'Sincronismo'),
 (28,9,'Synchronize'),
 (29,1,'クリアボディ'),
 (29,3,'클리어바디'),
 (29,5,'Corps Sain'),
 (29,6,'Neutraltorso'),
 (29,7,'Cuerpo Puro'),
 (29,8,'Corpochiaro'),
 (29,9,'Clear Body'),
 (30,1,'しぜんかいふく'),
 (30,3,'자연회복'),
 (30,5,'Médic Nature'),
 (30,6,'Innere Kraft'),
 (30,7,'Cura Natural'),
 (30,8,'Alternacura'),
 (30,9,'Natural Cure'),
 (31,1,'ひらいしん'),
 (31,3,'피뢰침'),
 (31,5,'Paratonnerre'),
 (31,6,'Blitzfänger'),
 (31,7,'Pararrayos'),
 (31,8,'Parafulmine'),
 (31,9,'Lightning Rod'),
 (32,1,'てんのめぐみ'),
 (32,3,'하늘의은총'),
 (32,5,'Sérénité'),
 (32,6,'Edelmut'),
 (32,7,'Dicha'),
 (32,8,'Leggiadro'),
 (32,9,'Serene Grace'),
 (33,1,'すいすい'),
 (33,3,'쓱쓱'),
 (33,5,'Glissade'),
 (33,6,'Wassertempo'),
 (33,7,'Nado Rápido'),
 (33,8,'Nuotovelox'),
 (33,9,'Swift Swim'),
 (34,1,'ようりょくそ'),
 (34,3,'엽록소'),
 (34,5,'Chlorophylle'),
 (34,6,'Chlorophyll'),
 (34,7,'Clorofila'),
 (34,8,'Clorofilla'),
 (34,9,'Chlorophyll'),
 (35,1,'はっこう'),
 (35,3,'발광'),
 (35,5,'Lumiattirance'),
 (35,6,'Erleuchtung'),
 (35,7,'Iluminación'),
 (35,8,'Risplendi'),
 (35,9,'Illuminate'),
 (36,1,'トレース'),
 (36,3,'트레이스'),
 (36,5,'Calque'),
 (36,6,'Fährte'),
 (36,7,'Rastro'),
 (36,8,'Traccia'),
 (36,9,'Trace'),
 (37,1,'ちからもち'),
 (37,3,'천하장사'),
 (37,5,'Coloforce'),
 (37,6,'Kraftkoloss'),
 (37,7,'Potencia'),
 (37,8,'Macroforza'),
 (37,9,'Huge Power'),
 (38,1,'どくのトゲ'),
 (38,3,'독가시'),
 (38,5,'Point Poison'),
 (38,6,'Giftdorn'),
 (38,7,'Punto Tóxico'),
 (38,8,'Velenopunto'),
 (38,9,'Poison Point'),
 (39,1,'せいしんりょく'),
 (39,3,'정신력'),
 (39,5,'Attention'),
 (39,6,'Konzentrator'),
 (39,7,'Foco Interno'),
 (39,8,'Fuocodentro'),
 (39,9,'Inner Focus'),
 (40,1,'マグマのよろい'),
 (40,3,'마그마의무장'),
 (40,5,'Armumagma'),
 (40,6,'Magmapanzer'),
 (40,7,'Escudo Magma'),
 (40,8,'Magmascudo'),
 (40,9,'Magma Armor'),
 (41,1,'みずのベール'),
 (41,3,'수의베일'),
 (41,5,'Ignifu-Voile'),
 (41,6,'Aquahülle'),
 (41,7,'Velo Agua'),
 (41,8,'Idrovelo'),
 (41,9,'Water Veil'),
 (42,1,'じりょく'),
 (42,3,'자력'),
 (42,5,'Magnépiège'),
 (42,6,'Magnetfalle'),
 (42,7,'Imán'),
 (42,8,'Magnetismo'),
 (42,9,'Magnet Pull'),
 (43,1,'ぼうおん'),
 (43,3,'방음'),
 (43,5,'Anti-Bruit'),
 (43,6,'Lärmschutz'),
 (43,7,'Insonorizar'),
 (43,8,'Antisuono'),
 (43,9,'Soundproof'),
 (44,1,'あめうけざら'),
 (44,3,'젖은접시'),
 (44,5,'Cuvette'),
 (44,6,'Regengenuss'),
 (44,7,'Cura Lluvia'),
 (44,8,'Copripioggia'),
 (44,9,'Rain Dish'),
 (45,1,'すなおこし'),
 (45,3,'모래날림'),
 (45,5,'Sable Volant'),
 (45,6,'Sandsturm'),
 (45,7,'Chorro Arena'),
 (45,8,'Sabbiafiume'),
 (45,9,'Sand Stream'),
 (46,1,'プレッシャー'),
 (46,3,'프레셔'),
 (46,5,'Pression'),
 (46,6,'Erzwinger'),
 (46,7,'Presión'),
 (46,8,'Pressione'),
 (46,9,'Pressure'),
 (47,1,'あついしぼう'),
 (47,3,'두꺼운지방'),
 (47,5,'Isograisse'),
 (47,6,'Speckschicht'),
 (47,7,'Sebo'),
 (47,8,'Grassospesso'),
 (47,9,'Thick Fat'),
 (48,1,'はやおき'),
 (48,3,'일찍기상'),
 (48,5,'Matinal'),
 (48,6,'Frühwecker'),
 (48,7,'Madrugar'),
 (48,8,'Sveglialampo'),
 (48,9,'Early Bird'),
 (49,1,'ほのおのからだ'),
 (49,3,'불꽃몸'),
 (49,5,'Corps Ardent'),
 (49,6,'Flammkörper'),
 (49,7,'Cuerpo Llama'),
 (49,8,'Corpodifuoco'),
 (49,9,'Flame Body'),
 (50,1,'にげあし'),
 (50,3,'도주'),
 (50,5,'Fuite'),
 (50,6,'Angsthase'),
 (50,7,'Fuga'),
 (50,8,'Fugafacile'),
 (50,9,'Run Away'),
 (51,1,'するどいめ'),
 (51,3,'날카로운눈'),
 (51,5,'Regard Vif'),
 (51,6,'Adlerauge'),
 (51,7,'Vista Lince'),
 (51,8,'Sguardofermo'),
 (51,9,'Keen Eye'),
 (52,1,'かいりきバサミ'),
 (52,3,'괴력집게'),
 (52,5,'Hyper Cutter'),
 (52,6,'Scherenmacht'),
 (52,7,'Corte Fuerte'),
 (52,8,'Ipertaglio'),
 (52,9,'Hyper Cutter'),
 (53,1,'ものひろい'),
 (53,3,'픽업'),
 (53,5,'Ramassage'),
 (53,6,'Mitnahme'),
 (53,7,'Recogida'),
 (53,8,'Raccolta'),
 (53,9,'Pickup'),
 (54,1,'なまけ'),
 (54,3,'게으름'),
 (54,5,'Absentéisme'),
 (54,6,'Schnarchnase'),
 (54,7,'Ausente'),
 (54,8,'Pigrone'),
 (54,9,'Truant'),
 (55,1,'はりきり'),
 (55,3,'의욕'),
 (55,5,'Agitation'),
 (55,6,'Übereifer'),
 (55,7,'Entusiasmo'),
 (55,8,'Tuttafretta'),
 (55,9,'Hustle'),
 (56,1,'メロメロボディ'),
 (56,3,'헤롱헤롱바디'),
 (56,5,'Joli Sourire'),
 (56,6,'Charmebolzen'),
 (56,7,'Gran Encanto'),
 (56,8,'Incantevole'),
 (56,9,'Cute Charm'),
 (57,1,'プラス'),
 (57,3,'플러스'),
 (57,5,'Plus'),
 (57,6,'Plus'),
 (57,7,'Más'),
 (57,8,'Più'),
 (57,9,'Plus'),
 (58,1,'マイナス'),
 (58,3,'마이너스'),
 (58,5,'Minus'),
 (58,6,'Minus'),
 (58,7,'Menos'),
 (58,8,'Meno'),
 (58,9,'Minus'),
 (59,1,'てんきや'),
 (59,3,'기분파'),
 (59,5,'Météo'),
 (59,6,'Prognose'),
 (59,7,'Predicción'),
 (59,8,'Previsioni'),
 (59,9,'Forecast'),
 (60,1,'ねんちゃく'),
 (60,3,'점착'),
 (60,5,'Glue'),
 (60,6,'Wertehalter'),
 (60,7,'Viscosidad'),
 (60,8,'Antifurto'),
 (60,9,'Sticky Hold'),
 (61,1,'だっぴ'),
 (61,3,'탈피'),
 (61,5,'Mue'),
 (61,6,'Expidermis'),
 (61,7,'Mudar'),
 (61,8,'Muta'),
 (61,9,'Shed Skin'),
 (62,1,'こんじょう'),
 (62,3,'근성'),
 (62,5,'Cran'),
 (62,6,'Adrenalin'),
 (62,7,'Agallas'),
 (62,8,'Dentistretti'),
 (62,9,'Guts'),
 (63,1,'ふしぎなうろこ'),
 (63,3,'이상한비늘'),
 (63,5,'Écaille Spéciale'),
 (63,6,'Notschutz'),
 (63,7,'Escama Especial'),
 (63,8,'Pelledura'),
 (63,9,'Marvel Scale'),
 (64,1,'ヘドロえき'),
 (64,3,'해감액'),
 (64,5,'Suintement'),
 (64,6,'Kloakensoße'),
 (64,7,'Lodo Líquido'),
 (64,8,'Melma'),
 (64,9,'Liquid Ooze'),
 (65,1,'しんりょく'),
 (65,3,'심록'),
 (65,5,'Engrais'),
 (65,6,'Notdünger'),
 (65,7,'Espesura'),
 (65,8,'Erbaiuto'),
 (65,9,'Overgrow'),
 (66,1,'もうか'),
 (66,3,'맹화'),
 (66,5,'Brasier'),
 (66,6,'Großbrand'),
 (66,7,'Mar Llamas'),
 (66,8,'Aiutofuoco'),
 (66,9,'Blaze'),
 (67,1,'げきりゅう'),
 (67,3,'급류'),
 (67,5,'Torrent'),
 (67,6,'Sturzbach'),
 (67,7,'Torrente'),
 (67,8,'Acquaiuto'),
 (67,9,'Torrent'),
 (68,1,'むしのしらせ'),
 (68,3,'벌레의알림'),
 (68,5,'Essaim'),
 (68,6,'Hexaplaga'),
 (68,7,'Enjambre'),
 (68,8,'Aiutinsetto'),
 (68,9,'Swarm'),
 (69,1,'いしあたま'),
 (69,3,'돌머리'),
 (69,5,'Tête de Roc'),
 (69,6,'Steinhaupt'),
 (69,7,'Cabeza Roca'),
 (69,8,'Testadura'),
 (69,9,'Rock Head'),
 (70,1,'ひでり'),
 (70,3,'가뭄'),
 (70,5,'Sécheresse'),
 (70,6,'Dürre'),
 (70,7,'Sequía'),
 (70,8,'Siccità'),
 (70,9,'Drought'),
 (71,1,'ありじごく'),
 (71,3,'개미지옥'),
 (71,5,'Piège'),
 (71,6,'Ausweglos'),
 (71,7,'Trampa Arena'),
 (71,8,'Trappoarena'),
 (71,9,'Arena Trap'),
 (72,1,'やるき'),
 (72,3,'의기양양'),
 (72,5,'Esprit Vital'),
 (72,6,'Munterkeit'),
 (72,7,'Espíritu Vital'),
 (72,8,'Spiritovivo'),
 (72,9,'Vital Spirit'),
 (73,1,'しろいけむり'),
 (73,3,'하얀연기'),
 (73,5,'Écran Fumée'),
 (73,6,'Pulverrauch'),
 (73,7,'Humo Blanco'),
 (73,8,'Fumochiaro'),
 (73,9,'White Smoke'),
 (74,1,'ヨガパワー'),
 (74,3,'순수한힘'),
 (74,5,'Force Pure'),
 (74,6,'Mentalkraft'),
 (74,7,'Energía Pura'),
 (74,8,'Forzapura'),
 (74,9,'Pure Power'),
 (75,1,'シェルアーマー'),
 (75,3,'조가비갑옷'),
 (75,5,'Coque Armure'),
 (75,6,'Panzerhaut'),
 (75,7,'Caparazón'),
 (75,8,'Guscioscudo'),
 (75,9,'Shell Armor'),
 (76,1,'エアロック'),
 (76,3,'에어록'),
 (76,5,'Air Lock'),
 (76,6,'Klimaschutz'),
 (76,7,'Bucle Aire'),
 (76,8,'Riparo'),
 (76,9,'Air Lock'),
 (77,1,'ちどりあし'),
 (77,3,'갈지자걸음'),
 (77,5,'Pieds Confus'),
 (77,6,'Fußangel'),
 (77,7,'Tumbos'),
 (77,8,'Intricopiedi'),
 (77,9,'Tangled Feet'),
 (78,1,'でんきエンジン'),
 (78,3,'전기엔진'),
 (78,5,'Motorisé'),
 (78,6,'Starthilfe'),
 (78,7,'Electromotor'),
 (78,8,'Elettrorapid'),
 (78,9,'Motor Drive'),
 (79,1,'とうそうしん'),
 (79,3,'투쟁심'),
 (79,5,'Rivalité'),
 (79,6,'Rivalität'),
 (79,7,'Rivalidad'),
 (79,8,'Antagonismo'),
 (79,9,'Rivalry'),
 (80,1,'ふくつのこころ'),
 (80,3,'불굴의마음'),
 (80,5,'Impassible'),
 (80,6,'Felsenfest'),
 (80,7,'Impasible'),
 (80,8,'Cuordeciso'),
 (80,9,'Steadfast'),
 (81,1,'ゆきがくれ'),
 (81,3,'눈숨기'),
 (81,5,'Rideau Neige'),
 (81,6,'Schneemantel'),
 (81,7,'Manto Níveo'),
 (81,8,'Mantelneve'),
 (81,9,'Snow Cloak'),
 (82,1,'くいしんぼう'),
 (82,3,'먹보'),
 (82,5,'Gloutonnerie'),
 (82,6,'Völlerei'),
 (82,7,'Gula'),
 (82,8,'Voracità'),
 (82,9,'Gluttony'),
 (83,1,'いかりのつぼ'),
 (83,3,'분노의경혈'),
 (83,5,'Colérique'),
 (83,6,'Kurzschluss'),
 (83,7,'Irascible'),
 (83,8,'Grancollera'),
 (83,9,'Anger Point'),
 (84,1,'かるわざ'),
 (84,3,'곡예'),
 (84,5,'Délestage'),
 (84,6,'Entlastung'),
 (84,7,'Liviano'),
 (84,8,'Agiltecnica'),
 (84,9,'Unburden'),
 (85,1,'たいねつ'),
 (85,3,'내열'),
 (85,5,'Ignifugé'),
 (85,6,'Hitzeschutz'),
 (85,7,'Ignífugo'),
 (85,8,'Antifuoco'),
 (85,9,'Heatproof'),
 (86,1,'たんじゅん'),
 (86,3,'단순'),
 (86,5,'Simple'),
 (86,6,'Wankelmut'),
 (86,7,'Simple'),
 (86,8,'Disinvoltura'),
 (86,9,'Simple'),
 (87,1,'かんそうはだ'),
 (87,3,'건조피부'),
 (87,5,'Peau Sèche'),
 (87,6,'Trockenheit'),
 (87,7,'Piel Seca'),
 (87,8,'Pellearsa'),
 (87,9,'Dry Skin'),
 (88,1,'ダウンロード'),
 (88,3,'다운로드'),
 (88,5,'Télécharge'),
 (88,6,'Download'),
 (88,7,'Descarga'),
 (88,8,'Download'),
 (88,9,'Download'),
 (89,1,'てつのこぶし'),
 (89,3,'철주먹'),
 (89,5,'Poing de Fer'),
 (89,6,'Eisenfaust'),
 (89,7,'Puño Férreo'),
 (89,8,'Ferropugno'),
 (89,9,'Iron Fist'),
 (90,1,'ポイズンヒール'),
 (90,3,'포이즌힐'),
 (90,5,'Soin Poison'),
 (90,6,'Aufheber'),
 (90,7,'Antídoto'),
 (90,8,'Velencura'),
 (90,9,'Poison Heal'),
 (91,1,'てきおうりょく'),
 (91,3,'적응력'),
 (91,5,'Adaptabilité'),
 (91,6,'Anpassung'),
 (91,7,'Adaptable'),
 (91,8,'Adattabilità'),
 (91,9,'Adaptability'),
 (92,1,'スキルリンク'),
 (92,3,'스킬링크'),
 (92,5,'Multi-Coups'),
 (92,6,'Wertelink'),
 (92,7,'Encadenado'),
 (92,8,'Abillegame'),
 (92,9,'Skill Link'),
 (93,1,'うるおいボディ'),
 (93,3,'촉촉바디'),
 (93,5,'Hydratation'),
 (93,6,'Hydration'),
 (93,7,'Hidratación'),
 (93,8,'Idratazione'),
 (93,9,'Hydration'),
 (94,1,'サンパワー'),
 (94,3,'선파워'),
 (94,5,'Force Soleil'),
 (94,6,'Solarkraft'),
 (94,7,'Poder Solar'),
 (94,8,'Solarpotere'),
 (94,9,'Solar Power'),
 (95,1,'はやあし'),
 (95,3,'속보'),
 (95,5,'Pied Véloce'),
 (95,6,'Rasanz'),
 (95,7,'Pies Rápidos'),
 (95,8,'Piedisvelti'),
 (95,9,'Quick Feet'),
 (96,1,'ノーマルスキン'),
 (96,3,'노말스킨'),
 (96,5,'Normalise'),
 (96,6,'Regulierung'),
 (96,7,'Normalidad'),
 (96,8,'Normalità'),
 (96,9,'Normalize'),
 (97,1,'スナイパー'),
 (97,3,'스나이퍼'),
 (97,5,'Sniper'),
 (97,6,'Superschütze'),
 (97,7,'Francotirador'),
 (97,8,'Cecchino'),
 (97,9,'Sniper'),
 (98,1,'マジックガード'),
 (98,3,'매직가드'),
 (98,5,'Garde Magik'),
 (98,6,'Magieschild'),
 (98,7,'Muro Mágico'),
 (98,8,'Magicscudo'),
 (98,9,'Magic Guard'),
 (99,1,'ノーガード'),
 (99,3,'노가드'),
 (99,5,'Annule Garde'),
 (99,6,'Schildlos'),
 (99,7,'Indefenso'),
 (99,8,'Nullodifesa'),
 (99,9,'No Guard'),
 (100,1,'あとだし'),
 (100,3,'시간벌기'),
 (100,5,'Frein'),
 (100,6,'Zeitspiel'),
 (100,7,'Rezagado'),
 (100,8,'Rallentatore'),
 (100,9,'Stall'),
 (101,1,'テクニシャン'),
 (101,3,'테크니션'),
 (101,5,'Technicien'),
 (101,6,'Techniker'),
 (101,7,'Experto'),
 (101,8,'Tecnico'),
 (101,9,'Technician'),
 (102,1,'リーフガード'),
 (102,3,'리프가드'),
 (102,5,'Feuille Garde'),
 (102,6,'Floraschild'),
 (102,7,'Defensa Hoja'),
 (102,8,'Fogliamanto'),
 (102,9,'Leaf Guard'),
 (103,1,'ぶきよう'),
 (103,3,'서투름'),
 (103,5,'Maladresse'),
 (103,6,'Tollpatsch'),
 (103,7,'Zoquete'),
 (103,8,'Impaccio'),
 (103,9,'Klutz'),
 (104,1,'かたやぶり'),
 (104,3,'틀깨기'),
 (104,5,'Brise Moule'),
 (104,6,'Überbrückung'),
 (104,7,'Rompemoldes'),
 (104,8,'Rompiforma'),
 (104,9,'Mold Breaker'),
 (105,1,'きょううん'),
 (105,3,'대운'),
 (105,5,'Chanceux'),
 (105,6,'Glückspilz'),
 (105,7,'Afortunado'),
 (105,8,'Supersorte'),
 (105,9,'Super Luck'),
 (106,1,'ゆうばく'),
 (106,3,'유폭'),
 (106,5,'Boom Final'),
 (106,6,'Finalschlag'),
 (106,7,'Resquicio'),
 (106,8,'Scoppio'),
 (106,9,'Aftermath'),
 (107,1,'きけんよち'),
 (107,3,'위험예지'),
 (107,5,'Anticipation'),
 (107,6,'Vorahnung'),
 (107,7,'Anticipación'),
 (107,8,'Presagio'),
 (107,9,'Anticipation'),
 (108,1,'よちむ'),
 (108,3,'예지몽'),
 (108,5,'Prédiction'),
 (108,6,'Vorwarnung'),
 (108,7,'Alerta'),
 (108,8,'Premonizione'),
 (108,9,'Forewarn'),
 (109,1,'てんねん'),
 (109,3,'천진'),
 (109,5,'Inconscient'),
 (109,6,'Unkenntnis'),
 (109,7,'Ignorante'),
 (109,8,'Imprudenza'),
 (109,9,'Unaware'),
 (110,1,'いろめがね'),
 (110,3,'색안경'),
 (110,5,'Lentiteintée'),
 (110,6,'Aufwertung'),
 (110,7,'Cromolente'),
 (110,8,'Lentifumé'),
 (110,9,'Tinted Lens'),
 (111,1,'フィルター'),
 (111,3,'필터'),
 (111,5,'Filtre'),
 (111,6,'Filter'),
 (111,7,'Filtro'),
 (111,8,'Filtro'),
 (111,9,'Filter'),
 (112,1,'スロースタート'),
 (112,3,'슬로스타트'),
 (112,5,'Début Calme'),
 (112,6,'Saumselig'),
 (112,7,'Inicio Lento'),
 (112,8,'Lentoinizio'),
 (112,9,'Slow Start'),
 (113,1,'きもったま'),
 (113,3,'배짱'),
 (113,5,'Querelleur'),
 (113,6,'Rauflust'),
 (113,7,'Intrépido'),
 (113,8,'Nervisaldi'),
 (113,9,'Scrappy'),
 (114,1,'よびみず'),
 (114,3,'마중물'),
 (114,5,'Lavabo'),
 (114,6,'Sturmsog'),
 (114,7,'Colector'),
 (114,8,'Acquascolo'),
 (114,9,'Storm Drain'),
 (115,1,'アイスボディ'),
 (115,3,'아이스바디'),
 (115,5,'Corps Gel'),
 (115,6,'Eishaut'),
 (115,7,'Gélido'),
 (115,8,'Corpogelo'),
 (115,9,'Ice Body'),
 (116,1,'ハードロック'),
 (116,3,'하드록'),
 (116,5,'Solide Roc'),
 (116,6,'Felskern'),
 (116,7,'Roca Sólida'),
 (116,8,'Solidroccia'),
 (116,9,'Solid Rock'),
 (117,1,'ゆきふらし'),
 (117,3,'눈퍼뜨리기'),
 (117,5,'Alerte Neige'),
 (117,6,'Hagelalarm'),
 (117,7,'Nevada'),
 (117,8,'Scendineve'),
 (117,9,'Snow Warning'),
 (118,1,'みつあつめ'),
 (118,3,'꿀모으기'),
 (118,5,'Cherche Miel'),
 (118,6,'Honigmaul'),
 (118,7,'Recogemiel'),
 (118,8,'Mielincetta'),
 (118,9,'Honey Gather'),
 (119,1,'おみとおし'),
 (119,3,'통찰'),
 (119,5,'Fouille'),
 (119,6,'Schnüffler'),
 (119,7,'Cacheo'),
 (119,8,'Indagine'),
 (119,9,'Frisk'),
 (120,1,'すてみ'),
 (120,3,'이판사판'),
 (120,5,'Téméraire'),
 (120,6,'Achtlos'),
 (120,7,'Audaz'),
 (120,8,'Temerarietà'),
 (120,9,'Reckless'),
 (121,1,'マルチタイプ'),
 (121,3,'멀티타입'),
 (121,5,'Multi-Type'),
 (121,6,'Variabilität'),
 (121,7,'Multitipo'),
 (121,8,'Multitipo'),
 (121,9,'Multitype'),
 (122,1,'フラワーギフト'),
 (122,3,'플라워기프트'),
 (122,5,'Don Floral'),
 (122,6,'Pflanzengabe'),
 (122,7,'Don Floral'),
 (122,8,'Regalfiore'),
 (122,9,'Flower Gift'),
 (123,1,'ナイトメア'),
 (123,3,'나이트메어'),
 (123,5,'Mauvais Rêve'),
 (123,6,'Alptraum'),
 (123,7,'Mal Sueño'),
 (123,8,'Sogniamari'),
 (123,9,'Bad Dreams'),
 (124,1,'わるいてぐせ'),
 (124,3,'나쁜손버릇'),
 (124,5,'Pickpocket'),
 (124,6,'Langfinger'),
 (124,7,'Hurto'),
 (124,8,'Arraffalesto'),
 (124,9,'Pickpocket'),
 (125,1,'ちからずく'),
 (125,3,'우격다짐'),
 (125,5,'Sans Limite'),
 (125,6,'Rohe Gewalt'),
 (125,7,'Potencia Bruta'),
 (125,8,'Forzabruta'),
 (125,9,'Sheer Force'),
 (126,1,'あまのじゃく'),
 (126,3,'심술꾸러기'),
 (126,5,'Contestation'),
 (126,6,'Umkehrung'),
 (126,7,'Respondón'),
 (126,8,'Inversione'),
 (126,9,'Contrary'),
 (127,1,'きんちょうかん'),
 (127,3,'긴장감'),
 (127,5,'Tension'),
 (127,6,'Anspannung'),
 (127,7,'Nerviosismo'),
 (127,8,'Agitazione'),
 (127,9,'Unnerve'),
 (128,1,'まけんき'),
 (128,3,'오기'),
 (128,5,'Acharné'),
 (128,6,'Siegeswille'),
 (128,7,'Competitivo'),
 (128,8,'Agonismo'),
 (128,9,'Defiant'),
 (129,1,'よわき'),
 (129,3,'무기력'),
 (129,5,'Défaitiste'),
 (129,6,'Schwächling'),
 (129,7,'Flaqueza'),
 (129,8,'Sconforto'),
 (129,9,'Defeatist'),
 (130,1,'のろわれボディ'),
 (130,3,'저주받은바디'),
 (130,5,'Corps Maudit'),
 (130,6,'Tastfluch'),
 (130,7,'Cuerpo Maldito'),
 (130,8,'Corpofunesto'),
 (130,9,'Cursed Body'),
 (131,1,'いやしのこころ'),
 (131,3,'치유의마음'),
 (131,5,'Cœur Soin'),
 (131,6,'Heilherz'),
 (131,7,'Alma Cura'),
 (131,8,'Curacuore'),
 (131,9,'Healer'),
 (132,1,'フレンドガード'),
 (132,3,'프렌드가드'),
 (132,5,'Garde Amie'),
 (132,6,'Freundeshut'),
 (132,7,'Compiescolta'),
 (132,8,'Amicoscudo'),
 (132,9,'Friend Guard'),
 (133,1,'くだけるよろい'),
 (133,3,'깨어진갑옷'),
 (133,5,'Armurouillée'),
 (133,6,'Bruchrüstung'),
 (133,7,'Armadura Frágil'),
 (133,8,'Sottilguscio'),
 (133,9,'Weak Armor'),
 (134,1,'ヘヴィメタル'),
 (134,3,'헤비메탈'),
 (134,5,'Heavy Metal'),
 (134,6,'Schwermetall'),
 (134,7,'Metal Pesado'),
 (134,8,'Metalpesante'),
 (134,9,'Heavy Metal'),
 (135,1,'ライトメタル'),
 (135,3,'라이트메탈'),
 (135,5,'Light Metal'),
 (135,6,'Leichtmetall'),
 (135,7,'Metal Liviano'),
 (135,8,'Metalleggero'),
 (135,9,'Light Metal'),
 (136,1,'マルチスケイル'),
 (136,3,'멀티스케일'),
 (136,5,'Multiécaille'),
 (136,6,'Multischuppe'),
 (136,7,'Compensación'),
 (136,8,'Multisquame'),
 (136,9,'Multiscale'),
 (137,1,'どくぼうそう'),
 (137,3,'독폭주'),
 (137,5,'Rage Poison'),
 (137,6,'Giftwahn'),
 (137,7,'Ímpetu Tóxico'),
 (137,8,'Velenimpeto'),
 (137,9,'Toxic Boost'),
 (138,1,'ねつぼうそう'),
 (138,3,'열폭주'),
 (138,5,'Rage Brûlure'),
 (138,6,'Hitzewahn'),
 (138,7,'Ímpetu Ardiente'),
 (138,8,'Bruciaimpeto'),
 (138,9,'Flare Boost'),
 (139,1,'しゅうかく'),
 (139,3,'수확'),
 (139,5,'Récolte'),
 (139,6,'Reiche Ernte'),
 (139,7,'Cosecha'),
 (139,8,'Coglibacche'),
 (139,9,'Harvest'),
 (140,1,'テレパシー'),
 (140,3,'텔레파시'),
 (140,5,'Télépathe'),
 (140,6,'Telepathie'),
 (140,7,'Telepatía'),
 (140,8,'Telepatia'),
 (140,9,'Telepathy'),
 (141,1,'ムラっけ'),
 (141,3,'변덕쟁이'),
 (141,5,'Lunatique'),
 (141,6,'Gefühlswippe'),
 (141,7,'Veleta'),
 (141,8,'Altalena'),
 (141,9,'Moody'),
 (142,1,'ぼうじん'),
 (142,3,'방진'),
 (142,5,'Envelocape'),
 (142,6,'Wetterfest'),
 (142,7,'Funda'),
 (142,8,'Copricapo'),
 (142,9,'Overcoat'),
 (143,1,'どくしゅ'),
 (143,3,'독수'),
 (143,5,'Toxitouche'),
 (143,6,'Giftgriff'),
 (143,7,'Toque Tóxico');
INSERT INTO [ability_names] (ability_id,local_language_id,[name]) VALUES 
 (143,8,'Velentocco'),
 (143,9,'Poison Touch'),
 (144,1,'さいせいりょく'),
 (144,3,'재생력'),
 (144,5,'Régé-Force'),
 (144,6,'Belebekraft'),
 (144,7,'Regeneración'),
 (144,8,'Rigenergia'),
 (144,9,'Regenerator'),
 (145,1,'はとむね'),
 (145,3,'부풀린가슴'),
 (145,5,'Cœur de Coq'),
 (145,6,'Brustbieter'),
 (145,7,'Sacapecho'),
 (145,8,'Pettinfuori'),
 (145,9,'Big Pecks'),
 (146,1,'すなかき'),
 (146,3,'모래헤치기'),
 (146,5,'Baigne Sable'),
 (146,6,'Sandscharrer'),
 (146,7,'Ímpetu Arena'),
 (146,8,'Remasabbia'),
 (146,9,'Sand Rush'),
 (147,1,'ミラクルスキン'),
 (147,3,'미라클스킨'),
 (147,5,'Peau Miracle'),
 (147,6,'Wunderhaut'),
 (147,7,'Piel Milagro'),
 (147,8,'Splendicute'),
 (147,9,'Wonder Skin'),
 (148,1,'アナライズ'),
 (148,3,'애널라이즈'),
 (148,5,'Analyste'),
 (148,6,'Analyse'),
 (148,7,'Cálculo Final'),
 (148,8,'Ponderazione'),
 (148,9,'Analytic'),
 (149,1,'イリュージョン'),
 (149,3,'일루전'),
 (149,5,'Illusion'),
 (149,6,'Trugbild'),
 (149,7,'Ilusión'),
 (149,8,'Illusione'),
 (149,9,'Illusion'),
 (150,1,'かわりもの'),
 (150,3,'괴짜'),
 (150,5,'Imposteur'),
 (150,6,'Doppelgänger'),
 (150,7,'Impostor'),
 (150,8,'Sosia'),
 (150,9,'Imposter'),
 (151,1,'すりぬけ'),
 (151,3,'틈새포착'),
 (151,5,'Infiltration'),
 (151,6,'Schwebedurch'),
 (151,7,'Allanamiento'),
 (151,8,'Intrapasso'),
 (151,9,'Infiltrator'),
 (152,1,'ミイラ'),
 (152,3,'미라'),
 (152,5,'Momie'),
 (152,6,'Mumie'),
 (152,7,'Momia'),
 (152,8,'Mummia'),
 (152,9,'Mummy'),
 (153,1,'じしんかじょう'),
 (153,3,'자기과신'),
 (153,5,'Impudence'),
 (153,6,'Hochmut'),
 (153,7,'Autoestima'),
 (153,8,'Arroganza'),
 (153,9,'Moxie'),
 (154,1,'せいぎのこころ'),
 (154,3,'정의의마음'),
 (154,5,'Cœur Noble'),
 (154,6,'Redlichkeit'),
 (154,7,'Justiciero'),
 (154,8,'Giustizia'),
 (154,9,'Justified'),
 (155,1,'びびり'),
 (155,3,'주눅'),
 (155,5,'Phobique'),
 (155,6,'Hasenfuß'),
 (155,7,'Cobardía'),
 (155,8,'Paura'),
 (155,9,'Rattled'),
 (156,1,'マジックミラー'),
 (156,3,'매직미러'),
 (156,5,'Miroir Magik'),
 (156,6,'Magiespiegel'),
 (156,7,'Espejo Mágico'),
 (156,8,'Magispecchio'),
 (156,9,'Magic Bounce'),
 (157,1,'そうしょく'),
 (157,3,'초식'),
 (157,5,'Herbivore'),
 (157,6,'Vegetarier'),
 (157,7,'Herbívoro'),
 (157,8,'Mangiaerba'),
 (157,9,'Sap Sipper'),
 (158,1,'いたずらごころ'),
 (158,3,'짓궂은마음'),
 (158,5,'Farceur'),
 (158,6,'Strolch'),
 (158,7,'Bromista'),
 (158,8,'Burla'),
 (158,9,'Prankster'),
 (159,1,'すなのちから'),
 (159,3,'모래의힘'),
 (159,5,'Force Sable'),
 (159,6,'Sandgewalt'),
 (159,7,'Poder Arena'),
 (159,8,'Silicoforza'),
 (159,9,'Sand Force'),
 (160,1,'てつのトゲ'),
 (160,3,'철가시'),
 (160,5,'Épine de Fer'),
 (160,6,'Eisenstachel'),
 (160,7,'Punta Acero'),
 (160,8,'Spineferrate'),
 (160,9,'Iron Barbs'),
 (161,1,'ダルマモード'),
 (161,3,'달마모드'),
 (161,5,'Mode Transe'),
 (161,6,'Trance-Modus'),
 (161,7,'Modo Daruma'),
 (161,8,'Stato Zen'),
 (161,9,'Zen Mode'),
 (162,1,'しょうりのほし'),
 (162,3,'승리의별'),
 (162,5,'Victorieux'),
 (162,6,'Triumphstern'),
 (162,7,'Tinovictoria'),
 (162,8,'Vittorstella'),
 (162,9,'Victory Star'),
 (163,1,'ターボブレイズ'),
 (163,3,'터보블레이즈'),
 (163,5,'TurboBrasier'),
 (163,6,'Turbobrand'),
 (163,7,'Turbollama'),
 (163,8,'Piroturbina'),
 (163,9,'Turboblaze'),
 (164,1,'テラボルテージ'),
 (164,3,'테라볼티지'),
 (164,5,'Téra-Voltage'),
 (164,6,'Teravolt'),
 (164,7,'Terravoltaje'),
 (164,8,'Teravolt'),
 (164,9,'Teravolt'),
 (165,1,'アロマベール'),
 (165,3,'아로마베일'),
 (165,5,'Aroma-Voile'),
 (165,6,'Dufthülle'),
 (165,7,'Velo Aroma'),
 (165,8,'Aromavelo'),
 (165,9,'Aroma Veil'),
 (166,1,'フラワーベール'),
 (166,3,'플라워베일'),
 (166,5,'Flora-Voile'),
 (166,6,'Blütenhülle'),
 (166,7,'Velo Flor'),
 (166,8,'Fiorvelo'),
 (166,9,'Flower Veil'),
 (167,1,'ほおぶくろ'),
 (167,3,'볼주머니'),
 (167,5,'Bajoues'),
 (167,6,'Backentaschen'),
 (167,7,'Carrillo'),
 (167,8,'Guancegonfie'),
 (167,9,'Cheek Pouch'),
 (168,1,'へんげんじざい'),
 (168,3,'변환자재'),
 (168,5,'Protéen'),
 (168,6,'Wandlungskunst'),
 (168,7,'Mutatipo'),
 (168,8,'Mutatipo'),
 (168,9,'Protean'),
 (169,1,'ファーコート'),
 (169,3,'퍼코트'),
 (169,5,'Toison Épaisse'),
 (169,6,'Fellkleid'),
 (169,7,'Pelaje Recio'),
 (169,8,'Foltopelo'),
 (169,9,'Fur Coat'),
 (170,1,'マジシャン'),
 (170,3,'매지션'),
 (170,5,'Magicien'),
 (170,6,'Zauberer'),
 (170,7,'Prestidigitador'),
 (170,8,'Prestigiatore'),
 (170,9,'Magician'),
 (171,1,'ぼうだん'),
 (171,3,'방탄'),
 (171,5,'Pare-Balles'),
 (171,6,'Kugelsicher'),
 (171,7,'Antibalas'),
 (171,8,'Antiproiettile'),
 (171,9,'Bulletproof'),
 (172,1,'かちき'),
 (172,3,'승기'),
 (172,5,'Battant'),
 (172,6,'Unbeugsamkeit'),
 (172,7,'Tenacidad'),
 (172,8,'Tenacia'),
 (172,9,'Competitive'),
 (173,1,'がんじょうあご'),
 (173,3,'옹골찬턱'),
 (173,5,'Prognathe'),
 (173,6,'Titankiefer'),
 (173,7,'Mandíbula Fuerte'),
 (173,8,'Ferromascella'),
 (173,9,'Strong Jaw'),
 (174,1,'フリーズスキン'),
 (174,3,'프리즈스킨'),
 (174,5,'Peau Gelée'),
 (174,6,'Frostschicht'),
 (174,7,'Piel Helada'),
 (174,8,'Pellegelo'),
 (174,9,'Refrigerate'),
 (175,1,'スイートベール'),
 (175,3,'스위트베일'),
 (175,5,'Gluco-Voile'),
 (175,6,'Zuckerhülle'),
 (175,7,'Velo Dulce'),
 (175,8,'Dolcevelo'),
 (175,9,'Sweet Veil'),
 (176,1,'バトルスイッチ'),
 (176,3,'배틀스위치'),
 (176,5,'Déclic Tactique'),
 (176,6,'Taktikwechsel'),
 (176,7,'Cambio Táctico'),
 (176,8,'Accendilotta'),
 (176,9,'Stance Change'),
 (177,1,'はやてのつばさ'),
 (177,3,'질풍날개'),
 (177,5,'Ailes Bourrasque'),
 (177,6,'Orkanschwingen'),
 (177,7,'Alas Vendaval'),
 (177,8,'Aliraffica'),
 (177,9,'Gale Wings'),
 (178,1,'メガランチャー'),
 (178,3,'메가런처'),
 (178,5,'Méga Blaster'),
 (178,6,'Megawumme'),
 (178,7,'Megadisparador'),
 (178,8,'Megalancio'),
 (178,9,'Mega Launcher'),
 (179,1,'くさのけがわ'),
 (179,3,'풀모피'),
 (179,5,'Toison Herbue'),
 (179,6,'Pflanzenpelz'),
 (179,7,'Manto Frondoso'),
 (179,8,'Peloderba'),
 (179,9,'Grass Pelt'),
 (180,1,'きょうせい'),
 (180,3,'공생'),
 (180,5,'Symbiose'),
 (180,6,'Nutznießer'),
 (180,7,'Simbiosis'),
 (180,8,'Simbiosi'),
 (180,9,'Symbiosis'),
 (181,1,'かたいツメ'),
 (181,3,'단단한발톱'),
 (181,5,'Griffe Dure'),
 (181,6,'Krallenwucht'),
 (181,7,'Garra Dura'),
 (181,8,'Unghiedure'),
 (181,9,'Tough Claws'),
 (182,1,'フェアリースキン'),
 (182,3,'페어리스킨'),
 (182,5,'Peau Féérique'),
 (182,6,'Feenschicht'),
 (182,7,'Piel Feérica'),
 (182,8,'Pellefolletto'),
 (182,9,'Pixilate'),
 (183,1,'ぬめぬめ'),
 (183,3,'미끈미끈'),
 (183,5,'Poisseux'),
 (183,6,'Viskosität'),
 (183,7,'Baba'),
 (183,8,'Viscosità'),
 (183,9,'Gooey'),
 (184,1,'スカイスキン'),
 (184,3,'스카이스킨'),
 (184,5,'Peau Céleste'),
 (184,6,'Zenithaut'),
 (184,7,'Piel Celeste'),
 (184,8,'Pellecielo'),
 (184,9,'Aerilate'),
 (185,1,'おやこあい'),
 (185,3,'부자유친'),
 (185,5,'Amour Filial'),
 (185,6,'Familienbande'),
 (185,7,'Amor Filial'),
 (185,8,'Amorefiliale'),
 (185,9,'Parental Bond'),
 (186,1,'ダークオーラ'),
 (186,3,'다크오라'),
 (186,5,'Aura Ténébreuse'),
 (186,6,'Dunkelaura'),
 (186,7,'Aura Oscura'),
 (186,8,'Auratetra'),
 (186,9,'Dark Aura'),
 (187,1,'フェアリーオーラ'),
 (187,3,'페어리오라'),
 (187,5,'Aura Féérique'),
 (187,6,'Feenaura'),
 (187,7,'Aura Feérica'),
 (187,8,'Aurafolletto'),
 (187,9,'Fairy Aura'),
 (188,1,'オーラブレイク'),
 (188,3,'오라브레이크'),
 (188,5,'Aura Inversée'),
 (188,6,'Aura-Umkehr'),
 (188,7,'Rompeaura'),
 (188,8,'Frangiaura'),
 (188,9,'Aura Break'),
 (189,1,'はじまりのうみ'),
 (189,3,'시작의바다'),
 (189,5,'Mer Primaire'),
 (189,6,'Urmeer'),
 (189,7,'Mar del Albor'),
 (189,8,'Mare Primordiale'),
 (189,9,'Primordial Sea'),
 (190,1,'おわりのだいち'),
 (190,3,'끝의대지'),
 (190,5,'Terre Finale'),
 (190,6,'Endland'),
 (190,7,'Tierra del Ocaso'),
 (190,8,'Terra Estrema'),
 (190,9,'Desolate Land'),
 (191,1,'デルタストリーム'),
 (191,3,'델타스트림'),
 (191,5,'Souffle Delta'),
 (191,6,'Delta-Wind'),
 (191,7,'Ráfaga Delta'),
 (191,8,'Flusso Delta'),
 (191,9,'Delta Stream'),
 (10001,9,'Mountaineer'),
 (10002,9,'Wave Rider'),
 (10003,9,'Skater'),
 (10004,9,'Thrust'),
 (10005,9,'Perception'),
 (10006,9,'Parry'),
 (10007,9,'Instinct'),
 (10008,9,'Dodge'),
 (10009,9,'Jagged Edge'),
 (10010,9,'Frostbite'),
 (10011,9,'Tenacity'),
 (10012,9,'Pride'),
 (10013,9,'Deep Sleep'),
 (10014,9,'Power Nap'),
 (10015,9,'Spirit'),
 (10016,9,'Warm Blanket'),
 (10017,9,'Gulp'),
 (10018,9,'Herbivore'),
 (10019,9,'Sandpit'),
 (10020,9,'Hot Blooded'),
 (10021,9,'Medic'),
 (10022,9,'Life Force'),
 (10023,9,'Lunchbox'),
 (10024,9,'Nurse'),
 (10025,9,'Melee'),
 (10026,9,'Sponge'),
 (10027,9,'Bodyguard'),
 (10028,9,'Hero'),
 (10029,9,'Last Bastion'),
 (10030,9,'Stealth'),
 (10031,9,'Vanguard'),
 (10032,9,'Nomad'),
 (10033,9,'Sequence'),
 (10034,9,'Grass Cloak'),
 (10035,9,'Celebrate'),
 (10036,9,'Lullaby'),
 (10037,9,'Calming'),
 (10038,9,'Daze'),
 (10039,9,'Frighten'),
 (10040,9,'Interference'),
 (10041,9,'Mood Maker'),
 (10042,9,'Confidence'),
 (10043,9,'Fortune'),
 (10044,9,'Bonanza'),
 (10045,9,'Explode'),
 (10046,9,'Omnipotent'),
 (10047,9,'Share'),
 (10048,9,'Black Hole'),
 (10049,9,'Shadow Dash'),
 (10050,9,'Sprint'),
 (10051,9,'Disgust'),
 (10052,9,'High-rise'),
 (10053,9,'Climber'),
 (10054,9,'Flame Boost'),
 (10055,9,'Aqua Boost'),
 (10056,9,'Run Up'),
 (10057,9,'Conqueror'),
 (10058,9,'Shackle'),
 (10059,9,'Decoy'),
 (10060,9,'Shield'),
 (57,10,'Plus'),
 (68,10,'Rojení'),
 (37,10,'Obrovská síla'),
 (42,10,'Magnetismus'),
 (61,10,'Svlékání kůže'),
 (66,10,'Žár'),
 (73,10,'Bílý kouř'),
 (53,10,'Sbírání'),
 (58,10,'Minus'),
 (11,10,'Pohlcení vody'),
 (69,10,'Kamenná hlava'),
 (16,10,'Změna barvy'),
 (74,10,'Ryzí síla'),
 (3,10,'Zrychlení'),
 (6,10,'Vlhkost'),
 (8,10,'Pískový plášť'),
 (27,10,'Výtrusy'),
 (32,10,'Ušlechtilost'),
 (7,10,'Pružnost'),
 (1,10,'Smrad'),
 (12,10,'Nevšímavost'),
 (19,10,'Štítový ptrach'),
 (22,10,'Zastrašení'),
 (24,10,'Drsná kůže'),
 (4,10,'Bojové brnění'),
 (43,10,'Hluchota'),
 (14,10,'Složené oči'),
 (48,10,'Ranní ptáče'),
 (23,10,'Znamení temna'),
 (17,10,'Imunita'),
 (28,10,'Synchronizace'),
 (35,10,'Osvětlení'),
 (38,10,'Jedovatý roh'),
 (40,10,'Lávové brnění'),
 (15,10,'Nespavost'),
 (2,10,'Mrholení'),
 (9,10,'Statika'),
 (20,10,'Vlastní tempo'),
 (59,10,'Předpověď'),
 (30,10,'Přírodní lék'),
 (64,10,'Hnusný sliz'),
 (39,10,'Soustředění'),
 (33,10,'Hbitá plavba'),
 (44,10,'Dešťová miska'),
 (51,10,'Bystré oko'),
 (54,10,'Ulejvání'),
 (13,10,'Sedmé nebe'),
 (56,10,'Roztomilost'),
 (31,10,'Hromosvod'),
 (18,10,'Náhlý požár'),
 (25,10,'Zázračný štít'),
 (36,10,'Kopírování'),
 (75,10,'Lasturoštít'),
 (46,10,'Tlak'),
 (5,10,'Robustnost'),
 (55,10,'Čilost'),
 (10,10,'Nabíjení'),
 (49,10,'Ohnivé tělo'),
 (60,10,'Ulepené ruce'),
 (67,10,'Záplava'),
 (70,10,'Vyprahlost'),
 (29,10,'Průsvitnost'),
 (72,10,'Neposednost'),
 (47,10,'Tlustý tuk'),
 (34,10,'Chlorofyl'),
 (41,10,'Vodní rouška'),
 (52,10,'Hyperřezač'),
 (62,10,'Kuráž'),
 (21,10,'Přísavky'),
 (71,10,'Past'),
 (26,10,'Levitace'),
 (65,10,'Přerůstání'),
 (76,10,'Vzdušný zámek'),
 (45,10,'Proud písku'),
 (63,10,'Zázračná šupina'),
 (50,10,'Útěk');